{"type":"FeatureCollection","features":[{"type":"Feature","properties":{"vogeId":1,"vogeName":"Aeugst am Albis"},"geometry":{"type":"Polygon","coordinates":[[[8.47723,47.2889],[8.49314,47.29264],[8.50681,47.2858],[8.50384,47.27314],[8.50293,47.26121],[8.49705,47.26156],[8.47244,47.26343],[8.47723,47.2889]]]}},{"type":"Feature","properties":{"vogeId":2,"vogeName":"Affoltern am Albis"},"geometry":{"type":"Polygon","coordinates":[[[8.41464,47.29348],[8.42858,47.30112],[8.45076,47.28884],[8.47663,47.29309],[8.47723,47.2889],[8.47244,47.26343],[8.44513,47.26635],[8.43589,47.28002],[8.42725,47.278],[8.41464,47.29348]]]}},{"type":"Feature","properties":{"vogeId":3,"vogeName":"Bonstetten"},"geometry":{"type":"Polygon","coordinates":[[[8.44979,47.33317],[8.45525,47.33492],[8.48403,47.32391],[8.49195,47.31235],[8.48216,47.30975],[8.48282,47.29721],[8.44131,47.31579],[8.45147,47.32659],[8.44979,47.33317]]]}},{"type":"Feature","properties":{"vogeId":4,"vogeName":"Hausen am Albis"},"geometry":{"type":"Polygon","coordinates":[[[8.50384,47.27314],[8.53526,47.26105],[8.57964,47.22107],[8.57889,47.2178],[8.57435,47.2168],[8.54327,47.22202],[8.53853,47.23326],[8.52235,47.23774],[8.51675,47.25123],[8.50293,47.26121],[8.50384,47.27314]]]}},{"type":"Feature","properties":{"vogeId":5,"vogeName":"Hedingen"},"geometry":{"type":"Polygon","coordinates":[[[8.43632,47.31523],[8.44131,47.31579],[8.48282,47.29721],[8.47663,47.29309],[8.45076,47.28884],[8.42858,47.30112],[8.43632,47.31523]]]}},{"type":"Feature","properties":{"vogeId":6,"vogeName":"Kappel am Albis"},"geometry":{"type":"Polygon","coordinates":[[[8.48486,47.23928],[8.51291,47.22918],[8.52235,47.23774],[8.53853,47.23326],[8.54327,47.22202],[8.49833,47.212],[8.48927,47.21074],[8.48535,47.21854],[8.49162,47.22684],[8.48184,47.23543],[8.48486,47.23928]]]}},{"type":"Feature","properties":{"vogeId":7,"vogeName":"Knonau"},"geometry":{"type":"Polygon","coordinates":[[[8.44635,47.22336],[8.43792,47.24358],[8.44858,47.24573],[8.48535,47.21854],[8.48927,47.21074],[8.47996,47.20858],[8.44635,47.22336]]]}},{"type":"Feature","properties":{"vogeId":8,"vogeName":"Maschwanden"},"geometry":{"type":"Polygon","coordinates":[[[8.43528,47.24763],[8.43792,47.24358],[8.44635,47.22336],[8.42172,47.22327],[8.41694,47.23361],[8.41721,47.2363],[8.41522,47.2384],[8.41685,47.24108],[8.41396,47.24379],[8.43528,47.24763]]]}},{"type":"Feature","properties":{"vogeId":9,"vogeName":"Mettmenstetten"},"geometry":{"type":"Polygon","coordinates":[[[8.44513,47.26635],[8.47244,47.26343],[8.49705,47.26156],[8.49141,47.25042],[8.47361,47.25401],[8.47259,47.2479],[8.48486,47.23928],[8.48184,47.23543],[8.49162,47.22684],[8.48535,47.21854],[8.44858,47.24573],[8.43792,47.24358],[8.43528,47.24763],[8.43234,47.25975],[8.44513,47.26635]]]}},{"type":"Feature","properties":{"vogeId":10,"vogeName":"Obfelden"},"geometry":{"type":"Polygon","coordinates":[[[8.40151,47.26822],[8.42716,47.27293],[8.42725,47.278],[8.43589,47.28002],[8.44513,47.26635],[8.43234,47.25975],[8.43528,47.24763],[8.41396,47.24379],[8.414,47.24603],[8.41086,47.24754],[8.4102,47.24845],[8.40463,47.25327],[8.40287,47.25582],[8.40563,47.25848],[8.40546,47.26117],[8.40232,47.26269],[8.401,47.26509],[8.40151,47.26822]]]}},{"type":"Feature","properties":{"vogeId":11,"vogeName":"Ottenbach"},"geometry":{"type":"Polygon","coordinates":[[[8.38856,47.29012],[8.41464,47.29348],[8.42725,47.278],[8.42716,47.27293],[8.40151,47.26822],[8.4027,47.27134],[8.40229,47.27344],[8.39893,47.27555],[8.39582,47.27856],[8.39166,47.28651],[8.38856,47.29012]]]}},{"type":"Feature","properties":{"vogeId":12,"vogeName":"Rifferswil"},"geometry":{"type":"Polygon","coordinates":[[[8.49705,47.26156],[8.50293,47.26121],[8.51675,47.25123],[8.52235,47.23774],[8.51291,47.22918],[8.48486,47.23928],[8.47259,47.2479],[8.47361,47.25401],[8.49141,47.25042],[8.49705,47.26156]]]}},{"type":"Feature","properties":{"vogeId":13,"vogeName":"Stallikon"},"geometry":{"type":"Polygon","coordinates":[[[8.47442,47.3537],[8.48686,47.35269],[8.5024,47.33718],[8.5032,47.32016],[8.50933,47.28727],[8.50681,47.2858],[8.49314,47.29264],[8.47723,47.2889],[8.47663,47.29309],[8.48282,47.29721],[8.48216,47.30975],[8.49195,47.31235],[8.48403,47.32391],[8.4793,47.33694],[8.46707,47.34869],[8.47442,47.3537]]]}},{"type":"Feature","properties":{"vogeId":14,"vogeName":"Wettswil am Albis"},"geometry":{"type":"Polygon","coordinates":[[[8.45525,47.33492],[8.46163,47.33665],[8.45503,47.34701],[8.46707,47.34869],[8.4793,47.33694],[8.48403,47.32391],[8.45525,47.33492]]]}},{"type":"Feature","properties":{"vogeId":21,"vogeName":"Adlikon"},"geometry":{"type":"Polygon","coordinates":[[[8.70103,47.59575],[8.71161,47.60041],[8.71809,47.60512],[8.72418,47.60266],[8.72502,47.59967],[8.71788,47.59616],[8.71874,47.59421],[8.72466,47.5943],[8.71949,47.58749],[8.73489,47.57508],[8.73069,47.57095],[8.71021,47.58028],[8.70295,47.57155],[8.67548,47.58334],[8.69065,47.59004],[8.70664,47.58315],[8.71154,47.58818],[8.70103,47.59575]]]}},{"type":"Feature","properties":{"vogeId":22,"vogeName":"Benken (ZH)"},"geometry":{"type":"Polygon","coordinates":[[[8.63375,47.66004],[8.67034,47.66577],[8.67211,47.65397],[8.65676,47.64025],[8.63816,47.64358],[8.63595,47.64658],[8.63375,47.66004]]]}},{"type":"Feature","properties":{"vogeId":23,"vogeName":"Berg am Irchel"},"geometry":{"type":"Polygon","coordinates":[[[8.61303,47.56817],[8.61731,47.56664],[8.61258,47.54803],[8.59733,47.54744],[8.56344,47.55762],[8.56882,47.57533],[8.61303,47.56817]]]}},{"type":"Feature","properties":{"vogeId":24,"vogeName":"Buch am Irchel"},"geometry":{"type":"Polygon","coordinates":[[[8.61731,47.56664],[8.63072,47.5659],[8.64965,47.55839],[8.6521,47.54613],[8.64205,47.544],[8.63463,47.52736],[8.62099,47.5375],[8.6123,47.53535],[8.59733,47.54744],[8.61258,47.54803],[8.61731,47.56664]]]}},{"type":"Feature","properties":{"vogeId":25,"vogeName":"Dachsen"},"geometry":{"type":"Polygon","coordinates":[[[8.60883,47.66701],[8.62193,47.67165],[8.63375,47.66004],[8.63595,47.64658],[8.62801,47.64801],[8.62565,47.65445],[8.60883,47.66701]]]}},{"type":"Feature","properties":{"vogeId":26,"vogeName":"Dorf"},"geometry":{"type":"Polygon","coordinates":[[[8.64915,47.58616],[8.6605,47.58529],[8.66383,47.56198],[8.64965,47.55839],[8.63072,47.5659],[8.64915,47.58616]]]}},{"type":"Feature","properties":{"vogeId":27,"vogeName":"Feuerthalen"},"geometry":{"type":"Polygon","coordinates":[[[8.63242,47.69228],[8.64455,47.6941],[8.65899,47.68783],[8.66941,47.68488],[8.66811,47.67774],[8.66013,47.67797],[8.63242,47.69228]]]}},{"type":"Feature","properties":{"vogeId":28,"vogeName":"Flaach"},"geometry":{"type":"Polygon","coordinates":[[[8.59427,47.59492],[8.61747,47.59409],[8.64041,47.59222],[8.64167,47.58758],[8.62823,47.58667],[8.61303,47.56817],[8.56882,47.57533],[8.58464,47.59144],[8.59427,47.59492]]]}},{"type":"Feature","properties":{"vogeId":29,"vogeName":"Flurlingen"},"geometry":{"type":"Polygon","coordinates":[[[8.62511,47.69176],[8.63242,47.69228],[8.66013,47.67797],[8.65277,47.67476],[8.6239,47.67834],[8.62511,47.69176]]]}},{"type":"Feature","properties":{"vogeId":30,"vogeName":"Andelfingen"},"geometry":{"type":"Polygon","coordinates":[[[8.69697,47.59759],[8.70103,47.59575],[8.71154,47.58818],[8.70664,47.58315],[8.69065,47.59004],[8.67548,47.58334],[8.6605,47.58529],[8.64915,47.58616],[8.64167,47.58758],[8.64041,47.59222],[8.64697,47.59036],[8.65271,47.59284],[8.66098,47.60588],[8.67055,47.60653],[8.68103,47.59716],[8.69697,47.59759]]]}},{"type":"Feature","properties":{"vogeId":31,"vogeName":"Henggart"},"geometry":{"type":"Polygon","coordinates":[[[8.69988,47.56681],[8.69797,47.56265],[8.68704,47.55248],[8.67949,47.55047],[8.6677,47.56194],[8.67677,47.57049],[8.69988,47.56681]]]}},{"type":"Feature","properties":{"vogeId":32,"vogeName":"Humlikon"},"geometry":{"type":"Polygon","coordinates":[[[8.6605,47.58529],[8.67548,47.58334],[8.70295,47.57155],[8.69988,47.56681],[8.67677,47.57049],[8.6677,47.56194],[8.66383,47.56198],[8.6605,47.58529]]]}},{"type":"Feature","properties":{"vogeId":33,"vogeName":"Kleinandelfingen"},"geometry":{"type":"Polygon","coordinates":[[[8.66653,47.6294],[8.68856,47.62708],[8.68875,47.61573],[8.70368,47.61154],[8.69697,47.59759],[8.68103,47.59716],[8.67055,47.60653],[8.66098,47.60588],[8.65271,47.59284],[8.64697,47.59036],[8.64041,47.59222],[8.61747,47.59409],[8.62878,47.60129],[8.6423,47.60518],[8.66453,47.61166],[8.66653,47.6294]]]}},{"type":"Feature","properties":{"vogeId":34,"vogeName":"Laufen-Uhwiesen"},"geometry":{"type":"Polygon","coordinates":[[[8.66013,47.67797],[8.66811,47.67774],[8.6774,47.66585],[8.67034,47.66577],[8.63375,47.66004],[8.62193,47.67165],[8.60883,47.66701],[8.60598,47.67196],[8.61388,47.67874],[8.6239,47.67834],[8.65277,47.67476],[8.66013,47.67797]]]}},{"type":"Feature","properties":{"vogeId":35,"vogeName":"Marthalen"},"geometry":{"type":"Polygon","coordinates":[[[8.63816,47.64358],[8.65676,47.64025],[8.66653,47.6294],[8.66453,47.61166],[8.6423,47.60518],[8.62878,47.60129],[8.61747,47.59409],[8.59427,47.59492],[8.59565,47.60566],[8.6035,47.61095],[8.6072,47.6033],[8.61979,47.60661],[8.61546,47.61635],[8.62977,47.62501],[8.62307,47.6309],[8.64027,47.63624],[8.63816,47.64358]]]}},{"type":"Feature","properties":{"vogeId":37,"vogeName":"Ossingen"},"geometry":{"type":"Polygon","coordinates":[[[8.68856,47.62708],[8.70332,47.62498],[8.70055,47.63321],[8.71242,47.63428],[8.72374,47.62207],[8.7446,47.62765],[8.74945,47.62133],[8.73956,47.60801],[8.74828,47.59239],[8.73953,47.58801],[8.73437,47.59135],[8.73402,47.59554],[8.72466,47.5943],[8.71874,47.59421],[8.71788,47.59616],[8.72502,47.59967],[8.72418,47.60266],[8.71809,47.60512],[8.71161,47.60041],[8.70103,47.59575],[8.69697,47.59759],[8.70368,47.61154],[8.68875,47.61573],[8.68856,47.62708]]]}},{"type":"Feature","properties":{"vogeId":38,"vogeName":"Rheinau"},"geometry":{"type":"Polygon","coordinates":[[[8.62801,47.64801],[8.63595,47.64658],[8.63816,47.64358],[8.64027,47.63624],[8.62307,47.6309],[8.62977,47.62501],[8.61546,47.61635],[8.61979,47.60661],[8.6072,47.6033],[8.6035,47.61095],[8.60431,47.61676],[8.59682,47.62833],[8.59578,47.64311],[8.60179,47.64693],[8.60441,47.65228],[8.60965,47.65222],[8.61389,47.64815],[8.61334,47.64413],[8.60596,47.64002],[8.60727,47.63733],[8.61525,47.63784],[8.62307,47.64134],[8.62801,47.64801]]]}},{"type":"Feature","properties":{"vogeId":39,"vogeName":"Thalheim an der Thur"},"geometry":{"type":"Polygon","coordinates":[[[8.74828,47.59239],[8.76195,47.59283],[8.76858,47.56709],[8.76018,47.56763],[8.75012,47.57461],[8.7416,47.57068],[8.73489,47.57508],[8.71949,47.58749],[8.72466,47.5943],[8.73402,47.59554],[8.73437,47.59135],[8.73953,47.58801],[8.74828,47.59239]]]}},{"type":"Feature","properties":{"vogeId":40,"vogeName":"Tr\u00fcllikon"},"geometry":{"type":"Polygon","coordinates":[[[8.67034,47.66577],[8.6774,47.66585],[8.68819,47.64991],[8.71715,47.64169],[8.71242,47.63428],[8.70055,47.63321],[8.70332,47.62498],[8.68856,47.62708],[8.66653,47.6294],[8.65676,47.64025],[8.67211,47.65397],[8.67034,47.66577]]]}},{"type":"Feature","properties":{"vogeId":41,"vogeName":"Truttikon"},"geometry":{"type":"Polygon","coordinates":[[[8.73174,47.64197],[8.74715,47.63867],[8.7446,47.62765],[8.72374,47.62207],[8.71242,47.63428],[8.71715,47.64169],[8.73174,47.64197]]]}},{"type":"Feature","properties":{"vogeId":43,"vogeName":"Volken"},"geometry":{"type":"Polygon","coordinates":[[[8.64167,47.58758],[8.64915,47.58616],[8.63072,47.5659],[8.61731,47.56664],[8.61303,47.56817],[8.62823,47.58667],[8.64167,47.58758]]]}},{"type":"Feature","properties":{"vogeId":51,"vogeName":"Bachenb\u00fclach"},"geometry":{"type":"Polygon","coordinates":[[[8.52245,47.49921],[8.55686,47.51485],[8.56361,47.51195],[8.56341,47.50255],[8.54651,47.49824],[8.53948,47.48771],[8.5231,47.49757],[8.52245,47.49921]]]}},{"type":"Feature","properties":{"vogeId":52,"vogeName":"Bassersdorf"},"geometry":{"type":"Polygon","coordinates":[[[8.60315,47.43933],[8.61217,47.4573],[8.62581,47.4582],[8.65843,47.43548],[8.65853,47.42025],[8.62858,47.42997],[8.60315,47.43933]]]}},{"type":"Feature","properties":{"vogeId":53,"vogeName":"B\u00fclach"},"geometry":{"type":"Polygon","coordinates":[[[8.52735,47.5608],[8.54847,47.54851],[8.56161,47.52481],[8.57534,47.51855],[8.57061,47.50965],[8.56361,47.51195],[8.55686,47.51485],[8.52245,47.49921],[8.51615,47.5133],[8.52233,47.51563],[8.5263,47.52052],[8.52406,47.52203],[8.51966,47.52939],[8.51745,47.54343],[8.52181,47.54548],[8.52915,47.5487],[8.52735,47.5608]]]}},{"type":"Feature","properties":{"vogeId":54,"vogeName":"Dietlikon"},"geometry":{"type":"Polygon","coordinates":[[[8.59627,47.43612],[8.60315,47.43933],[8.62858,47.42997],[8.62878,47.40863],[8.619,47.40723],[8.59627,47.43612]]]}},{"type":"Feature","properties":{"vogeId":55,"vogeName":"Eglisau"},"geometry":{"type":"Polygon","coordinates":[[[8.53723,47.58757],[8.5347,47.57551],[8.5465,47.5739],[8.5547,47.55278],[8.55397,47.5507],[8.54847,47.54851],[8.52735,47.5608],[8.52048,47.55833],[8.51685,47.57],[8.48423,47.57717],[8.49432,47.58095],[8.5164,47.5818],[8.51527,47.5933],[8.53723,47.58757]]]}},{"type":"Feature","properties":{"vogeId":56,"vogeName":"Embrach"},"geometry":{"type":"Polygon","coordinates":[[[8.5844,47.52757],[8.58966,47.52901],[8.59349,47.52763],[8.59482,47.52582],[8.59523,47.52373],[8.59955,47.52399],[8.60177,47.52158],[8.6045,47.52185],[8.60612,47.52317],[8.61018,47.52149],[8.6134,47.52325],[8.61767,47.52141],[8.63028,47.50591],[8.62854,47.49922],[8.60136,47.49263],[8.57363,47.49171],[8.57061,47.50965],[8.57534,47.51855],[8.5844,47.52757]]]}},{"type":"Feature","properties":{"vogeId":57,"vogeName":"Freienstein-Teufen"},"geometry":{"type":"Polygon","coordinates":[[[8.56344,47.55762],[8.59733,47.54744],[8.6123,47.53535],[8.60612,47.52317],[8.6045,47.52185],[8.60177,47.52158],[8.59955,47.52399],[8.59523,47.52373],[8.59482,47.52582],[8.59349,47.52763],[8.58966,47.52901],[8.5844,47.52757],[8.58037,47.5303],[8.58068,47.53417],[8.5782,47.53509],[8.57432,47.53453],[8.5705,47.53666],[8.56964,47.53876],[8.56603,47.53999],[8.5654,47.54268],[8.56337,47.54359],[8.56342,47.54583],[8.56232,47.54734],[8.55846,47.54767],[8.55397,47.5507],[8.5547,47.55278],[8.56344,47.55762]]]}},{"type":"Feature","properties":{"vogeId":58,"vogeName":"Glattfelden"},"geometry":{"type":"Polygon","coordinates":[[[8.46412,47.57212],[8.4728,47.57428],[8.48423,47.57717],[8.51685,47.57],[8.52048,47.55833],[8.52735,47.5608],[8.52915,47.5487],[8.52181,47.54548],[8.51745,47.54343],[8.5037,47.53819],[8.50016,47.543],[8.47228,47.55922],[8.46309,47.55407],[8.45654,47.55667],[8.46785,47.56508],[8.46412,47.57212]]]}},{"type":"Feature","properties":{"vogeId":59,"vogeName":"Hochfelden"},"geometry":{"type":"Polygon","coordinates":[[[8.50016,47.543],[8.5037,47.53819],[8.51745,47.54343],[8.51966,47.52939],[8.52406,47.52203],[8.5263,47.52052],[8.52233,47.51563],[8.51615,47.5133],[8.49335,47.52082],[8.49077,47.52816],[8.50016,47.543]]]}},{"type":"Feature","properties":{"vogeId":60,"vogeName":"H\u00f6ri"},"geometry":{"type":"Polygon","coordinates":[[[8.49335,47.52082],[8.51615,47.5133],[8.52245,47.49921],[8.5231,47.49757],[8.5192,47.49566],[8.51068,47.50111],[8.48653,47.49775],[8.48104,47.50706],[8.49335,47.52082]]]}},{"type":"Feature","properties":{"vogeId":61,"vogeName":"H\u00fcntwangen"},"geometry":{"type":"Polygon","coordinates":[[[8.48478,47.60477],[8.4939,47.60543],[8.51527,47.5933],[8.5164,47.5818],[8.49432,47.58095],[8.48717,47.58744],[8.4799,47.59974],[8.48478,47.60477]]]}},{"type":"Feature","properties":{"vogeId":62,"vogeName":"Kloten"},"geometry":{"type":"Polygon","coordinates":[[[8.61065,47.48134],[8.61727,47.47262],[8.62548,47.47418],[8.63253,47.46425],[8.62581,47.4582],[8.61217,47.4573],[8.60315,47.43933],[8.59627,47.43612],[8.59242,47.43616],[8.55484,47.44055],[8.54493,47.45498],[8.55448,47.46667],[8.57951,47.48001],[8.59762,47.46685],[8.61065,47.48134]]]}},{"type":"Feature","properties":{"vogeId":63,"vogeName":"Lufingen"},"geometry":{"type":"Polygon","coordinates":[[[8.57363,47.49171],[8.60136,47.49263],[8.61065,47.48134],[8.59762,47.46685],[8.57951,47.48001],[8.57363,47.49171]]]}},{"type":"Feature","properties":{"vogeId":64,"vogeName":"N\u00fcrensdorf"},"geometry":{"type":"Polygon","coordinates":[[[8.62548,47.47418],[8.63513,47.479],[8.65244,47.47136],[8.67308,47.46055],[8.6788,47.45287],[8.66325,47.44781],[8.65843,47.43548],[8.62581,47.4582],[8.63253,47.46425],[8.62548,47.47418]]]}},{"type":"Feature","properties":{"vogeId":65,"vogeName":"Oberembrach"},"geometry":{"type":"Polygon","coordinates":[[[8.63028,47.50591],[8.65826,47.49742],[8.66036,47.49008],[8.65244,47.47136],[8.63513,47.479],[8.62548,47.47418],[8.61727,47.47262],[8.61065,47.48134],[8.60136,47.49263],[8.62854,47.49922],[8.63028,47.50591]]]}},{"type":"Feature","properties":{"vogeId":66,"vogeName":"Opfikon"},"geometry":{"type":"Polygon","coordinates":[[[8.55484,47.44055],[8.59242,47.43616],[8.58875,47.4241],[8.57369,47.41993],[8.56339,47.4157],[8.5542,47.42071],[8.55532,47.4307],[8.55484,47.44055]]]}},{"type":"Feature","properties":{"vogeId":67,"vogeName":"Rafz"},"geometry":{"type":"Polygon","coordinates":[[[8.51652,47.63208],[8.53998,47.63231],[8.5435,47.62646],[8.55921,47.62661],[8.567,47.61817],[8.5756,47.61555],[8.57889,47.60955],[8.57063,47.60665],[8.56296,47.59941],[8.55678,47.59738],[8.54551,47.59197],[8.52779,47.60437],[8.51652,47.63208]]]}},{"type":"Feature","properties":{"vogeId":68,"vogeName":"Rorbas"},"geometry":{"type":"Polygon","coordinates":[[[8.54847,47.54851],[8.55397,47.5507],[8.55846,47.54767],[8.56232,47.54734],[8.56342,47.54583],[8.56337,47.54359],[8.5654,47.54268],[8.56603,47.53999],[8.56964,47.53876],[8.5705,47.53666],[8.57432,47.53453],[8.5782,47.53509],[8.58068,47.53417],[8.58037,47.5303],[8.5844,47.52757],[8.57534,47.51855],[8.56161,47.52481],[8.54847,47.54851]]]}},{"type":"Feature","properties":{"vogeId":69,"vogeName":"Wallisellen"},"geometry":{"type":"Polygon","coordinates":[[[8.59242,47.43616],[8.59627,47.43612],[8.619,47.40723],[8.59766,47.40611],[8.58863,47.40799],[8.57351,47.41127],[8.57369,47.41993],[8.58875,47.4241],[8.59242,47.43616]]]}},{"type":"Feature","properties":{"vogeId":70,"vogeName":"Wasterkingen"},"geometry":{"type":"Polygon","coordinates":[[[8.47784,47.61065],[8.48478,47.60477],[8.4799,47.59974],[8.48717,47.58744],[8.46821,47.58388],[8.46056,47.58842],[8.45673,47.60233],[8.47784,47.61065]]]}},{"type":"Feature","properties":{"vogeId":71,"vogeName":"Wil (ZH)"},"geometry":{"type":"Polygon","coordinates":[[[8.47784,47.61065],[8.48317,47.61538],[8.50825,47.61754],[8.51652,47.63208],[8.52779,47.60437],[8.54551,47.59197],[8.53723,47.58757],[8.51527,47.5933],[8.4939,47.60543],[8.48478,47.60477],[8.47784,47.61065]]]}},{"type":"Feature","properties":{"vogeId":72,"vogeName":"Winkel"},"geometry":{"type":"Polygon","coordinates":[[[8.56361,47.51195],[8.57061,47.50965],[8.57363,47.49171],[8.57951,47.48001],[8.55448,47.46667],[8.55135,47.46894],[8.53948,47.48771],[8.54651,47.49824],[8.56341,47.50255],[8.56361,47.51195]]]}},{"type":"Feature","properties":{"vogeId":81,"vogeName":"Bachs"},"geometry":{"type":"Polygon","coordinates":[[[8.41745,47.54566],[8.4405,47.53816],[8.46143,47.51529],[8.4543,47.51102],[8.42285,47.51801],[8.4193,47.52237],[8.41666,47.52732],[8.40268,47.53325],[8.39961,47.53955],[8.41745,47.54566]]]}},{"type":"Feature","properties":{"vogeId":82,"vogeName":"Boppelsen"},"geometry":{"type":"Polygon","coordinates":[[[8.39334,47.48185],[8.40607,47.48219],[8.40829,47.47948],[8.41668,47.47896],[8.4206,47.46983],[8.42021,47.46132],[8.41834,47.45791],[8.38929,47.47084],[8.39334,47.48185]]]}},{"type":"Feature","properties":{"vogeId":83,"vogeName":"Buchs (ZH)"},"geometry":{"type":"Polygon","coordinates":[[[8.4206,47.46983],[8.42671,47.46903],[8.46088,47.46321],[8.46354,47.45961],[8.44085,47.44802],[8.41955,47.44984],[8.41707,47.45061],[8.41834,47.45791],[8.42021,47.46132],[8.4206,47.46983]]]}},{"type":"Feature","properties":{"vogeId":84,"vogeName":"D\u00e4llikon"},"geometry":{"type":"Polygon","coordinates":[[[8.41955,47.44984],[8.44085,47.44802],[8.45154,47.43748],[8.44456,47.42828],[8.41836,47.43433],[8.41587,47.43465],[8.41955,47.44984]]]}},{"type":"Feature","properties":{"vogeId":85,"vogeName":"D\u00e4nikon"},"geometry":{"type":"Polygon","coordinates":[[[8.38846,47.45025],[8.41707,47.45061],[8.41955,47.44984],[8.41587,47.43465],[8.40208,47.43775],[8.38846,47.45025]]]}},{"type":"Feature","properties":{"vogeId":86,"vogeName":"Dielsdorf"},"geometry":{"type":"Polygon","coordinates":[[[8.44698,47.48438],[8.47547,47.4895],[8.46088,47.46321],[8.42671,47.46903],[8.44209,47.47755],[8.44698,47.48438]]]}},{"type":"Feature","properties":{"vogeId":87,"vogeName":"H\u00fcttikon"},"geometry":{"type":"Polygon","coordinates":[[[8.38846,47.45025],[8.40208,47.43775],[8.38388,47.43462],[8.37908,47.4457],[8.38846,47.45025]]]}},{"type":"Feature","properties":{"vogeId":88,"vogeName":"Neerach"},"geometry":{"type":"Polygon","coordinates":[[[8.49077,47.52816],[8.49335,47.52082],[8.48104,47.50706],[8.48653,47.49775],[8.47579,47.49427],[8.46399,47.49467],[8.4543,47.51102],[8.46143,47.51529],[8.49077,47.52816]]]}},{"type":"Feature","properties":{"vogeId":89,"vogeName":"Niederglatt"},"geometry":{"type":"Polygon","coordinates":[[[8.48653,47.49775],[8.51068,47.50111],[8.5192,47.49566],[8.50077,47.4827],[8.4755,47.49129],[8.47579,47.49427],[8.48653,47.49775]]]}},{"type":"Feature","properties":{"vogeId":90,"vogeName":"Niederhasli"},"geometry":{"type":"Polygon","coordinates":[[[8.47547,47.4895],[8.4755,47.49129],[8.50077,47.4827],[8.50885,47.46636],[8.52301,47.4707],[8.52446,47.46383],[8.50026,47.44569],[8.48508,47.45867],[8.46354,47.45961],[8.46088,47.46321],[8.47547,47.4895]]]}},{"type":"Feature","properties":{"vogeId":91,"vogeName":"Niederweningen"},"geometry":{"type":"Polygon","coordinates":[[[8.38669,47.52891],[8.39212,47.52767],[8.37813,47.48167],[8.37335,47.48141],[8.36313,47.4809],[8.36113,47.51001],[8.37708,47.51242],[8.38669,47.52891]]]}},{"type":"Feature","properties":{"vogeId":92,"vogeName":"Oberglatt"},"geometry":{"type":"Polygon","coordinates":[[[8.5192,47.49566],[8.5231,47.49757],[8.53948,47.48771],[8.55135,47.46894],[8.52446,47.46383],[8.52301,47.4707],[8.50885,47.46636],[8.50077,47.4827],[8.5192,47.49566]]]}},{"type":"Feature","properties":{"vogeId":93,"vogeName":"Oberweningen"},"geometry":{"type":"Polygon","coordinates":[[[8.39688,47.52703],[8.40268,47.53325],[8.41666,47.52732],[8.4193,47.52237],[8.40771,47.52262],[8.41363,47.48585],[8.41289,47.48258],[8.40607,47.48219],[8.39688,47.52703]]]}},{"type":"Feature","properties":{"vogeId":94,"vogeName":"Otelfingen"},"geometry":{"type":"Polygon","coordinates":[[[8.37813,47.48167],[8.39334,47.48185],[8.38929,47.47084],[8.41834,47.45791],[8.41707,47.45061],[8.38846,47.45025],[8.36583,47.46685],[8.37522,47.47125],[8.37335,47.48141],[8.37813,47.48167]]]}},{"type":"Feature","properties":{"vogeId":95,"vogeName":"Regensberg"},"geometry":{"type":"Polygon","coordinates":[[[8.40607,47.48219],[8.41289,47.48258],[8.44698,47.48438],[8.44209,47.47755],[8.42671,47.46903],[8.4206,47.46983],[8.41668,47.47896],[8.40829,47.47948],[8.40607,47.48219]]]}},{"type":"Feature","properties":{"vogeId":96,"vogeName":"Regensdorf"},"geometry":{"type":"Polygon","coordinates":[[[8.44085,47.44802],[8.46354,47.45961],[8.48508,47.45867],[8.50026,47.44569],[8.50186,47.43479],[8.4858,47.42568],[8.47318,47.41863],[8.46253,47.41887],[8.45327,47.42119],[8.44456,47.42828],[8.45154,47.43748],[8.44085,47.44802]]]}},{"type":"Feature","properties":{"vogeId":97,"vogeName":"R\u00fcmlang"},"geometry":{"type":"Polygon","coordinates":[[[8.55135,47.46894],[8.55448,47.46667],[8.54493,47.45498],[8.55484,47.44055],[8.55532,47.4307],[8.52791,47.43275],[8.50186,47.43479],[8.50026,47.44569],[8.52446,47.46383],[8.55135,47.46894]]]}},{"type":"Feature","properties":{"vogeId":98,"vogeName":"Schleinikon"},"geometry":{"type":"Polygon","coordinates":[[[8.39212,47.52767],[8.39688,47.52703],[8.40607,47.48219],[8.39334,47.48185],[8.37813,47.48167],[8.39212,47.52767]]]}},{"type":"Feature","properties":{"vogeId":99,"vogeName":"Sch\u00f6fflisdorf"},"geometry":{"type":"Polygon","coordinates":[[[8.4193,47.52237],[8.42285,47.51801],[8.43296,47.49972],[8.42414,47.48965],[8.41363,47.48585],[8.40771,47.52262],[8.4193,47.52237]]]}},{"type":"Feature","properties":{"vogeId":100,"vogeName":"Stadel"},"geometry":{"type":"Polygon","coordinates":[[[8.45654,47.55667],[8.46309,47.55407],[8.47228,47.55922],[8.50016,47.543],[8.49077,47.52816],[8.46143,47.51529],[8.4405,47.53816],[8.45654,47.55667]]]}},{"type":"Feature","properties":{"vogeId":101,"vogeName":"Steinmaur"},"geometry":{"type":"Polygon","coordinates":[[[8.42285,47.51801],[8.4543,47.51102],[8.46399,47.49467],[8.47579,47.49427],[8.4755,47.49129],[8.47547,47.4895],[8.44698,47.48438],[8.41289,47.48258],[8.41363,47.48585],[8.42414,47.48965],[8.43296,47.49972],[8.42285,47.51801]]]}},{"type":"Feature","properties":{"vogeId":102,"vogeName":"Weiach"},"geometry":{"type":"Polygon","coordinates":[[[8.42582,47.56783],[8.43741,47.56698],[8.46412,47.57212],[8.46785,47.56508],[8.45654,47.55667],[8.4405,47.53816],[8.41745,47.54566],[8.41865,47.56147],[8.42582,47.56783]]]}},{"type":"Feature","properties":{"vogeId":111,"vogeName":"B\u00e4retswil"},"geometry":{"type":"Polygon","coordinates":[[[8.85691,47.36516],[8.88284,47.35215],[8.90792,47.34959],[8.91341,47.32699],[8.88821,47.31626],[8.84411,47.32666],[8.82339,47.33989],[8.82147,47.34454],[8.85322,47.35446],[8.85691,47.36516]]]}},{"type":"Feature","properties":{"vogeId":112,"vogeName":"Bubikon"},"geometry":{"type":"Polygon","coordinates":[[[8.8122,47.29212],[8.82522,47.27957],[8.83608,47.26228],[8.82831,47.25043],[8.80903,47.24797],[8.7957,47.24873],[8.78098,47.26562],[8.7925,47.27399],[8.8122,47.29212]]]}},{"type":"Feature","properties":{"vogeId":113,"vogeName":"D\u00fcrnten"},"geometry":{"type":"Polygon","coordinates":[[[8.82522,47.27957],[8.8386,47.28956],[8.85467,47.28101],[8.87384,47.28704],[8.89036,47.27877],[8.88925,47.27132],[8.83608,47.26228],[8.82522,47.27957]]]}},{"type":"Feature","properties":{"vogeId":114,"vogeName":"Fischenthal"},"geometry":{"type":"Polygon","coordinates":[[[8.94355,47.37585],[8.97329,47.34621],[8.98497,47.31933],[8.97511,47.30708],[8.96171,47.31367],[8.90979,47.31061],[8.88821,47.31626],[8.91341,47.32699],[8.90792,47.34959],[8.93734,47.37265],[8.94355,47.37585]]]}},{"type":"Feature","properties":{"vogeId":115,"vogeName":"Gossau (ZH)"},"geometry":{"type":"Polygon","coordinates":[[[8.7572,47.32843],[8.76354,47.32836],[8.80913,47.29618],[8.8122,47.29212],[8.7925,47.27399],[8.7898,47.27447],[8.7885,47.27687],[8.78992,47.27939],[8.78702,47.28077],[8.76289,47.29299],[8.73742,47.28791],[8.729,47.29532],[8.74036,47.29713],[8.72819,47.30861],[8.74073,47.3219],[8.7572,47.32843]]]}},{"type":"Feature","properties":{"vogeId":116,"vogeName":"Gr\u00fcningen"},"geometry":{"type":"Polygon","coordinates":[[[8.73647,47.28628],[8.73742,47.28791],[8.76289,47.29299],[8.78702,47.28077],[8.78992,47.27939],[8.7885,47.27687],[8.7898,47.27447],[8.7925,47.27399],[8.78098,47.26562],[8.74665,47.2678],[8.73647,47.28628]]]}},{"type":"Feature","properties":{"vogeId":117,"vogeName":"Hinwil"},"geometry":{"type":"Polygon","coordinates":[[[8.84411,47.32666],[8.88821,47.31626],[8.90979,47.31061],[8.88777,47.3003],[8.89036,47.27877],[8.87384,47.28704],[8.85467,47.28101],[8.8386,47.28956],[8.82522,47.27957],[8.8122,47.29212],[8.80913,47.29618],[8.81377,47.30046],[8.8045,47.30982],[8.81829,47.31786],[8.83895,47.3112],[8.84411,47.32666]]]}},{"type":"Feature","properties":{"vogeId":118,"vogeName":"R\u00fcti (ZH)"},"geometry":{"type":"Polygon","coordinates":[[[8.83608,47.26228],[8.88925,47.27132],[8.90482,47.27008],[8.9056,47.26544],[8.88639,47.25748],[8.88513,47.25272],[8.87023,47.24529],[8.82831,47.25043],[8.83608,47.26228]]]}},{"type":"Feature","properties":{"vogeId":119,"vogeName":"Seegr\u00e4ben"},"geometry":{"type":"Polygon","coordinates":[[[8.75704,47.34962],[8.7712,47.35394],[8.78773,47.34494],[8.78159,47.33471],[8.76354,47.32836],[8.7572,47.32843],[8.75534,47.33561],[8.75704,47.34962]]]}},{"type":"Feature","properties":{"vogeId":120,"vogeName":"Wald (ZH)"},"geometry":{"type":"Polygon","coordinates":[[[8.90979,47.31061],[8.96171,47.31367],[8.97511,47.30708],[8.95715,47.30448],[8.93606,47.28684],[8.94856,47.28086],[8.93577,47.26058],[8.88513,47.25272],[8.88639,47.25748],[8.9056,47.26544],[8.90482,47.27008],[8.88925,47.27132],[8.89036,47.27877],[8.88777,47.3003],[8.90979,47.31061]]]}},{"type":"Feature","properties":{"vogeId":121,"vogeName":"Wetzikon (ZH)"},"geometry":{"type":"Polygon","coordinates":[[[8.78773,47.34494],[8.79575,47.33962],[8.82339,47.33989],[8.84411,47.32666],[8.83895,47.3112],[8.81829,47.31786],[8.8045,47.30982],[8.81377,47.30046],[8.80913,47.29618],[8.76354,47.32836],[8.78159,47.33471],[8.78773,47.34494]]]}},{"type":"Feature","properties":{"vogeId":131,"vogeName":"Adliswil"},"geometry":{"type":"Polygon","coordinates":[[[8.5032,47.32016],[8.52142,47.32566],[8.53623,47.33015],[8.54011,47.30996],[8.53064,47.3005],[8.50933,47.28727],[8.5032,47.32016]]]}},{"type":"Feature","properties":{"vogeId":135,"vogeName":"Kilchberg (ZH)"},"geometry":{"type":"Polygon","coordinates":[[[8.53623,47.33015],[8.54291,47.3356],[8.54781,47.33183],[8.5559,47.31802],[8.54011,47.30996],[8.53623,47.33015]]]}},{"type":"Feature","properties":{"vogeId":136,"vogeName":"Langnau am Albis"},"geometry":{"type":"Polygon","coordinates":[[[8.53064,47.3005],[8.5347,47.29971],[8.54226,47.29352],[8.54516,47.29111],[8.54667,47.28751],[8.54476,47.28275],[8.54676,47.28094],[8.55167,47.27791],[8.55089,47.27284],[8.53526,47.26105],[8.50384,47.27314],[8.50681,47.2858],[8.50933,47.28727],[8.53064,47.3005]]]}},{"type":"Feature","properties":{"vogeId":137,"vogeName":"Oberrieden"},"geometry":{"type":"Polygon","coordinates":[[[8.55428,47.27281],[8.58096,47.28285],[8.5844,47.27475],[8.58863,47.27128],[8.57466,47.26336],[8.55762,47.27039],[8.55428,47.27281]]]}},{"type":"Feature","properties":{"vogeId":138,"vogeName":"Richterswil"},"geometry":{"type":"Polygon","coordinates":[[[8.69128,47.2214],[8.70113,47.21727],[8.71434,47.20294],[8.68114,47.1836],[8.66181,47.18754],[8.67048,47.20118],[8.69128,47.2214]]]}},{"type":"Feature","properties":{"vogeId":139,"vogeName":"R\u00fcschlikon"},"geometry":{"type":"Polygon","coordinates":[[[8.54011,47.30996],[8.5559,47.31802],[8.56127,47.30408],[8.54226,47.29352],[8.5347,47.29971],[8.53064,47.3005],[8.54011,47.30996]]]}},{"type":"Feature","properties":{"vogeId":141,"vogeName":"Thalwil"},"geometry":{"type":"Polygon","coordinates":[[[8.54226,47.29352],[8.56127,47.30408],[8.57216,47.29487],[8.58096,47.28285],[8.55428,47.27281],[8.55089,47.27284],[8.55167,47.27791],[8.54676,47.28094],[8.54476,47.28275],[8.54667,47.28751],[8.54516,47.29111],[8.54226,47.29352]]]}},{"type":"Feature","properties":{"vogeId":151,"vogeName":"Erlenbach (ZH)"},"geometry":{"type":"Polygon","coordinates":[[[8.58646,47.30712],[8.62555,47.31449],[8.63197,47.308],[8.61269,47.30611],[8.59839,47.29387],[8.58646,47.30712]]]}},{"type":"Feature","properties":{"vogeId":152,"vogeName":"Herrliberg"},"geometry":{"type":"Polygon","coordinates":[[[8.65466,47.31045],[8.6562,47.3082],[8.66258,47.30052],[8.64145,47.28641],[8.60924,47.28271],[8.59839,47.29387],[8.61269,47.30611],[8.63197,47.308],[8.65466,47.31045]]]}},{"type":"Feature","properties":{"vogeId":153,"vogeName":"Hombrechtikon"},"geometry":{"type":"Polygon","coordinates":[[[8.74665,47.2678],[8.78098,47.26562],[8.7957,47.24873],[8.80903,47.24797],[8.79634,47.23812],[8.79316,47.23771],[8.78743,47.23465],[8.77432,47.23465],[8.73021,47.26142],[8.74665,47.2678]]]}},{"type":"Feature","properties":{"vogeId":154,"vogeName":"K\u00fcsnacht (ZH)"},"geometry":{"type":"Polygon","coordinates":[[[8.57046,47.33205],[8.60291,47.33486],[8.62934,47.32176],[8.64628,47.32994],[8.65466,47.31045],[8.63197,47.308],[8.62555,47.31449],[8.58646,47.30712],[8.58045,47.31196],[8.57695,47.31766],[8.57659,47.32214],[8.57046,47.33205]]]}},{"type":"Feature","properties":{"vogeId":155,"vogeName":"M\u00e4nnedorf"},"geometry":{"type":"Polygon","coordinates":[[[8.69679,47.27284],[8.7138,47.26534],[8.7088,47.24539],[8.6895,47.25142],[8.68417,47.25581],[8.67788,47.25737],[8.69679,47.27284]]]}},{"type":"Feature","properties":{"vogeId":156,"vogeName":"Meilen"},"geometry":{"type":"Polygon","coordinates":[[[8.66258,47.30052],[8.68371,47.28432],[8.66665,47.26092],[8.62865,47.27072],[8.61456,47.27773],[8.60924,47.28271],[8.64145,47.28641],[8.66258,47.30052]]]}},{"type":"Feature","properties":{"vogeId":157,"vogeName":"Oetwil am See"},"geometry":{"type":"Polygon","coordinates":[[[8.69105,47.27902],[8.73647,47.28628],[8.74665,47.2678],[8.73021,47.26142],[8.7138,47.26534],[8.69679,47.27284],[8.69105,47.27902]]]}},{"type":"Feature","properties":{"vogeId":158,"vogeName":"St\u00e4fa"},"geometry":{"type":"Polygon","coordinates":[[[8.7138,47.26534],[8.73021,47.26142],[8.77432,47.23465],[8.7596,47.23348],[8.73564,47.23345],[8.71386,47.23966],[8.7088,47.24539],[8.7138,47.26534]]]}},{"type":"Feature","properties":{"vogeId":159,"vogeName":"Uetikon am See"},"geometry":{"type":"Polygon","coordinates":[[[8.68371,47.28432],[8.69105,47.27902],[8.69679,47.27284],[8.67788,47.25737],[8.66665,47.26092],[8.68371,47.28432]]]}},{"type":"Feature","properties":{"vogeId":160,"vogeName":"Zumikon"},"geometry":{"type":"Polygon","coordinates":[[[8.60291,47.33486],[8.62634,47.34985],[8.64628,47.32994],[8.62934,47.32176],[8.60291,47.33486]]]}},{"type":"Feature","properties":{"vogeId":161,"vogeName":"Zollikon"},"geometry":{"type":"Polygon","coordinates":[[[8.62485,47.35434],[8.62634,47.34985],[8.60291,47.33486],[8.57046,47.33205],[8.56695,47.33746],[8.56616,47.34254],[8.56282,47.34571],[8.56623,47.34627],[8.56987,47.34668],[8.58941,47.34948],[8.62485,47.35434]]]}},{"type":"Feature","properties":{"vogeId":172,"vogeName":"Fehraltorf"},"geometry":{"type":"Polygon","coordinates":[[[8.73093,47.3938],[8.73159,47.40215],[8.75229,47.4049],[8.77624,47.38358],[8.75513,47.36397],[8.7282,47.38398],[8.73093,47.3938]]]}},{"type":"Feature","properties":{"vogeId":173,"vogeName":"Hittnau"},"geometry":{"type":"Polygon","coordinates":[[[8.83801,47.38763],[8.85691,47.36516],[8.85322,47.35446],[8.82147,47.34454],[8.80324,47.37536],[8.83801,47.38763]]]}},{"type":"Feature","properties":{"vogeId":176,"vogeName":"Lindau"},"geometry":{"type":"Polygon","coordinates":[[[8.67308,47.46055],[8.69962,47.46966],[8.70637,47.46675],[8.70374,47.45171],[8.70959,47.44985],[8.70435,47.43931],[8.6816,47.43687],[8.6718,47.41534],[8.66974,47.41446],[8.65853,47.42025],[8.65843,47.43548],[8.66325,47.44781],[8.6788,47.45287],[8.67308,47.46055]]]}},{"type":"Feature","properties":{"vogeId":177,"vogeName":"Pf\u00e4ffikon"},"geometry":{"type":"Polygon","coordinates":[[[8.81726,47.40041],[8.84117,47.3958],[8.83801,47.38763],[8.80324,47.37536],[8.82147,47.34454],[8.82339,47.33989],[8.79575,47.33962],[8.78773,47.34494],[8.7712,47.35394],[8.75704,47.34962],[8.75513,47.36397],[8.77624,47.38358],[8.80917,47.38573],[8.81726,47.40041]]]}},{"type":"Feature","properties":{"vogeId":178,"vogeName":"Russikon"},"geometry":{"type":"Polygon","coordinates":[[[8.75384,47.41249],[8.77442,47.41032],[8.80405,47.42505],[8.81726,47.40041],[8.80917,47.38573],[8.77624,47.38358],[8.75229,47.4049],[8.75384,47.41249]]]}},{"type":"Feature","properties":{"vogeId":180,"vogeName":"Weisslingen"},"geometry":{"type":"Polygon","coordinates":[[[8.77258,47.45466],[8.77755,47.45371],[8.78551,47.45437],[8.78886,47.45209],[8.79178,47.45101],[8.79013,47.44849],[8.78962,47.44626],[8.79613,47.44335],[8.8026,47.43924],[8.80783,47.43963],[8.80104,47.4315],[8.80405,47.42505],[8.77442,47.41032],[8.75384,47.41249],[8.74678,47.43914],[8.77306,47.4466],[8.77258,47.45466]]]}},{"type":"Feature","properties":{"vogeId":181,"vogeName":"Wila"},"geometry":{"type":"Polygon","coordinates":[[[8.84252,47.42996],[8.85768,47.42828],[8.86818,47.42203],[8.85464,47.41653],[8.85859,47.41125],[8.86034,47.40899],[8.88353,47.41109],[8.90693,47.40438],[8.90707,47.40095],[8.88753,47.39985],[8.88462,47.39257],[8.85807,47.39201],[8.85523,47.39607],[8.85257,47.39834],[8.82939,47.42221],[8.84252,47.42996]]]}},{"type":"Feature","properties":{"vogeId":182,"vogeName":"Wildberg"},"geometry":{"type":"Polygon","coordinates":[[[8.80783,47.43963],[8.81154,47.44257],[8.81401,47.44149],[8.81846,47.43816],[8.82679,47.43582],[8.83094,47.43831],[8.83598,47.43989],[8.84118,47.43908],[8.84358,47.43547],[8.84252,47.42996],[8.82939,47.42221],[8.85257,47.39834],[8.84117,47.3958],[8.81726,47.40041],[8.80405,47.42505],[8.80104,47.4315],[8.80783,47.43963]]]}},{"type":"Feature","properties":{"vogeId":191,"vogeName":"D\u00fcbendorf"},"geometry":{"type":"Polygon","coordinates":[[[8.619,47.40723],[8.62878,47.40863],[8.65275,47.39554],[8.65134,47.39332],[8.64223,47.38132],[8.63587,47.38094],[8.61997,47.37946],[8.61719,47.36636],[8.60535,47.37394],[8.58322,47.38834],[8.59766,47.40611],[8.619,47.40723]]]}},{"type":"Feature","properties":{"vogeId":192,"vogeName":"Egg"},"geometry":{"type":"Polygon","coordinates":[[[8.6562,47.3082],[8.69989,47.31803],[8.70231,47.31531],[8.70121,47.30697],[8.729,47.29532],[8.73742,47.28791],[8.73647,47.28628],[8.69105,47.27902],[8.68371,47.28432],[8.66258,47.30052],[8.6562,47.3082]]]}},{"type":"Feature","properties":{"vogeId":193,"vogeName":"F\u00e4llanden"},"geometry":{"type":"Polygon","coordinates":[[[8.64223,47.38132],[8.65699,47.37251],[8.65378,47.37091],[8.65279,47.36748],[8.65313,47.36241],[8.6571,47.35789],[8.62158,47.36005],[8.61719,47.36636],[8.61997,47.37946],[8.63587,47.38094],[8.64223,47.38132]]]}},{"type":"Feature","properties":{"vogeId":194,"vogeName":"Greifensee"},"geometry":{"type":"Polygon","coordinates":[[[8.66802,47.37926],[8.67854,47.37378],[8.69217,47.36512],[8.68893,47.35292],[8.68099,47.36211],[8.6747,47.36441],[8.66449,47.37348],[8.66802,47.37926]]]}},{"type":"Feature","properties":{"vogeId":195,"vogeName":"Maur"},"geometry":{"type":"Polygon","coordinates":[[[8.62158,47.36005],[8.6571,47.35789],[8.66088,47.35441],[8.66447,47.35318],[8.66709,47.34883],[8.67044,47.34655],[8.6754,47.3459],[8.68337,47.33776],[8.68773,47.33054],[8.69038,47.32753],[8.69008,47.3244],[8.69182,47.3214],[8.69837,47.32103],[8.69989,47.31803],[8.6562,47.3082],[8.65466,47.31045],[8.64628,47.32994],[8.62634,47.34985],[8.62485,47.35434],[8.62158,47.36005]]]}},{"type":"Feature","properties":{"vogeId":196,"vogeName":"M\u00f6nchaltorf"},"geometry":{"type":"Polygon","coordinates":[[[8.69837,47.32103],[8.69821,47.32371],[8.7003,47.32593],[8.70635,47.32333],[8.71036,47.3203],[8.73475,47.32719],[8.74073,47.3219],[8.72819,47.30861],[8.74036,47.29713],[8.729,47.29532],[8.70121,47.30697],[8.70231,47.31531],[8.69989,47.31803],[8.69837,47.32103]]]}},{"type":"Feature","properties":{"vogeId":197,"vogeName":"Schwerzenbach"},"geometry":{"type":"Polygon","coordinates":[[[8.64223,47.38132],[8.65134,47.39332],[8.66802,47.37926],[8.66449,47.37348],[8.65699,47.37251],[8.64223,47.38132]]]}},{"type":"Feature","properties":{"vogeId":198,"vogeName":"Uster"},"geometry":{"type":"Polygon","coordinates":[[[8.67854,47.37378],[8.69099,47.3826],[8.71803,47.37603],[8.7282,47.38398],[8.75513,47.36397],[8.75704,47.34962],[8.75534,47.33561],[8.7572,47.32843],[8.74073,47.3219],[8.73475,47.32719],[8.71036,47.3203],[8.70635,47.32333],[8.7003,47.32593],[8.70619,47.32602],[8.70784,47.32868],[8.70817,47.33301],[8.69785,47.337],[8.69159,47.3408],[8.68963,47.34381],[8.69045,47.34992],[8.68893,47.35292],[8.69217,47.36512],[8.67854,47.37378]]]}},{"type":"Feature","properties":{"vogeId":199,"vogeName":"Volketswil"},"geometry":{"type":"Polygon","coordinates":[[[8.66974,47.41446],[8.6718,47.41534],[8.71212,47.39416],[8.73093,47.3938],[8.7282,47.38398],[8.71803,47.37603],[8.69099,47.3826],[8.67854,47.37378],[8.66802,47.37926],[8.65134,47.39332],[8.65275,47.39554],[8.66974,47.41446]]]}},{"type":"Feature","properties":{"vogeId":200,"vogeName":"Wangen-Br\u00fcttisellen"},"geometry":{"type":"Polygon","coordinates":[[[8.62858,47.42997],[8.65853,47.42025],[8.66974,47.41446],[8.65275,47.39554],[8.62878,47.40863],[8.62858,47.42997]]]}},{"type":"Feature","properties":{"vogeId":211,"vogeName":"Altikon"},"geometry":{"type":"Polygon","coordinates":[[[8.76195,47.59283],[8.79793,47.58511],[8.81031,47.57078],[8.80195,47.56416],[8.78267,47.56633],[8.76858,47.56709],[8.76195,47.59283]]]}},{"type":"Feature","properties":{"vogeId":213,"vogeName":"Br\u00fctten"},"geometry":{"type":"Polygon","coordinates":[[[8.65244,47.47136],[8.66036,47.49008],[8.67267,47.48219],[8.68186,47.48672],[8.69962,47.46966],[8.67308,47.46055],[8.65244,47.47136]]]}},{"type":"Feature","properties":{"vogeId":214,"vogeName":"D\u00e4gerlen"},"geometry":{"type":"Polygon","coordinates":[[[8.70295,47.57155],[8.71021,47.58028],[8.73069,47.57095],[8.73489,47.57508],[8.7416,47.57068],[8.74764,47.54808],[8.7299,47.54768],[8.69797,47.56265],[8.69988,47.56681],[8.70295,47.57155]]]}},{"type":"Feature","properties":{"vogeId":215,"vogeName":"D\u00e4ttlikon"},"geometry":{"type":"Polygon","coordinates":[[[8.6123,47.53535],[8.62099,47.5375],[8.63463,47.52736],[8.64039,47.52103],[8.63808,47.51927],[8.62877,47.51981],[8.61767,47.52141],[8.6134,47.52325],[8.61018,47.52149],[8.60612,47.52317],[8.6123,47.53535]]]}},{"type":"Feature","properties":{"vogeId":216,"vogeName":"Dinhard"},"geometry":{"type":"Polygon","coordinates":[[[8.7416,47.57068],[8.75012,47.57461],[8.76018,47.56763],[8.76858,47.56709],[8.78267,47.56633],[8.78536,47.54675],[8.77574,47.54432],[8.75468,47.5477],[8.74764,47.54808],[8.7416,47.57068]]]}},{"type":"Feature","properties":{"vogeId":218,"vogeName":"Ellikon an der Thur"},"geometry":{"type":"Polygon","coordinates":[[[8.81031,47.57078],[8.83852,47.57119],[8.85061,47.56358],[8.82964,47.55339],[8.8244,47.553],[8.81258,47.55314],[8.80195,47.56416],[8.81031,47.57078]]]}},{"type":"Feature","properties":{"vogeId":219,"vogeName":"Elsau"},"geometry":{"type":"Polygon","coordinates":[[[8.7959,47.51439],[8.82805,47.51849],[8.82808,47.51102],[8.83127,47.50263],[8.81864,47.48875],[8.80742,47.48515],[8.80533,47.49249],[8.79056,47.49236],[8.78812,47.49448],[8.77855,47.5025],[8.7985,47.50973],[8.7959,47.51439]]]}},{"type":"Feature","properties":{"vogeId":220,"vogeName":"Hagenbuch"},"geometry":{"type":"Polygon","coordinates":[[[8.87402,47.52942],[8.88762,47.5282],[8.89842,47.52419],[8.89511,47.50274],[8.8778,47.50131],[8.87599,47.50999],[8.84922,47.51136],[8.84823,47.52541],[8.87052,47.52603],[8.87402,47.52942]]]}},{"type":"Feature","properties":{"vogeId":221,"vogeName":"Hettlingen"},"geometry":{"type":"Polygon","coordinates":[[[8.68704,47.55248],[8.69797,47.56265],[8.7299,47.54768],[8.70045,47.53308],[8.69477,47.53344],[8.68704,47.55248]]]}},{"type":"Feature","properties":{"vogeId":223,"vogeName":"Neftenbach"},"geometry":{"type":"Polygon","coordinates":[[[8.66383,47.56198],[8.6677,47.56194],[8.67949,47.55047],[8.68704,47.55248],[8.69477,47.53344],[8.67714,47.51811],[8.67576,47.51723],[8.67212,47.51712],[8.66799,47.51552],[8.66096,47.51619],[8.65282,47.51792],[8.64585,47.52112],[8.64039,47.52103],[8.63463,47.52736],[8.64205,47.544],[8.6521,47.54613],[8.64965,47.55839],[8.66383,47.56198]]]}},{"type":"Feature","properties":{"vogeId":224,"vogeName":"Pfungen"},"geometry":{"type":"Polygon","coordinates":[[[8.61767,47.52141],[8.62877,47.51981],[8.63808,47.51927],[8.64039,47.52103],[8.64585,47.52112],[8.65282,47.51792],[8.66096,47.51619],[8.66068,47.51366],[8.65826,47.49742],[8.63028,47.50591],[8.61767,47.52141]]]}},{"type":"Feature","properties":{"vogeId":225,"vogeName":"Rickenbach (ZH)"},"geometry":{"type":"Polygon","coordinates":[[[8.78267,47.56633],[8.80195,47.56416],[8.81258,47.55314],[8.78526,47.53406],[8.77574,47.54432],[8.78536,47.54675],[8.78267,47.56633]]]}},{"type":"Feature","properties":{"vogeId":226,"vogeName":"Schlatt (ZH)"},"geometry":{"type":"Polygon","coordinates":[[[8.80742,47.48515],[8.81864,47.48875],[8.86081,47.46063],[8.84753,47.45616],[8.79517,47.46813],[8.80945,47.47587],[8.80843,47.48036],[8.80742,47.48515]]]}},{"type":"Feature","properties":{"vogeId":227,"vogeName":"Seuzach"},"geometry":{"type":"Polygon","coordinates":[[[8.74764,47.54808],[8.75468,47.5477],[8.73668,47.52731],[8.7327,47.52257],[8.73083,47.52051],[8.72402,47.52088],[8.70971,47.52134],[8.70063,47.52173],[8.70045,47.53308],[8.7299,47.54768],[8.74764,47.54808]]]}},{"type":"Feature","properties":{"vogeId":228,"vogeName":"Turbenthal"},"geometry":{"type":"Polygon","coordinates":[[[8.84753,47.45616],[8.86081,47.46063],[8.85985,47.45019],[8.882,47.44663],[8.8825,47.45678],[8.89426,47.46335],[8.9037,47.44338],[8.93142,47.43646],[8.93083,47.43184],[8.91245,47.43162],[8.90693,47.40438],[8.88353,47.41109],[8.86034,47.40899],[8.85859,47.41125],[8.85464,47.41653],[8.86818,47.42203],[8.85768,47.42828],[8.84252,47.42996],[8.84358,47.43547],[8.84118,47.43908],[8.83598,47.43989],[8.84753,47.45616]]]}},{"type":"Feature","properties":{"vogeId":230,"vogeName":"Winterthur"},"geometry":{"type":"Polygon","coordinates":[[[8.70959,47.44985],[8.70374,47.45171],[8.70637,47.46675],[8.69962,47.46966],[8.68186,47.48672],[8.67267,47.48219],[8.66036,47.49008],[8.65826,47.49742],[8.66068,47.51366],[8.66096,47.51619],[8.66799,47.51552],[8.67212,47.51712],[8.67576,47.51723],[8.67714,47.51811],[8.69477,47.53344],[8.70045,47.53308],[8.70063,47.52173],[8.70971,47.52134],[8.72402,47.52088],[8.73083,47.52051],[8.7327,47.52257],[8.73668,47.52731],[8.75468,47.5477],[8.77574,47.54432],[8.78526,47.53406],[8.78041,47.53114],[8.76358,47.52148],[8.76828,47.51874],[8.77142,47.51691],[8.77478,47.51493],[8.7959,47.51439],[8.7985,47.50973],[8.77855,47.5025],[8.78812,47.49448],[8.79056,47.49236],[8.80533,47.49249],[8.80742,47.48515],[8.80843,47.48036],[8.80945,47.47587],[8.79517,47.46813],[8.78558,47.46601],[8.76113,47.45942],[8.75756,47.4623],[8.7568,47.46798],[8.75409,47.46876],[8.74939,47.46209],[8.74528,47.46139],[8.73988,47.46339],[8.7351,47.46255],[8.73523,47.45852],[8.73293,47.45765],[8.73001,47.45858],[8.72873,47.46218],[8.72188,47.46031],[8.70959,47.44985]]]}},{"type":"Feature","properties":{"vogeId":231,"vogeName":"Zell (ZH)"},"geometry":{"type":"Polygon","coordinates":[[[8.76113,47.45942],[8.78558,47.46601],[8.79517,47.46813],[8.84753,47.45616],[8.83598,47.43989],[8.83094,47.43831],[8.82679,47.43582],[8.81846,47.43816],[8.81401,47.44149],[8.81154,47.44257],[8.80783,47.43963],[8.8026,47.43924],[8.79613,47.44335],[8.78962,47.44626],[8.79013,47.44849],[8.79178,47.45101],[8.78886,47.45209],[8.78551,47.45437],[8.77755,47.45371],[8.77258,47.45466],[8.76113,47.45942]]]}},{"type":"Feature","properties":{"vogeId":241,"vogeName":"Aesch (ZH)"},"geometry":{"type":"Polygon","coordinates":[[[8.41634,47.33704],[8.44234,47.34637],[8.45525,47.33492],[8.44979,47.33317],[8.4329,47.32631],[8.41256,47.32857],[8.41634,47.33704]]]}},{"type":"Feature","properties":{"vogeId":242,"vogeName":"Birmensdorf (ZH)"},"geometry":{"type":"Polygon","coordinates":[[[8.40828,47.36666],[8.43574,47.36926],[8.47442,47.3537],[8.46707,47.34869],[8.45503,47.34701],[8.46163,47.33665],[8.45525,47.33492],[8.44234,47.34637],[8.41634,47.33704],[8.40687,47.3519],[8.40506,47.36415],[8.40828,47.36666]]]}},{"type":"Feature","properties":{"vogeId":243,"vogeName":"Dietikon"},"geometry":{"type":"Polygon","coordinates":[[[8.38739,47.42787],[8.40225,47.42178],[8.40976,47.41067],[8.40924,47.40695],[8.40894,47.40322],[8.41229,47.4005],[8.42725,47.40023],[8.43225,47.40078],[8.4265,47.39635],[8.40744,47.39532],[8.40733,47.37682],[8.39958,47.37479],[8.39653,47.39392],[8.3626,47.39837],[8.36244,47.40241],[8.38265,47.40403],[8.38739,47.42787]]]}},{"type":"Feature","properties":{"vogeId":244,"vogeName":"Geroldswil"},"geometry":{"type":"Polygon","coordinates":[[[8.40225,47.42178],[8.41645,47.42957],[8.42336,47.4228],[8.40976,47.41067],[8.40225,47.42178]]]}},{"type":"Feature","properties":{"vogeId":245,"vogeName":"Oberengstringen"},"geometry":{"type":"Polygon","coordinates":[[[8.46253,47.41887],[8.47318,47.41863],[8.46809,47.41345],[8.47911,47.40843],[8.47196,47.40222],[8.45908,47.40473],[8.45168,47.40882],[8.46253,47.41887]]]}},{"type":"Feature","properties":{"vogeId":246,"vogeName":"Oetwil an der Limmat"},"geometry":{"type":"Polygon","coordinates":[[[8.40208,47.43775],[8.41587,47.43465],[8.41836,47.43433],[8.41645,47.42957],[8.40225,47.42178],[8.38739,47.42787],[8.3815,47.42867],[8.38388,47.43462],[8.40208,47.43775]]]}},{"type":"Feature","properties":{"vogeId":247,"vogeName":"Schlieren"},"geometry":{"type":"Polygon","coordinates":[[[8.43225,47.40078],[8.44578,47.40887],[8.45168,47.40882],[8.45908,47.40473],[8.47196,47.40222],[8.44796,47.3802],[8.4265,47.39635],[8.43225,47.40078]]]}},{"type":"Feature","properties":{"vogeId":248,"vogeName":"Uitikon"},"geometry":{"type":"Polygon","coordinates":[[[8.43574,47.36926],[8.44796,47.3802],[8.47005,47.37404],[8.46426,47.36767],[8.48292,47.35989],[8.48686,47.35269],[8.47442,47.3537],[8.43574,47.36926]]]}},{"type":"Feature","properties":{"vogeId":249,"vogeName":"Unterengstringen"},"geometry":{"type":"Polygon","coordinates":[[[8.45327,47.42119],[8.46253,47.41887],[8.45168,47.40882],[8.44578,47.40887],[8.43225,47.40078],[8.42725,47.40023],[8.41229,47.4005],[8.40894,47.40322],[8.40924,47.40695],[8.42693,47.40739],[8.45327,47.42119]]]}},{"type":"Feature","properties":{"vogeId":250,"vogeName":"Urdorf"},"geometry":{"type":"Polygon","coordinates":[[[8.4265,47.39635],[8.44796,47.3802],[8.43574,47.36926],[8.40828,47.36666],[8.40042,47.37061],[8.39958,47.37479],[8.40733,47.37682],[8.40744,47.39532],[8.4265,47.39635]]]}},{"type":"Feature","properties":{"vogeId":251,"vogeName":"Weiningen (ZH)"},"geometry":{"type":"Polygon","coordinates":[[[8.41645,47.42957],[8.41836,47.43433],[8.44456,47.42828],[8.45327,47.42119],[8.42693,47.40739],[8.40924,47.40695],[8.40976,47.41067],[8.42336,47.4228],[8.41645,47.42957]]]}},{"type":"Feature","properties":{"vogeId":261,"vogeName":"Z\u00fcrich"},"geometry":{"type":"Polygon","coordinates":[[[8.61719,47.36636],[8.62158,47.36005],[8.62485,47.35434],[8.58941,47.34948],[8.56987,47.34668],[8.56623,47.34627],[8.56282,47.34571],[8.55684,47.35218],[8.55075,47.35314],[8.54729,47.36108],[8.54553,47.36393],[8.544,47.36634],[8.54172,47.36561],[8.53966,47.36489],[8.53784,47.36446],[8.5371,47.36148],[8.53623,47.35208],[8.53616,47.34865],[8.54291,47.3356],[8.53623,47.33015],[8.52142,47.32566],[8.5032,47.32016],[8.5024,47.33718],[8.48686,47.35269],[8.48292,47.35989],[8.46426,47.36767],[8.47005,47.37404],[8.44796,47.3802],[8.47196,47.40222],[8.47911,47.40843],[8.46809,47.41345],[8.47318,47.41863],[8.4858,47.42568],[8.50186,47.43479],[8.52791,47.43275],[8.55532,47.4307],[8.5542,47.42071],[8.56339,47.4157],[8.57369,47.41993],[8.57351,47.41127],[8.58863,47.40799],[8.59766,47.40611],[8.58322,47.38834],[8.60535,47.37394],[8.61719,47.36636]]]}},{"type":"Feature","properties":{"vogeId":292,"vogeName":"Stammheim"},"geometry":{"type":"Polygon","coordinates":[[[8.82546,47.63716],[8.80421,47.60801],[8.79819,47.60406],[8.78786,47.60955],[8.74945,47.62133],[8.7446,47.62765],[8.74715,47.63867],[8.76494,47.64891],[8.79861,47.66494],[8.80295,47.66519],[8.8049,47.65233],[8.81554,47.64982],[8.8264,47.64685],[8.82546,47.63716]]]}},{"type":"Feature","properties":{"vogeId":293,"vogeName":"W\u00e4denswil"},"geometry":{"type":"Polygon","coordinates":[[[8.68114,47.1836],[8.68182,47.17419],[8.69203,47.16677],[8.69218,47.16348],[8.66569,47.15974],[8.66074,47.17039],[8.65215,47.17018],[8.64397,47.16773],[8.63923,47.16793],[8.63817,47.17093],[8.63139,47.17055],[8.62423,47.17331],[8.62497,47.17629],[8.62865,47.17938],[8.62161,47.18752],[8.62121,47.19021],[8.61808,47.19158],[8.61881,47.19396],[8.61532,47.19937],[8.62804,47.21297],[8.61719,47.22293],[8.63321,47.24217],[8.62779,47.25223],[8.6361,47.2499],[8.64044,47.25195],[8.64474,47.25205],[8.65259,47.24898],[8.65612,47.24551],[8.66141,47.23934],[8.67812,47.22871],[8.69128,47.2214],[8.67048,47.20118],[8.66181,47.18754],[8.68114,47.1836]]]}},{"type":"Feature","properties":{"vogeId":294,"vogeName":"Elgg"},"geometry":{"type":"Polygon","coordinates":[[[8.81864,47.48875],[8.83127,47.50263],[8.82808,47.51102],[8.84922,47.51136],[8.87599,47.50999],[8.8778,47.50131],[8.89511,47.50274],[8.89758,47.48509],[8.88522,47.48167],[8.88355,47.47035],[8.89426,47.46335],[8.8825,47.45678],[8.882,47.44663],[8.85985,47.45019],[8.86081,47.46063],[8.81864,47.48875]]]}},{"type":"Feature","properties":{"vogeId":295,"vogeName":"Horgen"},"geometry":{"type":"Polygon","coordinates":[[[8.55089,47.27284],[8.55428,47.27281],[8.55762,47.27039],[8.57466,47.26336],[8.58863,47.27128],[8.59255,47.26438],[8.62779,47.25223],[8.63321,47.24217],[8.61719,47.22293],[8.62804,47.21297],[8.61532,47.19937],[8.60753,47.20497],[8.6032,47.20308],[8.59826,47.20447],[8.59502,47.21152],[8.58459,47.20983],[8.58216,47.21224],[8.58383,47.21625],[8.57889,47.2178],[8.57964,47.22107],[8.53526,47.26105],[8.55089,47.27284]]]}},{"type":"Feature","properties":{"vogeId":296,"vogeName":"Illnau-Effretikon"},"geometry":{"type":"Polygon","coordinates":[[[8.76113,47.45942],[8.77258,47.45466],[8.77306,47.4466],[8.74678,47.43914],[8.75384,47.41249],[8.75229,47.4049],[8.73159,47.40215],[8.73093,47.3938],[8.71212,47.39416],[8.6718,47.41534],[8.6816,47.43687],[8.70435,47.43931],[8.70959,47.44985],[8.72188,47.46031],[8.72873,47.46218],[8.73001,47.45858],[8.73293,47.45765],[8.73523,47.45852],[8.7351,47.46255],[8.73988,47.46339],[8.74528,47.46139],[8.74939,47.46209],[8.75409,47.46876],[8.7568,47.46798],[8.75756,47.4623],[8.76113,47.45942]]]}},{"type":"Feature","properties":{"vogeId":297,"vogeName":"Bauma"},"geometry":{"type":"Polygon","coordinates":[[[8.90707,47.40095],[8.94138,47.38737],[8.94355,47.37585],[8.93734,47.37265],[8.90792,47.34959],[8.88284,47.35215],[8.85691,47.36516],[8.83801,47.38763],[8.84117,47.3958],[8.85257,47.39834],[8.85523,47.39607],[8.85807,47.39201],[8.88462,47.39257],[8.88753,47.39985],[8.90707,47.40095]]]}},{"type":"Feature","properties":{"vogeId":298,"vogeName":"Wiesendangen"},"geometry":{"type":"Polygon","coordinates":[[[8.82964,47.55339],[8.84115,47.53265],[8.86768,47.53039],[8.87402,47.52942],[8.87052,47.52603],[8.84823,47.52541],[8.84922,47.51136],[8.82808,47.51102],[8.82805,47.51849],[8.7959,47.51439],[8.77478,47.51493],[8.77142,47.51691],[8.76828,47.51874],[8.76358,47.52148],[8.78041,47.53114],[8.78526,47.53406],[8.81258,47.55314],[8.8244,47.553],[8.82964,47.55339]]]}},{"type":"Feature","properties":{"vogeId":301,"vogeName":"Aarberg"},"geometry":{"type":"Polygon","coordinates":[[[7.29028,47.06142],[7.30764,47.05487],[7.30182,47.04233],[7.27888,47.03215],[7.28002,47.02708],[7.26516,47.02676],[7.26872,47.04154],[7.2624,47.04601],[7.25788,47.04824],[7.29028,47.06142]]]}},{"type":"Feature","properties":{"vogeId":302,"vogeName":"Bargen (BE)"},"geometry":{"type":"Polygon","coordinates":[[[7.25067,47.05121],[7.25788,47.04824],[7.2624,47.04601],[7.26872,47.04154],[7.26516,47.02676],[7.25707,47.02331],[7.25415,47.01943],[7.24673,47.01927],[7.22618,47.0355],[7.21247,47.02905],[7.21445,47.03861],[7.25067,47.05121]]]}},{"type":"Feature","properties":{"vogeId":303,"vogeName":"Grossaffoltern"},"geometry":{"type":"Polygon","coordinates":[[[7.35061,47.09058],[7.36706,47.0897],[7.36775,47.08149],[7.38307,47.08404],[7.38782,47.07449],[7.37229,47.05478],[7.33987,47.04655],[7.32745,47.06191],[7.35061,47.09058]]]}},{"type":"Feature","properties":{"vogeId":304,"vogeName":"Kallnach"},"geometry":{"type":"Polygon","coordinates":[[[7.26262,46.9778],[7.25654,46.97884],[7.23067,46.98059],[7.22928,46.99058],[7.22274,46.99385],[7.21527,47.00444],[7.19976,47.00172],[7.18718,46.99721],[7.17864,46.99406],[7.17096,47.00106],[7.18127,47.00824],[7.19811,47.01709],[7.21247,47.02905],[7.22618,47.0355],[7.24673,47.01927],[7.25415,47.01943],[7.25845,47.01347],[7.25779,47.00958],[7.25397,47.00749],[7.24118,46.99822],[7.24749,46.99345],[7.2545,46.98555],[7.26148,46.98288],[7.26262,46.9778]]]}},{"type":"Feature","properties":{"vogeId":305,"vogeName":"Kappelen"},"geometry":{"type":"Polygon","coordinates":[[[7.2841,47.09424],[7.29132,47.09276],[7.30462,47.09427],[7.2927,47.08097],[7.29028,47.06142],[7.25788,47.04824],[7.25067,47.05121],[7.2502,47.05614],[7.25916,47.07033],[7.2623,47.07511],[7.26926,47.08392],[7.2841,47.09424]]]}},{"type":"Feature","properties":{"vogeId":306,"vogeName":"Lyss"},"geometry":{"type":"Polygon","coordinates":[[[7.30462,47.09427],[7.31048,47.09457],[7.31293,47.10502],[7.31562,47.1101],[7.33254,47.10758],[7.33324,47.09669],[7.34812,47.09386],[7.35061,47.09058],[7.32745,47.06191],[7.30764,47.05487],[7.29028,47.06142],[7.2927,47.08097],[7.30462,47.09427]]]}},{"type":"Feature","properties":{"vogeId":307,"vogeName":"Meikirch"},"geometry":{"type":"Polygon","coordinates":[[[7.35748,47.01656],[7.39237,47.01897],[7.39149,47.00166],[7.4122,46.98585],[7.4023,46.98271],[7.37663,47.00315],[7.35459,46.99761],[7.34377,47.00461],[7.31317,47.00279],[7.31293,47.00906],[7.34105,47.01685],[7.35748,47.01656]]]}},{"type":"Feature","properties":{"vogeId":309,"vogeName":"Radelfingen"},"geometry":{"type":"Polygon","coordinates":[[[7.26516,47.02676],[7.28002,47.02708],[7.2947,47.01098],[7.28302,47.00097],[7.28081,46.98708],[7.27882,46.97484],[7.26557,46.97035],[7.26038,46.97422],[7.26262,46.9778],[7.26148,46.98288],[7.2545,46.98555],[7.24749,46.99345],[7.24118,46.99822],[7.25397,47.00749],[7.25779,47.00958],[7.25845,47.01347],[7.25415,47.01943],[7.25707,47.02331],[7.26516,47.02676]]]}},{"type":"Feature","properties":{"vogeId":310,"vogeName":"Rapperswil (BE)"},"geometry":{"type":"Polygon","coordinates":[[[7.45541,47.0633],[7.45834,47.05733],[7.4464,47.04734],[7.44798,47.04614],[7.43919,47.03525],[7.43221,47.03197],[7.42501,47.04047],[7.40316,47.04151],[7.37229,47.05478],[7.38782,47.07449],[7.42184,47.08077],[7.4153,47.09643],[7.43378,47.10047],[7.43514,47.08151],[7.44325,47.0745],[7.44212,47.06659],[7.45541,47.0633]]]}},{"type":"Feature","properties":{"vogeId":311,"vogeName":"Sch\u00fcpfen"},"geometry":{"type":"Polygon","coordinates":[[[7.33987,47.04655],[7.37229,47.05478],[7.40316,47.04151],[7.42501,47.04047],[7.43221,47.03197],[7.41037,47.03211],[7.4088,47.02614],[7.4025,47.02062],[7.39237,47.01897],[7.35748,47.01656],[7.32796,47.03415],[7.33987,47.04655]]]}},{"type":"Feature","properties":{"vogeId":312,"vogeName":"Seedorf (BE)"},"geometry":{"type":"Polygon","coordinates":[[[7.30764,47.05487],[7.32745,47.06191],[7.33987,47.04655],[7.32796,47.03415],[7.35748,47.01656],[7.34105,47.01685],[7.31293,47.00906],[7.31317,47.00279],[7.2927,46.99904],[7.28846,46.9865],[7.28081,46.98708],[7.28302,47.00097],[7.2947,47.01098],[7.28002,47.02708],[7.27888,47.03215],[7.30182,47.04233],[7.30764,47.05487]]]}},{"type":"Feature","properties":{"vogeId":321,"vogeName":"Aarwangen"},"geometry":{"type":"Polygon","coordinates":[[[7.76247,47.24701],[7.76859,47.24998],[7.77695,47.2498],[7.78217,47.25203],[7.7932,47.24438],[7.79089,47.23738],[7.76842,47.22267],[7.73361,47.22037],[7.73253,47.22888],[7.73549,47.23261],[7.73821,47.23424],[7.74251,47.23498],[7.74455,47.23736],[7.74616,47.24243],[7.74979,47.24421],[7.75952,47.24493],[7.76247,47.24701]]]}},{"type":"Feature","properties":{"vogeId":322,"vogeName":"Auswil"},"geometry":{"type":"Polygon","coordinates":[[[7.82343,47.14221],[7.83335,47.14143],[7.84627,47.1484],[7.85459,47.14479],[7.84997,47.13048],[7.82848,47.12324],[7.82343,47.14221]]]}},{"type":"Feature","properties":{"vogeId":323,"vogeName":"Bannwil"},"geometry":{"type":"Polygon","coordinates":[[[7.74575,47.249],[7.76247,47.24701],[7.75952,47.24493],[7.74979,47.24421],[7.74616,47.24243],[7.74455,47.23736],[7.74251,47.23498],[7.73821,47.23424],[7.73549,47.23261],[7.73253,47.22888],[7.72845,47.22695],[7.7176,47.22579],[7.71422,47.22788],[7.71695,47.23116],[7.70905,47.23446],[7.71428,47.23997],[7.73468,47.24977],[7.74575,47.249]]]}},{"type":"Feature","properties":{"vogeId":324,"vogeName":"Bleienbach"},"geometry":{"type":"Polygon","coordinates":[[[7.76716,47.20073],[7.78069,47.19831],[7.76798,47.1882],[7.77271,47.1849],[7.75542,47.16405],[7.74912,47.1681],[7.73814,47.18186],[7.76716,47.20073]]]}},{"type":"Feature","properties":{"vogeId":325,"vogeName":"Busswil bei Melchnau"},"geometry":{"type":"Polygon","coordinates":[[[7.8448,47.19362],[7.84725,47.18794],[7.82867,47.17995],[7.81131,47.18314],[7.81993,47.18878],[7.83737,47.19574],[7.8448,47.19362]]]}},{"type":"Feature","properties":{"vogeId":326,"vogeName":"Gondiswil"},"geometry":{"type":"Polygon","coordinates":[[[7.85263,47.15375],[7.86256,47.15461],[7.86241,47.16431],[7.8771,47.16575],[7.88214,47.14752],[7.88604,47.12855],[7.87383,47.12427],[7.86509,47.13206],[7.84997,47.13048],[7.85459,47.14479],[7.84627,47.1484],[7.84315,47.15393],[7.85263,47.15375]]]}},{"type":"Feature","properties":{"vogeId":329,"vogeName":"Langenthal"},"geometry":{"type":"Polygon","coordinates":[[[7.81993,47.18878],[7.80961,47.19971],[7.78069,47.19831],[7.76716,47.20073],[7.76842,47.22267],[7.79089,47.23738],[7.833,47.21545],[7.83847,47.22304],[7.84657,47.21764],[7.85726,47.1982],[7.8448,47.19362],[7.83737,47.19574],[7.81993,47.18878]]]}},{"type":"Feature","properties":{"vogeId":331,"vogeName":"Lotzwil"},"geometry":{"type":"Polygon","coordinates":[[[7.78069,47.19831],[7.80961,47.19971],[7.81993,47.18878],[7.81131,47.18314],[7.8095,47.18359],[7.79801,47.18721],[7.79281,47.18648],[7.79231,47.17857],[7.78685,47.17292],[7.77271,47.1849],[7.76798,47.1882],[7.78069,47.19831]]]}},{"type":"Feature","properties":{"vogeId":332,"vogeName":"Madiswil"},"geometry":{"type":"Polygon","coordinates":[[[7.81131,47.18314],[7.82867,47.17995],[7.83356,47.16919],[7.83168,47.15994],[7.84315,47.15393],[7.84627,47.1484],[7.83335,47.14143],[7.82343,47.14221],[7.80471,47.14361],[7.79086,47.12993],[7.78545,47.12979],[7.78398,47.14786],[7.77225,47.14819],[7.75909,47.13569],[7.74782,47.13811],[7.75786,47.15659],[7.77098,47.16132],[7.78685,47.17292],[7.79231,47.17857],[7.79281,47.18648],[7.79801,47.18721],[7.8095,47.18359],[7.81131,47.18314]]]}},{"type":"Feature","properties":{"vogeId":333,"vogeName":"Melchnau"},"geometry":{"type":"Polygon","coordinates":[[[7.85726,47.1982],[7.85953,47.19924],[7.88102,47.17618],[7.8771,47.16575],[7.86241,47.16431],[7.86256,47.15461],[7.85263,47.15375],[7.85273,47.16718],[7.83356,47.16919],[7.82867,47.17995],[7.84725,47.18794],[7.8448,47.19362],[7.85726,47.1982]]]}},{"type":"Feature","properties":{"vogeId":335,"vogeName":"Oeschenbach"},"geometry":{"type":"Polygon","coordinates":[[[7.73258,47.11576],[7.73825,47.12067],[7.76186,47.10852],[7.75571,47.09914],[7.74152,47.10052],[7.73252,47.10382],[7.73258,47.11576]]]}},{"type":"Feature","properties":{"vogeId":336,"vogeName":"Reisiswil"},"geometry":{"type":"Polygon","coordinates":[[[7.84315,47.15393],[7.83168,47.15994],[7.83356,47.16919],[7.85273,47.16718],[7.85263,47.15375],[7.84315,47.15393]]]}},{"type":"Feature","properties":{"vogeId":337,"vogeName":"Roggwil (BE)"},"geometry":{"type":"Polygon","coordinates":[[[7.7932,47.24438],[7.82785,47.25367],[7.83879,47.23468],[7.83847,47.22304],[7.833,47.21545],[7.79089,47.23738],[7.7932,47.24438]]]}},{"type":"Feature","properties":{"vogeId":338,"vogeName":"Rohrbach"},"geometry":{"type":"Polygon","coordinates":[[[7.79086,47.12993],[7.80471,47.14361],[7.82343,47.14221],[7.82848,47.12324],[7.82464,47.12161],[7.79086,47.12993]]]}},{"type":"Feature","properties":{"vogeId":339,"vogeName":"Rohrbachgraben"},"geometry":{"type":"Polygon","coordinates":[[[7.78545,47.12979],[7.79086,47.12993],[7.82464,47.12161],[7.80958,47.09659],[7.78682,47.098],[7.7899,47.12083],[7.78545,47.12979]]]}},{"type":"Feature","properties":{"vogeId":340,"vogeName":"R\u00fctschelen"},"geometry":{"type":"Polygon","coordinates":[[[7.77271,47.1849],[7.78685,47.17292],[7.77098,47.16132],[7.75786,47.15659],[7.75542,47.16405],[7.77271,47.1849]]]}},{"type":"Feature","properties":{"vogeId":341,"vogeName":"Schwarzh\u00e4usern"},"geometry":{"type":"Polygon","coordinates":[[[7.75688,47.25807],[7.76781,47.27013],[7.78536,47.25649],[7.78217,47.25203],[7.77695,47.2498],[7.76859,47.24998],[7.76247,47.24701],[7.74575,47.249],[7.75688,47.25807]]]}},{"type":"Feature","properties":{"vogeId":342,"vogeName":"Thunstetten"},"geometry":{"type":"Polygon","coordinates":[[[7.73361,47.22037],[7.76842,47.22267],[7.76716,47.20073],[7.73814,47.18186],[7.7303,47.19277],[7.73241,47.2068],[7.72135,47.20891],[7.73361,47.22037]]]}},{"type":"Feature","properties":{"vogeId":344,"vogeName":"Ursenbach"},"geometry":{"type":"Polygon","coordinates":[[[7.74782,47.13811],[7.75909,47.13569],[7.77225,47.14819],[7.78398,47.14786],[7.78545,47.12979],[7.7899,47.12083],[7.76869,47.11999],[7.76186,47.10852],[7.73825,47.12067],[7.74782,47.13811]]]}},{"type":"Feature","properties":{"vogeId":345,"vogeName":"Wynau"},"geometry":{"type":"Polygon","coordinates":[[[7.78536,47.25649],[7.79968,47.26734],[7.80353,47.26853],[7.80556,47.26688],[7.80577,47.26449],[7.81456,47.26133],[7.82522,47.26562],[7.82785,47.25367],[7.7932,47.24438],[7.78217,47.25203],[7.78536,47.25649]]]}},{"type":"Feature","properties":{"vogeId":351,"vogeName":"Bern"},"geometry":{"type":"Polygon","coordinates":[[[7.33112,46.91939],[7.32437,46.92535],[7.29493,46.92293],[7.30702,46.9404],[7.34927,46.94791],[7.37151,46.96061],[7.37803,46.96091],[7.3814,46.96599],[7.41221,46.96988],[7.4284,46.97376],[7.43245,46.97302],[7.4338,46.96899],[7.43784,46.96854],[7.43897,46.97376],[7.44189,46.9763],[7.44594,46.97481],[7.44886,46.97645],[7.44774,46.97928],[7.44189,46.98182],[7.44594,46.9851],[7.44752,46.98898],[7.45202,46.99048],[7.45404,46.97988],[7.45899,46.97734],[7.46506,46.97749],[7.46686,46.9754],[7.46506,46.97376],[7.46843,46.96883],[7.48192,46.96958],[7.47697,46.9545],[7.4864,46.94719],[7.49449,46.94077],[7.47695,46.93689],[7.47088,46.92555],[7.46234,46.93078],[7.45942,46.93466],[7.4547,46.93451],[7.44841,46.93257],[7.43852,46.93212],[7.42369,46.93511],[7.41514,46.93675],[7.41133,46.93093],[7.40684,46.92376],[7.39605,46.92197],[7.38189,46.92853],[7.37312,46.93255],[7.33112,46.91939]]]}},{"type":"Feature","properties":{"vogeId":352,"vogeName":"Bolligen"},"geometry":{"type":"Polygon","coordinates":[[[7.52561,47.00403],[7.53596,47.00312],[7.52939,46.97716],[7.54627,46.98162],[7.54691,46.96297],[7.53971,46.96327],[7.53454,46.96163],[7.50801,46.96613],[7.48912,46.97047],[7.47632,46.99808],[7.51008,46.99971],[7.52561,47.00403]]]}},{"type":"Feature","properties":{"vogeId":353,"vogeName":"Bremgarten bei Bern"},"geometry":{"type":"Polygon","coordinates":[[[7.43627,46.98809],[7.44279,46.98779],[7.44594,46.9851],[7.44189,46.98182],[7.44774,46.97928],[7.44886,46.97645],[7.44594,46.97481],[7.44189,46.9763],[7.43897,46.97376],[7.43784,46.96854],[7.4338,46.96899],[7.43245,46.97302],[7.4284,46.97376],[7.43627,46.98809]]]}},{"type":"Feature","properties":{"vogeId":354,"vogeName":"Kirchlindach"},"geometry":{"type":"Polygon","coordinates":[[[7.39237,47.01897],[7.4025,47.02062],[7.43177,47.01137],[7.43964,47.00779],[7.43627,46.98809],[7.4284,46.97376],[7.41221,46.96988],[7.4122,46.98585],[7.39149,47.00166],[7.39237,47.01897]]]}},{"type":"Feature","properties":{"vogeId":355,"vogeName":"K\u00f6niz"},"geometry":{"type":"Polygon","coordinates":[[[7.35341,46.88911],[7.3381,46.90984],[7.33112,46.91939],[7.37312,46.93255],[7.38189,46.92853],[7.39605,46.92197],[7.40684,46.92376],[7.41133,46.93093],[7.41514,46.93675],[7.42369,46.93511],[7.43852,46.93212],[7.44841,46.93257],[7.4547,46.93451],[7.45942,46.93466],[7.46234,46.93078],[7.47088,46.92555],[7.45649,46.91063],[7.45087,46.90496],[7.4475,46.89362],[7.43313,46.88899],[7.4374,46.88004],[7.42797,46.87571],[7.40192,46.88003],[7.38755,46.88256],[7.38129,46.86017],[7.35929,46.86315],[7.35477,46.88344],[7.35341,46.88911]]]}},{"type":"Feature","properties":{"vogeId":356,"vogeName":"Muri bei Bern"},"geometry":{"type":"Polygon","coordinates":[[[7.51024,46.95091],[7.51293,46.94688],[7.52191,46.93866],[7.52211,46.92553],[7.5093,46.92464],[7.5039,46.91569],[7.50008,46.91942],[7.48683,46.9248],[7.48369,46.92629],[7.48054,46.92615],[7.47762,46.92331],[7.4738,46.92316],[7.47088,46.92555],[7.47695,46.93689],[7.49449,46.94077],[7.51024,46.95091]]]}},{"type":"Feature","properties":{"vogeId":357,"vogeName":"Oberbalm"},"geometry":{"type":"Polygon","coordinates":[[[7.38129,46.86017],[7.38755,46.88256],[7.40192,46.88003],[7.42797,46.87571],[7.4374,46.88004],[7.43852,46.86929],[7.42281,46.86123],[7.42999,46.85452],[7.42887,46.85392],[7.41406,46.84631],[7.39027,46.85257],[7.38129,46.86017]]]}},{"type":"Feature","properties":{"vogeId":358,"vogeName":"Stettlen"},"geometry":{"type":"Polygon","coordinates":[[[7.50801,46.96613],[7.53454,46.96163],[7.53722,46.95253],[7.52709,46.94492],[7.51293,46.94688],[7.51024,46.95091],[7.50801,46.96613]]]}},{"type":"Feature","properties":{"vogeId":359,"vogeName":"Vechigen"},"geometry":{"type":"Polygon","coordinates":[[[7.57531,46.99174],[7.59172,46.98441],[7.60294,46.97708],[7.61823,46.97512],[7.59949,46.95186],[7.57363,46.94861],[7.57383,46.93995],[7.54957,46.94535],[7.54191,46.93536],[7.52191,46.93866],[7.51293,46.94688],[7.52709,46.94492],[7.53722,46.95253],[7.53454,46.96163],[7.53971,46.96327],[7.54691,46.96297],[7.54627,46.98162],[7.55102,46.99565],[7.5627,46.98578],[7.57531,46.99174]]]}},{"type":"Feature","properties":{"vogeId":360,"vogeName":"Wohlen bei Bern"},"geometry":{"type":"Polygon","coordinates":[[[7.28081,46.98708],[7.28846,46.9865],[7.2927,46.99904],[7.31317,47.00279],[7.34377,47.00461],[7.35459,46.99761],[7.37663,47.00315],[7.4023,46.98271],[7.4122,46.98585],[7.41221,46.96988],[7.3814,46.96599],[7.37803,46.96091],[7.37151,46.96061],[7.36926,46.96523],[7.36633,46.96672],[7.35329,46.96597],[7.34655,46.96223],[7.3344,46.96401],[7.32406,46.96385],[7.32068,46.96594],[7.31528,46.96668],[7.31011,46.96444],[7.30539,46.96398],[7.29773,46.96964],[7.29413,46.97068],[7.28964,46.96725],[7.28717,46.96844],[7.28738,46.97247],[7.27882,46.97484],[7.28081,46.98708]]]}},{"type":"Feature","properties":{"vogeId":361,"vogeName":"Zollikofen"},"geometry":{"type":"Polygon","coordinates":[[[7.43964,47.00779],[7.46957,46.99973],[7.46056,46.98077],[7.45404,46.97988],[7.45202,46.99048],[7.44752,46.98898],[7.44594,46.9851],[7.44279,46.98779],[7.43627,46.98809],[7.43964,47.00779]]]}},{"type":"Feature","properties":{"vogeId":362,"vogeName":"Ittigen"},"geometry":{"type":"Polygon","coordinates":[[[7.46957,46.99973],[7.47632,46.99808],[7.48912,46.97047],[7.48192,46.96958],[7.46843,46.96883],[7.46506,46.97376],[7.46686,46.9754],[7.46506,46.97749],[7.45899,46.97734],[7.45404,46.97988],[7.46056,46.98077],[7.46957,46.99973]]]}},{"type":"Feature","properties":{"vogeId":363,"vogeName":"Ostermundigen"},"geometry":{"type":"Polygon","coordinates":[[[7.48192,46.96958],[7.48912,46.97047],[7.50801,46.96613],[7.51024,46.95091],[7.49449,46.94077],[7.4864,46.94719],[7.47697,46.9545],[7.48192,46.96958]]]}},{"type":"Feature","properties":{"vogeId":371,"vogeName":"Biel/Bienne"},"geometry":{"type":"Polygon","coordinates":[[[7.25447,47.1224],[7.25244,47.12345],[7.24295,47.12746],[7.23572,47.13058],[7.23504,47.13252],[7.23255,47.13386],[7.22309,47.13086],[7.21566,47.12666],[7.20165,47.13305],[7.21607,47.1383],[7.2404,47.1473],[7.25121,47.15359],[7.24736,47.15746],[7.22751,47.15385],[7.22569,47.15772],[7.25861,47.16718],[7.29313,47.17305],[7.29721,47.16515],[7.31098,47.16412],[7.30018,47.15247],[7.28352,47.1405],[7.26661,47.13645],[7.26754,47.1281],[7.25447,47.1224]]]}},{"type":"Feature","properties":{"vogeId":372,"vogeName":"Evilard"},"geometry":{"type":"Polygon","coordinates":[[[7.19103,47.13721],[7.22751,47.15385],[7.24736,47.15746],[7.25121,47.15359],[7.2404,47.1473],[7.21607,47.1383],[7.20165,47.13305],[7.20052,47.1338],[7.19103,47.13721]]]}},{"type":"Feature","properties":{"vogeId":381,"vogeName":"Arch"},"geometry":{"type":"Polygon","coordinates":[[[7.43084,47.1812],[7.43264,47.18434],[7.43716,47.18493],[7.43897,47.18255],[7.44168,47.17971],[7.45454,47.15628],[7.43987,47.15046],[7.4103,47.1621],[7.41594,47.16523],[7.4173,47.16941],[7.42068,47.1724],[7.42836,47.17344],[7.43129,47.17673],[7.43084,47.1812]]]}},{"type":"Feature","properties":{"vogeId":382,"vogeName":"B\u00fcetigen"},"geometry":{"type":"Polygon","coordinates":[[[7.3332,47.11728],[7.34809,47.11431],[7.34812,47.09386],[7.33324,47.09669],[7.33254,47.10758],[7.31562,47.1101],[7.32216,47.11309],[7.3332,47.11728]]]}},{"type":"Feature","properties":{"vogeId":383,"vogeName":"B\u00fcren an der Aare"},"geometry":{"type":"Polygon","coordinates":[[[7.3431,47.13102],[7.33135,47.14011],[7.3345,47.14265],[7.3417,47.15191],[7.3769,47.16179],[7.38254,47.16149],[7.39315,47.1603],[7.38841,47.15567],[7.38571,47.14836],[7.40196,47.14165],[7.38664,47.12597],[7.3713,47.12253],[7.36747,47.12343],[7.35213,47.1258],[7.36,47.14208],[7.34443,47.14206],[7.34805,47.13535],[7.3431,47.13102]]]}},{"type":"Feature","properties":{"vogeId":385,"vogeName":"Diessbach bei B\u00fcren"},"geometry":{"type":"Polygon","coordinates":[[[7.36747,47.12343],[7.3713,47.12253],[7.38216,47.09568],[7.36706,47.0897],[7.35061,47.09058],[7.34812,47.09386],[7.34809,47.11431],[7.36747,47.12343]]]}},{"type":"Feature","properties":{"vogeId":386,"vogeName":"Dotzigen"},"geometry":{"type":"Polygon","coordinates":[[[7.3431,47.13102],[7.34805,47.13535],[7.34443,47.14206],[7.36,47.14208],[7.35213,47.1258],[7.36747,47.12343],[7.34809,47.11431],[7.3332,47.11728],[7.3431,47.13102]]]}},{"type":"Feature","properties":{"vogeId":387,"vogeName":"Lengnau (BE)"},"geometry":{"type":"Polygon","coordinates":[[[7.34842,47.18669],[7.33937,47.19474],[7.338,47.20384],[7.34477,47.20728],[7.3545,47.19147],[7.36557,47.19446],[7.38071,47.18358],[7.39021,47.16866],[7.38254,47.16149],[7.3769,47.16179],[7.35928,47.17177],[7.34842,47.18669]]]}},{"type":"Feature","properties":{"vogeId":388,"vogeName":"Leuzigen"},"geometry":{"type":"Polygon","coordinates":[[[7.4498,47.18508],[7.44913,47.18822],[7.45116,47.18971],[7.45658,47.18896],[7.47578,47.19075],[7.47938,47.17359],[7.49563,47.17164],[7.47981,47.15538],[7.47169,47.1524],[7.45454,47.15628],[7.44168,47.17971],[7.44529,47.17986],[7.44867,47.18225],[7.4498,47.18508]]]}},{"type":"Feature","properties":{"vogeId":390,"vogeName":"Meinisberg"},"geometry":{"type":"Polygon","coordinates":[[[7.32769,47.16458],[7.35928,47.17177],[7.3769,47.16179],[7.3417,47.15191],[7.32769,47.16458]]]}},{"type":"Feature","properties":{"vogeId":391,"vogeName":"Oberwil bei B\u00fcren"},"geometry":{"type":"Polygon","coordinates":[[[7.40196,47.14165],[7.42114,47.14643],[7.42656,47.14106],[7.42182,47.13583],[7.43581,47.12882],[7.44009,47.12375],[7.42769,47.12345],[7.40559,47.11837],[7.38664,47.12597],[7.40196,47.14165]]]}},{"type":"Feature","properties":{"vogeId":392,"vogeName":"Pieterlen"},"geometry":{"type":"Polygon","coordinates":[[[7.30418,47.17799],[7.3342,47.18115],[7.34842,47.18669],[7.35928,47.17177],[7.32769,47.16458],[7.31098,47.16412],[7.29721,47.16515],[7.29313,47.17305],[7.30418,47.17799]]]}},{"type":"Feature","properties":{"vogeId":393,"vogeName":"R\u00fcti bei B\u00fcren"},"geometry":{"type":"Polygon","coordinates":[[[7.39315,47.1603],[7.40127,47.16284],[7.4103,47.1621],[7.43987,47.15046],[7.44122,47.14598],[7.42656,47.14106],[7.42114,47.14643],[7.40196,47.14165],[7.38571,47.14836],[7.38841,47.15567],[7.39315,47.1603]]]}},{"type":"Feature","properties":{"vogeId":394,"vogeName":"Wengi"},"geometry":{"type":"Polygon","coordinates":[[[7.41214,47.09554],[7.4153,47.09643],[7.42184,47.08077],[7.38782,47.07449],[7.38307,47.08404],[7.36775,47.08149],[7.36706,47.0897],[7.38216,47.09568],[7.41214,47.09554]]]}},{"type":"Feature","properties":{"vogeId":401,"vogeName":"Aefligen"},"geometry":{"type":"Polygon","coordinates":[[[7.53637,47.10625],[7.53705,47.10998],[7.54854,47.10265],[7.56273,47.09592],[7.55347,47.08668],[7.53637,47.10625]]]}},{"type":"Feature","properties":{"vogeId":402,"vogeName":"Alchenstorf"},"geometry":{"type":"Polygon","coordinates":[[[7.64968,47.13624],[7.67061,47.12635],[7.65569,47.11653],[7.65611,47.10892],[7.63853,47.11253],[7.61918,47.12391],[7.62462,47.13345],[7.64449,47.137],[7.64968,47.13624]]]}},{"type":"Feature","properties":{"vogeId":403,"vogeName":"B\u00e4riswil"},"geometry":{"type":"Polygon","coordinates":[[[7.53083,47.02805],[7.54005,47.02282],[7.53755,47.01103],[7.53283,47.01656],[7.52496,47.02014],[7.53083,47.02805]]]}},{"type":"Feature","properties":{"vogeId":404,"vogeName":"Burgdorf"},"geometry":{"type":"Polygon","coordinates":[[[7.63528,47.08567],[7.64451,47.08267],[7.64199,47.07134],[7.65482,47.06892],[7.64124,47.05403],[7.6434,47.0297],[7.63934,47.02761],[7.62431,47.04241],[7.61643,47.04437],[7.57901,47.02964],[7.57925,47.03442],[7.58244,47.0474],[7.59346,47.04306],[7.60384,47.05125],[7.59822,47.05499],[7.59125,47.05768],[7.60278,47.0705],[7.62529,47.06405],[7.63528,47.08567]]]}},{"type":"Feature","properties":{"vogeId":405,"vogeName":"Ersigen"},"geometry":{"type":"Polygon","coordinates":[[[7.58918,47.1232],[7.61918,47.12391],[7.63853,47.11253],[7.62994,47.10523],[7.63489,47.10328],[7.63713,47.09925],[7.62289,47.08704],[7.59471,47.08499],[7.57583,47.10516],[7.57968,47.11217],[7.59073,47.11231],[7.59074,47.11813],[7.58918,47.1232]]]}},{"type":"Feature","properties":{"vogeId":406,"vogeName":"Hasle bei Burgdorf"},"geometry":{"type":"Polygon","coordinates":[[[7.63934,47.02761],[7.6434,47.0297],[7.64632,47.02685],[7.64676,47.02357],[7.6481,47.02133],[7.65619,47.01773],[7.66292,47.01294],[7.67079,47.0095],[7.67931,47.00425],[7.68397,46.98977],[7.68551,46.98215],[7.65739,46.98117],[7.62772,46.98644],[7.60294,46.97708],[7.59172,46.98441],[7.59353,46.98828],[7.60883,46.98976],[7.60773,46.99767],[7.63934,47.02761]]]}},{"type":"Feature","properties":{"vogeId":407,"vogeName":"Heimiswil"},"geometry":{"type":"Polygon","coordinates":[[[7.64451,47.08267],[7.66731,47.09173],[7.69091,47.07795],[7.69473,47.07466],[7.70821,47.06672],[7.68245,47.05066],[7.67901,47.03739],[7.64632,47.02685],[7.6434,47.0297],[7.64124,47.05403],[7.65482,47.06892],[7.64199,47.07134],[7.64451,47.08267]]]}},{"type":"Feature","properties":{"vogeId":409,"vogeName":"Hindelbank"},"geometry":{"type":"Polygon","coordinates":[[[7.53695,47.05536],[7.55273,47.05683],[7.56196,47.05414],[7.57097,47.05532],[7.58244,47.0474],[7.57925,47.03442],[7.56529,47.03682],[7.54277,47.03177],[7.54005,47.02282],[7.53083,47.02805],[7.52319,47.03835],[7.53695,47.05536]]]}},{"type":"Feature","properties":{"vogeId":410,"vogeName":"H\u00f6chstetten"},"geometry":{"type":"Polygon","coordinates":[[[7.62198,47.15315],[7.64476,47.14908],[7.65267,47.15161],[7.65897,47.14667],[7.64968,47.13624],[7.64449,47.137],[7.62462,47.13345],[7.62443,47.14181],[7.62198,47.15315]]]}},{"type":"Feature","properties":{"vogeId":411,"vogeName":"Kernenried"},"geometry":{"type":"Polygon","coordinates":[[[7.5656,47.0707],[7.55273,47.05683],[7.53695,47.05536],[7.53651,47.06103],[7.54917,47.07892],[7.5656,47.0707]]]}},{"type":"Feature","properties":{"vogeId":412,"vogeName":"Kirchberg (BE)"},"geometry":{"type":"Polygon","coordinates":[[[7.56273,47.09592],[7.57583,47.10516],[7.59471,47.08499],[7.62289,47.08704],[7.63713,47.09925],[7.64117,47.09507],[7.63528,47.08567],[7.62529,47.06405],[7.60278,47.0705],[7.59535,47.07365],[7.58388,47.08262],[7.57376,47.09024],[7.56273,47.09592]]]}},{"type":"Feature","properties":{"vogeId":413,"vogeName":"Koppigen"},"geometry":{"type":"Polygon","coordinates":[[[7.59016,47.15156],[7.60483,47.15273],[7.6093,47.13705],[7.62443,47.14181],[7.62462,47.13345],[7.61918,47.12391],[7.58918,47.1232],[7.58609,47.14753],[7.59016,47.15156]]]}},{"type":"Feature","properties":{"vogeId":414,"vogeName":"Krauchthal"},"geometry":{"type":"Polygon","coordinates":[[[7.57925,47.03442],[7.57901,47.02964],[7.58146,47.01845],[7.59924,47.01723],[7.59921,47.00693],[7.58321,46.9983],[7.57531,46.99174],[7.5627,46.98578],[7.55102,46.99565],[7.54627,46.98162],[7.52939,46.97716],[7.53596,47.00312],[7.53755,47.01103],[7.54005,47.02282],[7.54277,47.03177],[7.56529,47.03682],[7.57925,47.03442]]]}},{"type":"Feature","properties":{"vogeId":415,"vogeName":"Lyssach"},"geometry":{"type":"Polygon","coordinates":[[[7.56966,47.07428],[7.58388,47.08262],[7.59535,47.07365],[7.60278,47.0705],[7.59125,47.05768],[7.57752,47.06113],[7.57097,47.05532],[7.56196,47.05414],[7.55273,47.05683],[7.5656,47.0707],[7.56966,47.07428]]]}},{"type":"Feature","properties":{"vogeId":418,"vogeName":"Oberburg"},"geometry":{"type":"MultiPolygon","coordinates":[[[[7.58244,47.0474],[7.59822,47.05499],[7.60384,47.05125],[7.59346,47.04306],[7.58244,47.0474]]],[[[7.57531,46.99174],[7.58321,46.9983],[7.59353,46.98828],[7.59172,46.98441],[7.57531,46.99174]]],[[[7.57901,47.02964],[7.61643,47.04437],[7.62431,47.04241],[7.63934,47.02761],[7.60773,46.99767],[7.59921,47.00693],[7.59924,47.01723],[7.58146,47.01845],[7.57901,47.02964]]]]}},{"type":"Feature","properties":{"vogeId":420,"vogeName":"R\u00fcdtligen-Alchenfl\u00fch"},"geometry":{"type":"Polygon","coordinates":[[[7.55347,47.08668],[7.56273,47.09592],[7.57376,47.09024],[7.58388,47.08262],[7.56966,47.07428],[7.55347,47.08668]]]}},{"type":"Feature","properties":{"vogeId":421,"vogeName":"Rumendingen"},"geometry":{"type":"Polygon","coordinates":[[[7.63853,47.11253],[7.65611,47.10892],[7.65494,47.09907],[7.64117,47.09507],[7.63713,47.09925],[7.63489,47.10328],[7.62994,47.10523],[7.63853,47.11253]]]}},{"type":"Feature","properties":{"vogeId":422,"vogeName":"R\u00fcti bei Lyssach"},"geometry":{"type":"Polygon","coordinates":[[[7.57097,47.05532],[7.57752,47.06113],[7.59125,47.05768],[7.59822,47.05499],[7.58244,47.0474],[7.57097,47.05532]]]}},{"type":"Feature","properties":{"vogeId":423,"vogeName":"Willadingen"},"geometry":{"type":"Polygon","coordinates":[[[7.61928,47.1545],[7.62198,47.15315],[7.62443,47.14181],[7.6093,47.13705],[7.60483,47.15273],[7.61928,47.1545]]]}},{"type":"Feature","properties":{"vogeId":424,"vogeName":"Wynigen"},"geometry":{"type":"Polygon","coordinates":[[[7.72829,47.11309],[7.73258,47.11576],[7.73252,47.10382],[7.74152,47.10052],[7.73491,47.08695],[7.72384,47.08206],[7.71097,47.07716],[7.70153,47.08226],[7.69473,47.07466],[7.69091,47.07795],[7.66731,47.09173],[7.64451,47.08267],[7.63528,47.08567],[7.64117,47.09507],[7.65494,47.09907],[7.65611,47.10892],[7.65569,47.11653],[7.67061,47.12635],[7.70246,47.13539],[7.72039,47.11221],[7.72829,47.11309]]]}},{"type":"Feature","properties":{"vogeId":431,"vogeName":"Corg\u00e9mont"},"geometry":{"type":"Polygon","coordinates":[[[7.1405,47.21753],[7.15384,47.21562],[7.16562,47.16416],[7.14511,47.15829],[7.13948,47.15649],[7.11869,47.19941],[7.0974,47.20741],[7.09896,47.21084],[7.1405,47.21753]]]}},{"type":"Feature","properties":{"vogeId":432,"vogeName":"Cormoret"},"geometry":{"type":"Polygon","coordinates":[[[7.01618,47.19475],[7.02564,47.19777],[7.05829,47.18057],[7.07597,47.13735],[7.05367,47.1319],[7.01618,47.19475]]]}},{"type":"Feature","properties":{"vogeId":433,"vogeName":"Cort\u00e9bert"},"geometry":{"type":"Polygon","coordinates":[[[7.08726,47.20454],[7.0974,47.20741],[7.11869,47.19941],[7.13948,47.15649],[7.10232,47.14474],[7.09392,47.15293],[7.10623,47.16923],[7.08726,47.20454]]]}},{"type":"Feature","properties":{"vogeId":434,"vogeName":"Courtelary"},"geometry":{"type":"Polygon","coordinates":[[[7.03347,47.20765],[7.03504,47.20974],[7.04122,47.19932],[7.08726,47.20454],[7.10623,47.16923],[7.09392,47.15293],[7.10232,47.14474],[7.07597,47.13735],[7.05829,47.18057],[7.02564,47.19777],[7.03347,47.20765]]]}},{"type":"Feature","properties":{"vogeId":435,"vogeName":"La Ferri\u00e8re"},"geometry":{"type":"Polygon","coordinates":[[[6.86156,47.16557],[6.87208,47.17398],[6.88384,47.15046],[6.91598,47.16345],[6.93408,47.13562],[6.91142,47.12253],[6.88615,47.12391],[6.87834,47.1373],[6.86156,47.16557]]]}},{"type":"Feature","properties":{"vogeId":437,"vogeName":"Mont-Tramelan"},"geometry":{"type":"Polygon","coordinates":[[[7.03504,47.20974],[7.04399,47.22141],[7.06192,47.20968],[7.09896,47.21084],[7.0974,47.20741],[7.08726,47.20454],[7.04122,47.19932],[7.03504,47.20974]]]}},{"type":"Feature","properties":{"vogeId":438,"vogeName":"Orvin"},"geometry":{"type":"Polygon","coordinates":[[[7.20306,47.17081],[7.22924,47.17206],[7.25273,47.17016],[7.25861,47.16718],[7.22569,47.15772],[7.22751,47.15385],[7.19103,47.13721],[7.17008,47.1303],[7.15353,47.14563],[7.14511,47.15829],[7.16562,47.16416],[7.20306,47.17081]]]}},{"type":"Feature","properties":{"vogeId":441,"vogeName":"Renan (BE)"},"geometry":{"type":"Polygon","coordinates":[[[6.88615,47.12391],[6.91142,47.12253],[6.93408,47.13562],[6.94475,47.1282],[6.93375,47.12219],[6.93928,47.10967],[6.91813,47.1051],[6.88603,47.09197],[6.86671,47.08501],[6.8608,47.0902],[6.86346,47.0938],[6.88615,47.12391]]]}},{"type":"Feature","properties":{"vogeId":442,"vogeName":"Romont (BE)"},"geometry":{"type":"Polygon","coordinates":[[[7.32758,47.21562],[7.34045,47.21757],[7.34477,47.20728],[7.338,47.20384],[7.33937,47.19474],[7.34842,47.18669],[7.3342,47.18115],[7.30418,47.17799],[7.30417,47.18247],[7.3238,47.18667],[7.32038,47.20278],[7.32037,47.2086],[7.31922,47.21531],[7.32758,47.21562]]]}},{"type":"Feature","properties":{"vogeId":443,"vogeName":"Saint-Imier"},"geometry":{"type":"Polygon","coordinates":[[[6.94535,47.18536],[6.95211,47.18733],[6.956,47.18078],[6.98449,47.17612],[7.00441,47.16993],[7.00441,47.16963],[7.01456,47.14236],[7.03316,47.12974],[7.02012,47.12388],[7.00794,47.12443],[6.98455,47.11673],[6.98638,47.14046],[6.94043,47.18042],[6.94535,47.18536]]]}},{"type":"Feature","properties":{"vogeId":444,"vogeName":"Sonceboz-Sombeval"},"geometry":{"type":"Polygon","coordinates":[[[7.15384,47.21562],[7.16604,47.21535],[7.20744,47.20141],[7.20587,47.19917],[7.19846,47.18961],[7.20306,47.17081],[7.16562,47.16416],[7.15384,47.21562]]]}},{"type":"Feature","properties":{"vogeId":445,"vogeName":"Sonvilier"},"geometry":{"type":"Polygon","coordinates":[[[6.91598,47.16345],[6.94043,47.18042],[6.98638,47.14046],[6.98455,47.11673],[6.97193,47.11503],[6.95188,47.11271],[6.93928,47.10967],[6.93375,47.12219],[6.94475,47.1282],[6.93408,47.13562],[6.91598,47.16345]]]}},{"type":"Feature","properties":{"vogeId":446,"vogeName":"Tramelan"},"geometry":{"type":"Polygon","coordinates":[[[7.05808,47.24176],[7.07951,47.24779],[7.0884,47.23693],[7.15051,47.24635],[7.14852,47.23695],[7.14607,47.23127],[7.1405,47.21753],[7.09896,47.21084],[7.06192,47.20968],[7.04399,47.22141],[7.04689,47.2268],[7.05861,47.23116],[7.05696,47.24041],[7.05808,47.24176]]]}},{"type":"Feature","properties":{"vogeId":448,"vogeName":"Villeret"},"geometry":{"type":"Polygon","coordinates":[[[6.995,47.18915],[7.01618,47.19475],[7.05367,47.1319],[7.03997,47.12469],[7.03316,47.12974],[7.01456,47.14236],[7.00441,47.16963],[7.00441,47.16993],[6.98449,47.17612],[6.995,47.18915]]]}},{"type":"Feature","properties":{"vogeId":449,"vogeName":"Sauge"},"geometry":{"type":"Polygon","coordinates":[[[7.32037,47.2086],[7.32038,47.20278],[7.3238,47.18667],[7.30417,47.18247],[7.30418,47.17799],[7.29313,47.17305],[7.25861,47.16718],[7.25273,47.17016],[7.25272,47.17269],[7.2547,47.18747],[7.28627,47.20155],[7.32037,47.2086]]]}},{"type":"Feature","properties":{"vogeId":450,"vogeName":"P\u00e9ry-La Heutte"},"geometry":{"type":"Polygon","coordinates":[[[7.29617,47.21753],[7.31922,47.21531],[7.32037,47.2086],[7.28627,47.20155],[7.2547,47.18747],[7.25272,47.17269],[7.25273,47.17016],[7.22924,47.17206],[7.20306,47.17081],[7.19846,47.18961],[7.20587,47.19917],[7.20744,47.20141],[7.22707,47.20787],[7.22888,47.20787],[7.25191,47.2109],[7.27427,47.21227],[7.29617,47.21753]]]}},{"type":"Feature","properties":{"vogeId":491,"vogeName":"Br\u00fcttelen"},"geometry":{"type":"Polygon","coordinates":[[[7.13817,47.02888],[7.15278,47.03265],[7.16467,47.04223],[7.17233,47.0418],[7.16741,47.03537],[7.17688,47.03271],[7.15804,47.01834],[7.14729,47.00727],[7.13672,47.00634],[7.12336,47.02034],[7.14202,47.02442],[7.13817,47.02888]]]}},{"type":"Feature","properties":{"vogeId":492,"vogeName":"Erlach"},"geometry":{"type":"Polygon","coordinates":[[[7.11931,47.05749],[7.12226,47.05466],[7.10227,47.0455],[7.10183,47.044],[7.10613,47.03924],[7.09566,47.02279],[7.08804,47.01695],[7.08779,47.02098],[7.09315,47.02756],[7.0859,47.03366],[7.08897,47.04665],[7.0973,47.04698],[7.10831,47.05163],[7.11931,47.05749]]]}},{"type":"Feature","properties":{"vogeId":493,"vogeName":"Finsterhennen"},"geometry":{"type":"Polygon","coordinates":[[[7.17688,47.03271],[7.18114,47.03511],[7.19811,47.01709],[7.18127,47.00824],[7.17041,47.01926],[7.16413,47.01537],[7.15804,47.01834],[7.17688,47.03271]]]}},{"type":"Feature","properties":{"vogeId":494,"vogeName":"Gals"},"geometry":{"type":"Polygon","coordinates":[[[7.07543,47.05124],[7.07951,47.04677],[7.08492,47.04634],[7.08897,47.04665],[7.0859,47.03366],[7.05893,47.02671],[7.05154,47.02146],[7.03377,47.02035],[7.03329,47.02393],[7.03324,47.0299],[7.03704,47.03454],[7.04331,47.03919],[7.05363,47.0434],[7.06309,47.04448],[7.06893,47.04614],[7.07543,47.05124]]]}},{"type":"Feature","properties":{"vogeId":495,"vogeName":"Gampelen"},"geometry":{"type":"Polygon","coordinates":[[[7.03377,47.02035],[7.05154,47.02146],[7.0565,47.01998],[7.07226,47.02108],[7.08311,47.0132],[7.07401,46.99512],[7.05249,46.98415],[7.04461,46.98457],[7.04976,46.98743],[7.04045,46.99903],[7.03004,47.00646],[7.03202,47.01303],[7.03377,47.02035]]]}},{"type":"Feature","properties":{"vogeId":496,"vogeName":"Ins"},"geometry":{"type":"Polygon","coordinates":[[[7.09566,47.02279],[7.10219,47.02237],[7.13817,47.02888],[7.14202,47.02442],[7.12336,47.02034],[7.13672,47.00634],[7.1273,47.00184],[7.13798,46.98351],[7.09371,46.97622],[7.08875,46.97681],[7.08179,46.97514],[7.04893,46.97862],[7.0388,46.97918],[7.03631,46.98096],[7.0408,46.98202],[7.04461,46.98457],[7.05249,46.98415],[7.07401,46.99512],[7.08311,47.0132],[7.08804,47.01695],[7.09566,47.02279]]]}},{"type":"Feature","properties":{"vogeId":497,"vogeName":"L\u00fcscherz"},"geometry":{"type":"Polygon","coordinates":[[[7.13899,47.04366],[7.14618,47.04696],[7.14955,47.04802],[7.15608,47.04788],[7.1635,47.05029],[7.17091,47.05583],[7.17472,47.05852],[7.18178,47.04317],[7.18114,47.03511],[7.17688,47.03271],[7.16741,47.03537],[7.17233,47.0418],[7.16467,47.04223],[7.15278,47.03265],[7.13817,47.02888],[7.14645,47.03875],[7.13899,47.04366]]]}},{"type":"Feature","properties":{"vogeId":498,"vogeName":"M\u00fcntschemier"},"geometry":{"type":"Polygon","coordinates":[[[7.13672,47.00634],[7.14729,47.00727],[7.171,46.99136],[7.16,46.9873],[7.15371,46.98624],[7.14652,46.98488],[7.13798,46.98351],[7.1273,47.00184],[7.13672,47.00634]]]}},{"type":"Feature","properties":{"vogeId":499,"vogeName":"Siselen"},"geometry":{"type":"Polygon","coordinates":[[[7.18178,47.04317],[7.19889,47.045],[7.21445,47.03861],[7.21247,47.02905],[7.19811,47.01709],[7.18114,47.03511],[7.18178,47.04317]]]}},{"type":"Feature","properties":{"vogeId":500,"vogeName":"Treiten"},"geometry":{"type":"Polygon","coordinates":[[[7.15804,47.01834],[7.16413,47.01537],[7.17041,47.01926],[7.18127,47.00824],[7.17096,47.00106],[7.17864,46.99406],[7.171,46.99136],[7.14729,47.00727],[7.15804,47.01834]]]}},{"type":"Feature","properties":{"vogeId":501,"vogeName":"Tschugg"},"geometry":{"type":"Polygon","coordinates":[[[7.05154,47.02146],[7.05893,47.02671],[7.0859,47.03366],[7.09315,47.02756],[7.08779,47.02098],[7.08804,47.01695],[7.08311,47.0132],[7.07226,47.02108],[7.0565,47.01998],[7.05154,47.02146]]]}},{"type":"Feature","properties":{"vogeId":502,"vogeName":"Vinelz"},"geometry":{"type":"Polygon","coordinates":[[[7.10613,47.03924],[7.10952,47.03806],[7.11988,47.03824],[7.13899,47.04366],[7.14645,47.03875],[7.13817,47.02888],[7.10219,47.02237],[7.09566,47.02279],[7.10613,47.03924]]]}},{"type":"Feature","properties":{"vogeId":533,"vogeName":"B\u00e4tterkinden"},"geometry":{"type":"Polygon","coordinates":[[[7.53896,47.16325],[7.55883,47.16816],[7.55927,47.16189],[7.54413,47.15564],[7.5448,47.15026],[7.54522,47.13429],[7.5425,47.12878],[7.53504,47.11923],[7.53526,47.11416],[7.53705,47.10998],[7.53637,47.10625],[7.53141,47.10729],[7.52828,47.12118],[7.52422,47.12118],[7.51789,47.11432],[7.5046,47.12283],[7.51499,47.13536],[7.52968,47.15087],[7.5218,47.15864],[7.52293,47.16088],[7.53896,47.16325]]]}},{"type":"Feature","properties":{"vogeId":536,"vogeName":"Diemerswil"},"geometry":{"type":"Polygon","coordinates":[[[7.4025,47.02062],[7.4088,47.02614],[7.43266,47.02331],[7.43177,47.01137],[7.4025,47.02062]]]}},{"type":"Feature","properties":{"vogeId":538,"vogeName":"Fraubrunnen"},"geometry":{"type":"Polygon","coordinates":[[[7.46961,47.07494],[7.46624,47.07867],[7.47052,47.08285],[7.47345,47.08957],[7.46737,47.09509],[7.46106,47.10822],[7.47482,47.1121],[7.47978,47.11344],[7.49219,47.11702],[7.5046,47.12283],[7.51789,47.11432],[7.52422,47.12118],[7.52828,47.12118],[7.53141,47.10729],[7.53637,47.10625],[7.55347,47.08668],[7.56966,47.07428],[7.5656,47.0707],[7.54917,47.07892],[7.53651,47.06103],[7.52615,47.06014],[7.51467,47.06328],[7.49845,47.06777],[7.48922,47.07882],[7.46961,47.07494]]]}},{"type":"Feature","properties":{"vogeId":540,"vogeName":"Jegenstorf"},"geometry":{"type":"MultiPolygon","coordinates":[[[[7.46194,47.04032],[7.47185,47.04554],[7.48356,47.04494],[7.48582,47.05404],[7.49845,47.06777],[7.51467,47.06328],[7.52615,47.06014],[7.53651,47.06103],[7.53695,47.05536],[7.52319,47.03835],[7.50945,47.03926],[7.50787,47.03702],[7.48536,47.04002],[7.48198,47.03733],[7.46689,47.03704],[7.46194,47.04032]]],[[[7.46624,47.07867],[7.46961,47.07494],[7.45541,47.0633],[7.44212,47.06659],[7.44325,47.0745],[7.45452,47.07614],[7.46624,47.07867]]]]}},{"type":"Feature","properties":{"vogeId":541,"vogeName":"Iffwil"},"geometry":{"type":"Polygon","coordinates":[[[7.46961,47.07494],[7.48922,47.07882],[7.49845,47.06777],[7.48582,47.05404],[7.45834,47.05733],[7.45541,47.0633],[7.46961,47.07494]]]}},{"type":"Feature","properties":{"vogeId":543,"vogeName":"Mattstetten"},"geometry":{"type":"Polygon","coordinates":[[[7.52319,47.03835],[7.53083,47.02805],[7.52496,47.02014],[7.53283,47.01656],[7.53755,47.01103],[7.53596,47.00312],[7.52561,47.00403],[7.50787,47.03702],[7.50945,47.03926],[7.52319,47.03835]]]}},{"type":"Feature","properties":{"vogeId":544,"vogeName":"Moosseedorf"},"geometry":{"type":"Polygon","coordinates":[[[7.46733,47.0239],[7.46959,47.02584],[7.493,47.02106],[7.51008,46.99971],[7.47632,46.99808],[7.47228,47.01107],[7.46125,47.01376],[7.46733,47.0239]]]}},{"type":"Feature","properties":{"vogeId":546,"vogeName":"M\u00fcnchenbuchsee"},"geometry":{"type":"Polygon","coordinates":[[[7.43221,47.03197],[7.43919,47.03525],[7.45991,47.02973],[7.46733,47.0239],[7.46125,47.01376],[7.47228,47.01107],[7.47632,46.99808],[7.46957,46.99973],[7.43964,47.00779],[7.43177,47.01137],[7.43266,47.02331],[7.4088,47.02614],[7.41037,47.03211],[7.43221,47.03197]]]}},{"type":"Feature","properties":{"vogeId":551,"vogeName":"Urtenen-Sch\u00f6nb\u00fchl"},"geometry":{"type":"Polygon","coordinates":[[[7.48198,47.03733],[7.48536,47.04002],[7.50787,47.03702],[7.52561,47.00403],[7.51008,46.99971],[7.493,47.02106],[7.46959,47.02584],[7.48198,47.03733]]]}},{"type":"Feature","properties":{"vogeId":552,"vogeName":"Utzenstorf"},"geometry":{"type":"Polygon","coordinates":[[[7.57301,47.15053],[7.58609,47.14753],[7.58918,47.1232],[7.59074,47.11813],[7.59073,47.11231],[7.57968,47.11217],[7.57583,47.10516],[7.56273,47.09592],[7.54854,47.10265],[7.53705,47.10998],[7.53526,47.11416],[7.53504,47.11923],[7.5425,47.12878],[7.54522,47.13429],[7.5448,47.15026],[7.55337,47.14906],[7.56035,47.14025],[7.57164,47.14292],[7.57301,47.15053]]]}},{"type":"Feature","properties":{"vogeId":553,"vogeName":"Wiggiswil"},"geometry":{"type":"Polygon","coordinates":[[[7.48198,47.03733],[7.46959,47.02584],[7.46733,47.0239],[7.45991,47.02973],[7.43919,47.03525],[7.44798,47.04614],[7.46194,47.04032],[7.46689,47.03704],[7.48198,47.03733]]]}},{"type":"Feature","properties":{"vogeId":554,"vogeName":"Wiler bei Utzenstorf"},"geometry":{"type":"Polygon","coordinates":[[[7.55927,47.16189],[7.56694,47.16248],[7.57301,47.15053],[7.57164,47.14292],[7.56035,47.14025],[7.55337,47.14906],[7.5448,47.15026],[7.54413,47.15564],[7.55927,47.16189]]]}},{"type":"Feature","properties":{"vogeId":556,"vogeName":"Zielebach"},"geometry":{"type":"Polygon","coordinates":[[[7.55883,47.16816],[7.57485,47.16441],[7.58609,47.14753],[7.57301,47.15053],[7.56694,47.16248],[7.55927,47.16189],[7.55883,47.16816]]]}},{"type":"Feature","properties":{"vogeId":557,"vogeName":"Zuzwil (BE)"},"geometry":{"type":"Polygon","coordinates":[[[7.45834,47.05733],[7.48582,47.05404],[7.48356,47.04494],[7.47185,47.04554],[7.46194,47.04032],[7.44798,47.04614],[7.4464,47.04734],[7.45834,47.05733]]]}},{"type":"Feature","properties":{"vogeId":561,"vogeName":"Adelboden"},"geometry":{"type":"Polygon","coordinates":[[[7.53823,46.52449],[7.58394,46.51966],[7.62713,46.49677],[7.62641,46.4805],[7.6016,46.45964],[7.58344,46.414],[7.56007,46.41567],[7.49465,46.44437],[7.49159,46.49631],[7.513,46.50212],[7.52193,46.51182],[7.53823,46.52449]]]}},{"type":"Feature","properties":{"vogeId":562,"vogeName":"Aeschi bei Spiez"},"geometry":{"type":"Polygon","coordinates":[[[7.67088,46.66698],[7.71446,46.65972],[7.76438,46.63198],[7.79359,46.62219],[7.81777,46.59659],[7.82507,46.58686],[7.78932,46.58429],[7.76617,46.5957],[7.75407,46.58842],[7.74313,46.58845],[7.74501,46.60651],[7.73909,46.62622],[7.71234,46.64002],[7.67992,46.63651],[7.66945,46.64489],[7.68334,46.65203],[7.67088,46.66698]]]}},{"type":"Feature","properties":{"vogeId":563,"vogeName":"Frutigen"},"geometry":{"type":"Polygon","coordinates":[[[7.61369,46.61484],[7.64964,46.6106],[7.69327,46.57559],[7.69278,46.56694],[7.64521,46.56211],[7.63847,46.55018],[7.64998,46.52419],[7.64545,46.50629],[7.62713,46.49677],[7.58394,46.51966],[7.53823,46.52449],[7.553,46.54955],[7.57266,46.55595],[7.61369,46.61484]]]}},{"type":"Feature","properties":{"vogeId":564,"vogeName":"Kandergrund"},"geometry":{"type":"Polygon","coordinates":[[[7.64545,46.50629],[7.64998,46.52419],[7.63847,46.55018],[7.64521,46.56211],[7.69278,46.56694],[7.6965,46.55215],[7.72958,46.52013],[7.71684,46.51419],[7.69724,46.51931],[7.69295,46.50783],[7.64545,46.50629]]]}},{"type":"Feature","properties":{"vogeId":565,"vogeName":"Kandersteg"},"geometry":{"type":"Polygon","coordinates":[[[7.64545,46.50629],[7.69295,46.50783],[7.69724,46.51931],[7.71684,46.51419],[7.72958,46.52013],[7.76257,46.51571],[7.78119,46.49835],[7.80993,46.49632],[7.84346,46.47784],[7.76857,46.43943],[7.74601,46.42755],[7.73708,46.42325],[7.70498,46.41602],[7.69212,46.42679],[7.62606,46.44498],[7.61066,46.4359],[7.59947,46.41562],[7.58344,46.414],[7.6016,46.45964],[7.62641,46.4805],[7.62713,46.49677],[7.64545,46.50629]]]}},{"type":"Feature","properties":{"vogeId":566,"vogeName":"Krattigen"},"geometry":{"type":"Polygon","coordinates":[[[7.71446,46.65972],[7.725,46.66641],[7.74198,46.66278],[7.75201,46.65708],[7.76911,46.63763],[7.76438,46.63198],[7.71446,46.65972]]]}},{"type":"Feature","properties":{"vogeId":567,"vogeName":"Reichenbach im Kandertal"},"geometry":{"type":"Polygon","coordinates":[[[7.66945,46.64489],[7.67992,46.63651],[7.71234,46.64002],[7.73909,46.62622],[7.74501,46.60651],[7.74313,46.58845],[7.75407,46.58842],[7.76617,46.5957],[7.78932,46.58429],[7.82507,46.58686],[7.82376,46.55911],[7.81115,46.54303],[7.82721,46.51148],[7.80993,46.49632],[7.78119,46.49835],[7.76257,46.51571],[7.72958,46.52013],[7.6965,46.55215],[7.69278,46.56694],[7.69327,46.57559],[7.64964,46.6106],[7.61369,46.61484],[7.62738,46.63288],[7.64013,46.6354],[7.64643,46.64673],[7.66945,46.64489]]]}},{"type":"Feature","properties":{"vogeId":571,"vogeName":"Beatenberg"},"geometry":{"type":"Polygon","coordinates":[[[7.8216,46.75941],[7.85387,46.76019],[7.84931,46.74976],[7.83089,46.74281],[7.82808,46.72595],[7.84056,46.71815],[7.81796,46.68793],[7.79959,46.68441],[7.79155,46.68533],[7.77765,46.68208],[7.76334,46.68228],[7.75684,46.6802],[7.74953,46.69276],[7.80594,46.72976],[7.81078,46.74944],[7.8216,46.75941]]]}},{"type":"Feature","properties":{"vogeId":572,"vogeName":"B\u00f6nigen"},"geometry":{"type":"Polygon","coordinates":[[[7.93909,46.69821],[7.95519,46.69649],[7.96537,46.6854],[7.94375,46.66983],[7.90849,46.65296],[7.90166,46.66419],[7.90575,46.67208],[7.89503,46.67391],[7.88157,46.66934],[7.87912,46.66995],[7.87979,46.67069],[7.88451,46.67366],[7.88453,46.67545],[7.88678,46.67738],[7.89018,46.68274],[7.88865,46.68633],[7.88556,46.69186],[7.89317,46.69213],[7.89696,46.69077],[7.89829,46.68883],[7.91842,46.688],[7.93909,46.69821]]]}},{"type":"Feature","properties":{"vogeId":573,"vogeName":"Brienz (BE)"},"geometry":{"type":"Polygon","coordinates":[[[7.98462,46.77501],[8.02063,46.78901],[8.04706,46.78708],[8.04167,46.76622],[8.04871,46.75499],[8.06591,46.75042],[8.07232,46.74292],[8.08734,46.74477],[8.09206,46.74549],[8.08821,46.72402],[8.0753,46.71111],[8.05377,46.7072],[8.05584,46.69271],[8.07753,46.6917],[8.07522,46.68559],[8.03591,46.67103],[8.0125,46.67756],[8.02791,46.69659],[8.00868,46.71892],[8.0124,46.73204],[8.02343,46.73736],[8.03735,46.74027],[8.04607,46.73918],[8.04832,46.73991],[8.04722,46.74201],[8.04904,46.74424],[8.04776,46.75007],[8.04109,46.75413],[8.03256,46.75268],[8.01558,46.7574],[8.00592,46.75431],[7.99696,46.75436],[7.98924,46.76618],[7.98022,46.76041],[7.97042,46.76582],[7.98462,46.77501]]]}},{"type":"Feature","properties":{"vogeId":574,"vogeName":"Brienzwiler"},"geometry":{"type":"MultiPolygon","coordinates":[[[[8.08821,46.72402],[8.11446,46.7279],[8.11864,46.7225],[8.1034,46.70304],[8.07753,46.6917],[8.05584,46.69271],[8.05377,46.7072],[8.0753,46.71111],[8.08821,46.72402]]],[[[8.10226,46.77379],[8.12193,46.77039],[8.12564,46.745],[8.10842,46.74629],[8.09856,46.74635],[8.09206,46.74549],[8.08734,46.74477],[8.08616,46.75806],[8.10226,46.77379]]]]}},{"type":"Feature","properties":{"vogeId":575,"vogeName":"D\u00e4rligen"},"geometry":{"type":"Polygon","coordinates":[[[7.82608,46.66566],[7.83481,46.66742],[7.84216,46.66217],[7.83069,46.65341],[7.8091,46.63572],[7.79307,46.64532],[7.79183,46.66085],[7.80215,46.66544],[7.80684,46.66513],[7.81464,46.66078],[7.82114,46.66225],[7.82608,46.66566]]]}},{"type":"Feature","properties":{"vogeId":576,"vogeName":"Grindelwald"},"geometry":{"type":"Polygon","coordinates":[[[8.0125,46.67756],[8.03591,46.67103],[8.07522,46.68559],[8.07753,46.6917],[8.11681,46.68356],[8.14195,46.65579],[8.14181,46.64475],[8.12985,46.63646],[8.14093,46.62908],[8.14167,46.61669],[8.11701,46.59296],[8.13126,46.55422],[8.1171,46.54654],[8.07302,46.555],[8.06116,46.55223],[8.02135,46.56558],[7.9974,46.55839],[8.00541,46.5776],[7.97123,46.57553],[7.93813,46.61851],[7.9576,46.62141],[7.97136,46.63493],[7.97961,46.65444],[7.97275,46.66208],[7.98464,46.66606],[8.0125,46.67756]]]}},{"type":"Feature","properties":{"vogeId":577,"vogeName":"Gsteigwiler"},"geometry":{"type":"Polygon","coordinates":[[[7.87328,46.66669],[7.88753,46.65932],[7.90166,46.66419],[7.90849,46.65296],[7.89849,46.63375],[7.89492,46.63436],[7.8936,46.63676],[7.89093,46.63826],[7.88691,46.63843],[7.88381,46.64187],[7.87801,46.64413],[7.87335,46.64773],[7.86958,46.65237],[7.86694,46.65686],[7.86741,46.66014],[7.87033,46.66177],[7.87057,46.66446],[7.87328,46.66669]]]}},{"type":"Feature","properties":{"vogeId":578,"vogeName":"G\u00fcndlischwand"},"geometry":{"type":"Polygon","coordinates":[[[7.96537,46.6854],[7.98733,46.68843],[7.98722,46.67769],[7.97689,46.67326],[7.95557,46.66604],[7.92629,46.64304],[7.93478,46.61868],[7.90258,46.61553],[7.89849,46.63375],[7.90849,46.65296],[7.94375,46.66983],[7.96537,46.6854]]]}},{"type":"Feature","properties":{"vogeId":579,"vogeName":"Habkern"},"geometry":{"type":"Polygon","coordinates":[[[7.86684,46.78566],[7.95344,46.79426],[7.95408,46.79172],[7.94889,46.78771],[7.94752,46.78518],[7.94726,46.7816],[7.94878,46.77652],[7.94239,46.76371],[7.91984,46.74694],[7.92334,46.73783],[7.90598,46.72491],[7.88197,46.7174],[7.86657,46.72343],[7.84879,46.71081],[7.84056,46.71815],[7.82808,46.72595],[7.83089,46.74281],[7.84931,46.74976],[7.85387,46.76019],[7.86684,46.78566]]]}},{"type":"Feature","properties":{"vogeId":580,"vogeName":"Hofstetten bei Brienz"},"geometry":{"type":"Polygon","coordinates":[[[8.06835,46.78652],[8.08919,46.7864],[8.10226,46.77379],[8.08616,46.75806],[8.08734,46.74477],[8.07232,46.74292],[8.06591,46.75042],[8.06835,46.78652]]]}},{"type":"Feature","properties":{"vogeId":581,"vogeName":"Interlaken"},"geometry":{"type":"Polygon","coordinates":[[[7.86082,46.70419],[7.87125,46.69251],[7.88424,46.69411],[7.88378,46.69262],[7.88556,46.69186],[7.88865,46.68633],[7.89018,46.68274],[7.86715,46.68447],[7.83481,46.66742],[7.82608,46.66566],[7.82856,46.66894],[7.85962,46.69315],[7.85452,46.69959],[7.86082,46.70419]]]}},{"type":"Feature","properties":{"vogeId":582,"vogeName":"Iseltwald"},"geometry":{"type":"Polygon","coordinates":[[[7.93909,46.69821],[7.94362,46.70326],[7.95082,46.70741],[7.9663,46.71167],[7.98519,46.72008],[7.98948,46.72335],[8.0124,46.73204],[8.00868,46.71892],[8.02791,46.69659],[8.0125,46.67756],[7.98464,46.66606],[7.97689,46.67326],[7.98722,46.67769],[7.98733,46.68843],[7.96537,46.6854],[7.95519,46.69649],[7.93909,46.69821]]]}},{"type":"Feature","properties":{"vogeId":584,"vogeName":"Lauterbrunnen"},"geometry":{"type":"Polygon","coordinates":[[[7.85281,46.62229],[7.88727,46.62813],[7.89206,46.61303],[7.90258,46.61553],[7.93478,46.61868],[7.93813,46.61851],[7.97123,46.57553],[8.00541,46.5776],[7.9974,46.55839],[7.98771,46.54933],[7.9716,46.54552],[7.96284,46.5393],[7.97495,46.52342],[7.96771,46.51286],[7.94179,46.50671],[7.92964,46.49497],[7.8789,46.47816],[7.84346,46.47784],[7.80993,46.49632],[7.82721,46.51148],[7.81115,46.54303],[7.82376,46.55911],[7.82507,46.58686],[7.81777,46.59659],[7.83902,46.60069],[7.85281,46.62229]]]}},{"type":"Feature","properties":{"vogeId":585,"vogeName":"Leissigen"},"geometry":{"type":"Polygon","coordinates":[[[7.75201,46.65708],[7.7596,46.65557],[7.77347,46.65672],[7.79183,46.66085],[7.79307,46.64532],[7.8091,46.63572],[7.79359,46.62219],[7.76438,46.63198],[7.76911,46.63763],[7.75201,46.65708]]]}},{"type":"Feature","properties":{"vogeId":586,"vogeName":"L\u00fctschental"},"geometry":{"type":"Polygon","coordinates":[[[7.97689,46.67326],[7.98464,46.66606],[7.97275,46.66208],[7.97961,46.65444],[7.97136,46.63493],[7.9576,46.62141],[7.93813,46.61851],[7.93478,46.61868],[7.92629,46.64304],[7.95557,46.66604],[7.97689,46.67326]]]}},{"type":"Feature","properties":{"vogeId":587,"vogeName":"Matten bei Interlaken"},"geometry":{"type":"MultiPolygon","coordinates":[[[[7.87912,46.66995],[7.88157,46.66934],[7.89503,46.67391],[7.90575,46.67208],[7.90166,46.66419],[7.88753,46.65932],[7.87328,46.66669],[7.87664,46.66787],[7.87912,46.66995]]],[[[7.89018,46.68274],[7.88678,46.67738],[7.88453,46.67545],[7.88451,46.67366],[7.87979,46.67069],[7.86797,46.67447],[7.84216,46.66217],[7.83481,46.66742],[7.86715,46.68447],[7.89018,46.68274]]]]}},{"type":"Feature","properties":{"vogeId":588,"vogeName":"Niederried bei Interlaken"},"geometry":{"type":"Polygon","coordinates":[[[7.92334,46.73783],[7.9445,46.7255],[7.9382,46.72284],[7.93391,46.71853],[7.92041,46.71127],[7.90598,46.72491],[7.92334,46.73783]]]}},{"type":"Feature","properties":{"vogeId":589,"vogeName":"Oberried am Brienzersee"},"geometry":{"type":"Polygon","coordinates":[[[7.95408,46.79172],[7.96211,46.78735],[7.98462,46.77501],[7.97042,46.76582],[7.98022,46.76041],[7.98924,46.76618],[7.99696,46.75436],[7.97964,46.74772],[7.97288,46.74343],[7.97173,46.73985],[7.96677,46.73689],[7.96071,46.73572],[7.9445,46.7255],[7.92334,46.73783],[7.91984,46.74694],[7.94239,46.76371],[7.94878,46.77652],[7.94726,46.7816],[7.94752,46.78518],[7.94889,46.78771],[7.95408,46.79172]]]}},{"type":"Feature","properties":{"vogeId":590,"vogeName":"Ringgenberg (BE)"},"geometry":{"type":"Polygon","coordinates":[[[7.90598,46.72491],[7.92041,46.71127],[7.91029,46.70579],[7.90065,46.70329],[7.89591,46.69913],[7.88424,46.69411],[7.87125,46.69251],[7.86082,46.70419],[7.88197,46.7174],[7.90598,46.72491]]]}},{"type":"Feature","properties":{"vogeId":591,"vogeName":"Saxeten"},"geometry":{"type":"Polygon","coordinates":[[[7.8091,46.63572],[7.83069,46.65341],[7.85611,46.64421],[7.85281,46.62229],[7.83902,46.60069],[7.81777,46.59659],[7.79359,46.62219],[7.8091,46.63572]]]}},{"type":"Feature","properties":{"vogeId":592,"vogeName":"Schwanden bei Brienz"},"geometry":{"type":"Polygon","coordinates":[[[8.04706,46.78708],[8.06835,46.78652],[8.06591,46.75042],[8.04871,46.75499],[8.04167,46.76622],[8.04706,46.78708]]]}},{"type":"Feature","properties":{"vogeId":593,"vogeName":"Unterseen"},"geometry":{"type":"Polygon","coordinates":[[[7.84056,46.71815],[7.84879,46.71081],[7.86657,46.72343],[7.88197,46.7174],[7.86082,46.70419],[7.85452,46.69959],[7.85962,46.69315],[7.82856,46.66894],[7.82747,46.67208],[7.82211,46.67329],[7.81054,46.68213],[7.79959,46.68441],[7.81796,46.68793],[7.84056,46.71815]]]}},{"type":"Feature","properties":{"vogeId":594,"vogeName":"Wilderswil"},"geometry":{"type":"Polygon","coordinates":[[[7.87979,46.67069],[7.87912,46.66995],[7.87664,46.66787],[7.87328,46.66669],[7.87057,46.66446],[7.87033,46.66177],[7.86741,46.66014],[7.86694,46.65686],[7.86958,46.65237],[7.87335,46.64773],[7.87801,46.64413],[7.88381,46.64187],[7.88691,46.63843],[7.89093,46.63826],[7.8936,46.63676],[7.89492,46.63436],[7.89849,46.63375],[7.90258,46.61553],[7.89206,46.61303],[7.88727,46.62813],[7.85281,46.62229],[7.85611,46.64421],[7.83069,46.65341],[7.84216,46.66217],[7.86797,46.67447],[7.87979,46.67069]]]}},{"type":"Feature","properties":{"vogeId":602,"vogeName":"Arni (BE)"},"geometry":{"type":"Polygon","coordinates":[[[7.62508,46.93988],[7.64424,46.95328],[7.69791,46.93959],[7.69745,46.93825],[7.63893,46.91628],[7.63624,46.91688],[7.63924,46.93792],[7.62508,46.93988]]]}},{"type":"Feature","properties":{"vogeId":603,"vogeName":"Biglen"},"geometry":{"type":"Polygon","coordinates":[[[7.61607,46.93229],[7.62508,46.93988],[7.63924,46.93792],[7.63624,46.91688],[7.62433,46.91601],[7.6176,46.9199],[7.61607,46.93229]]]}},{"type":"Feature","properties":{"vogeId":605,"vogeName":"Bowil"},"geometry":{"type":"Polygon","coordinates":[[[7.6735,46.9101],[7.6946,46.90572],[7.71103,46.91121],[7.72872,46.90086],[7.7309,46.88982],[7.70862,46.87898],[7.71349,46.86538],[7.68878,46.86171],[7.68528,46.88201],[7.68668,46.8941],[7.6721,46.89652],[7.6735,46.9101]]]}},{"type":"Feature","properties":{"vogeId":606,"vogeName":"Brenzikofen"},"geometry":{"type":"Polygon","coordinates":[[[7.6074,46.82066],[7.63072,46.82018],[7.6226,46.80661],[7.62081,46.80661],[7.60691,46.80753],[7.6074,46.82066]]]}},{"type":"Feature","properties":{"vogeId":607,"vogeName":"Freimettigen"},"geometry":{"type":"Polygon","coordinates":[[[7.62056,46.86467],[7.62979,46.87316],[7.64616,46.86851],[7.64387,46.85583],[7.61492,46.85602],[7.62056,46.86467]]]}},{"type":"Feature","properties":{"vogeId":608,"vogeName":"Grossh\u00f6chstetten"},"geometry":{"type":"Polygon","coordinates":[[[7.6176,46.9199],[7.62433,46.91601],[7.63624,46.91688],[7.63893,46.91628],[7.65103,46.90715],[7.64606,46.89985],[7.63706,46.89778],[7.61908,46.89422],[7.60922,46.89797],[7.596,46.90963],[7.59488,46.91157],[7.60209,46.91723],[7.6133,46.91169],[7.6176,46.9199]]]}},{"type":"Feature","properties":{"vogeId":609,"vogeName":"H\u00e4utligen"},"geometry":{"type":"Polygon","coordinates":[[[7.6044,46.86619],[7.62056,46.86467],[7.61492,46.85602],[7.60951,46.84932],[7.58778,46.86218],[7.6044,46.86619]]]}},{"type":"Feature","properties":{"vogeId":610,"vogeName":"Herbligen"},"geometry":{"type":"Polygon","coordinates":[[[7.59061,46.83188],[7.60251,46.83634],[7.61863,46.82617],[7.63657,46.8239],[7.63072,46.82018],[7.6074,46.82066],[7.59061,46.83188]]]}},{"type":"Feature","properties":{"vogeId":611,"vogeName":"Kiesen"},"geometry":{"type":"Polygon","coordinates":[[[7.56794,46.82489],[7.5841,46.8295],[7.59254,46.80084],[7.58312,46.79697],[7.5746,46.79981],[7.57125,46.80295],[7.56835,46.80788],[7.57196,46.81832],[7.56794,46.82489]]]}},{"type":"Feature","properties":{"vogeId":612,"vogeName":"Konolfingen"},"geometry":{"type":"Polygon","coordinates":[[[7.63706,46.89778],[7.64197,46.88822],[7.6251,46.87944],[7.62979,46.87316],[7.62056,46.86467],[7.6044,46.86619],[7.59905,46.87694],[7.57976,46.88562],[7.57685,46.891],[7.596,46.90963],[7.60922,46.89797],[7.61908,46.89422],[7.63706,46.89778]]]}},{"type":"Feature","properties":{"vogeId":613,"vogeName":"Landiswil"},"geometry":{"type":"Polygon","coordinates":[[[7.65641,46.96102],[7.68502,46.9726],[7.70053,46.96973],[7.70204,46.95704],[7.69791,46.93959],[7.64424,46.95328],[7.65641,46.96102]]]}},{"type":"Feature","properties":{"vogeId":614,"vogeName":"Linden"},"geometry":{"type":"Polygon","coordinates":[[[7.68878,46.86171],[7.71349,46.86538],[7.72192,46.84626],[7.70957,46.84465],[7.70975,46.83659],[7.67225,46.82876],[7.66691,46.83937],[7.66604,46.84549],[7.64652,46.84627],[7.64387,46.85583],[7.66767,46.85892],[7.68045,46.85561],[7.68878,46.86171]]]}},{"type":"Feature","properties":{"vogeId":615,"vogeName":"Mirchel"},"geometry":{"type":"Polygon","coordinates":[[[7.63706,46.89778],[7.64606,46.89985],[7.66263,46.88728],[7.65093,46.88328],[7.64197,46.88822],[7.63706,46.89778]]]}},{"type":"Feature","properties":{"vogeId":616,"vogeName":"M\u00fcnsingen"},"geometry":{"type":"Polygon","coordinates":[[[7.6044,46.86619],[7.58778,46.86218],[7.57925,46.86264],[7.55499,46.85386],[7.54761,46.86685],[7.54023,46.87835],[7.55328,46.89431],[7.56609,46.89638],[7.56545,46.91026],[7.59488,46.91157],[7.596,46.90963],[7.57685,46.891],[7.57976,46.88562],[7.59905,46.87694],[7.6044,46.86619]]]}},{"type":"Feature","properties":{"vogeId":617,"vogeName":"Niederh\u00fcnigen"},"geometry":{"type":"Polygon","coordinates":[[[7.64197,46.88822],[7.65093,46.88328],[7.64843,46.87492],[7.66767,46.85892],[7.64387,46.85583],[7.64616,46.86851],[7.62979,46.87316],[7.6251,46.87944],[7.64197,46.88822]]]}},{"type":"Feature","properties":{"vogeId":619,"vogeName":"Oberdiessbach"},"geometry":{"type":"Polygon","coordinates":[[[7.64234,46.80777],[7.6226,46.80661],[7.63072,46.82018],[7.63657,46.8239],[7.61863,46.82617],[7.60251,46.83634],[7.60478,46.8435],[7.60951,46.84932],[7.61492,46.85602],[7.64387,46.85583],[7.64652,46.84627],[7.66604,46.84549],[7.66691,46.83937],[7.67225,46.82876],[7.65788,46.82491],[7.64234,46.80777]]]}},{"type":"Feature","properties":{"vogeId":620,"vogeName":"Oberthal"},"geometry":{"type":"Polygon","coordinates":[[[7.69745,46.93825],[7.69765,46.93228],[7.71103,46.91121],[7.6946,46.90572],[7.6735,46.9101],[7.65103,46.90715],[7.63893,46.91628],[7.69745,46.93825]]]}},{"type":"Feature","properties":{"vogeId":622,"vogeName":"Oppligen"},"geometry":{"type":"Polygon","coordinates":[[[7.5841,46.8295],[7.59061,46.83188],[7.6074,46.82066],[7.60691,46.80753],[7.59254,46.80084],[7.5841,46.8295]]]}},{"type":"Feature","properties":{"vogeId":623,"vogeName":"Rubigen"},"geometry":{"type":"Polygon","coordinates":[[[7.54119,46.91089],[7.56545,46.91026],[7.56609,46.89638],[7.55328,46.89431],[7.54023,46.87835],[7.53508,46.89089],[7.52634,46.9],[7.51512,46.90822],[7.54119,46.91089]]]}},{"type":"Feature","properties":{"vogeId":626,"vogeName":"Walkringen"},"geometry":{"type":"Polygon","coordinates":[[[7.60294,46.97708],[7.62772,46.98644],[7.65739,46.98117],[7.65641,46.96102],[7.64424,46.95328],[7.62508,46.93988],[7.61607,46.93229],[7.59069,46.94008],[7.59949,46.95186],[7.61823,46.97512],[7.60294,46.97708]]]}},{"type":"Feature","properties":{"vogeId":627,"vogeName":"Worb"},"geometry":{"type":"Polygon","coordinates":[[[7.52191,46.93866],[7.54191,46.93536],[7.54957,46.94535],[7.57383,46.93995],[7.57363,46.94861],[7.59949,46.95186],[7.59069,46.94008],[7.61607,46.93229],[7.6176,46.9199],[7.6133,46.91169],[7.60209,46.91723],[7.59488,46.91157],[7.56545,46.91026],[7.54119,46.91089],[7.52211,46.92553],[7.52191,46.93866]]]}},{"type":"Feature","properties":{"vogeId":628,"vogeName":"Z\u00e4ziwil"},"geometry":{"type":"Polygon","coordinates":[[[7.65103,46.90715],[7.6735,46.9101],[7.6721,46.89652],[7.68668,46.8941],[7.68528,46.88201],[7.67606,46.8789],[7.66263,46.88728],[7.64606,46.89985],[7.65103,46.90715]]]}},{"type":"Feature","properties":{"vogeId":629,"vogeName":"Oberh\u00fcnigen"},"geometry":{"type":"Polygon","coordinates":[[[7.65093,46.88328],[7.66263,46.88728],[7.67606,46.8789],[7.68528,46.88201],[7.68878,46.86171],[7.68045,46.85561],[7.66767,46.85892],[7.64843,46.87492],[7.65093,46.88328]]]}},{"type":"Feature","properties":{"vogeId":630,"vogeName":"Allmendingen"},"geometry":{"type":"Polygon","coordinates":[[[7.5039,46.91569],[7.5093,46.92464],[7.52211,46.92553],[7.54119,46.91089],[7.51512,46.90822],[7.50794,46.91181],[7.5039,46.91569]]]}},{"type":"Feature","properties":{"vogeId":632,"vogeName":"Wichtrach"},"geometry":{"type":"Polygon","coordinates":[[[7.58778,46.86218],[7.60951,46.84932],[7.60478,46.8435],[7.60251,46.83634],[7.59061,46.83188],[7.5841,46.8295],[7.56794,46.82489],[7.56369,46.83042],[7.5619,46.83296],[7.55944,46.83759],[7.55499,46.85386],[7.57925,46.86264],[7.58778,46.86218]]]}},{"type":"Feature","properties":{"vogeId":662,"vogeName":"Ferenbalm"},"geometry":{"type":"MultiPolygon","coordinates":[[[[7.21875,46.92445],[7.23424,46.9294],[7.23317,46.91612],[7.22531,46.91401],[7.21875,46.92445]]],[[[7.20219,46.96128],[7.22601,46.96356],[7.24311,46.96046],[7.23438,46.95254],[7.24656,46.94121],[7.24367,46.93196],[7.23423,46.93164],[7.23511,46.93791],[7.23015,46.93999],[7.2176,46.93236],[7.21649,46.92773],[7.2111,46.92712],[7.20386,46.93845],[7.20786,46.94905],[7.20219,46.96128]]]]}},{"type":"Feature","properties":{"vogeId":663,"vogeName":"Frauenkappelen"},"geometry":{"type":"Polygon","coordinates":[[[7.30539,46.96398],[7.31011,46.96444],[7.31528,46.96668],[7.32068,46.96594],[7.32406,46.96385],[7.3344,46.96401],[7.34655,46.96223],[7.35329,46.96597],[7.36633,46.96672],[7.36926,46.96523],[7.37151,46.96061],[7.34927,46.94791],[7.30702,46.9404],[7.30539,46.96398]]]}},{"type":"Feature","properties":{"vogeId":665,"vogeName":"Gurbr\u00fc"},"geometry":{"type":"Polygon","coordinates":[[[7.19408,46.9638],[7.2226,46.9746],[7.22601,46.96356],[7.20219,46.96128],[7.19387,46.96111],[7.19408,46.9638]]]}},{"type":"Feature","properties":{"vogeId":666,"vogeName":"Kriechenwil"},"geometry":{"type":"Polygon","coordinates":[[[7.2111,46.92712],[7.21649,46.92773],[7.21875,46.92445],[7.22531,46.91401],[7.23317,46.91612],[7.23052,46.90387],[7.22379,46.90252],[7.21752,46.89743],[7.1955,46.89903],[7.18763,46.90036],[7.2033,46.91263],[7.20506,46.92159],[7.2111,46.92712]]]}},{"type":"Feature","properties":{"vogeId":667,"vogeName":"Laupen"},"geometry":{"type":"Polygon","coordinates":[[[7.23423,46.93164],[7.24367,46.93196],[7.241,46.92553],[7.24259,46.91897],[7.25746,46.909],[7.25682,46.89825],[7.23975,46.89807],[7.23052,46.90387],[7.23317,46.91612],[7.23424,46.9294],[7.23423,46.93164]]]}},{"type":"Feature","properties":{"vogeId":668,"vogeName":"M\u00fchleberg"},"geometry":{"type":"Polygon","coordinates":[[[7.25654,46.97884],[7.26262,46.9778],[7.26038,46.97422],[7.26557,46.97035],[7.27882,46.97484],[7.28738,46.97247],[7.28717,46.96844],[7.28964,46.96725],[7.29413,46.97068],[7.29773,46.96964],[7.30539,46.96398],[7.30702,46.9404],[7.29493,46.92293],[7.24259,46.91897],[7.241,46.92553],[7.24367,46.93196],[7.24656,46.94121],[7.23438,46.95254],[7.24311,46.96046],[7.25163,46.96943],[7.25048,46.97614],[7.25654,46.97884]]]}},{"type":"Feature","properties":{"vogeId":669,"vogeName":"M\u00fcnchenwiler"},"geometry":{"type":"Polygon","coordinates":[[[7.11478,46.9139],[7.1361,46.91695],[7.1384,46.90845],[7.12384,46.90124],[7.11866,46.90242],[7.11478,46.9139]]]}},{"type":"Feature","properties":{"vogeId":670,"vogeName":"Neuenegg"},"geometry":{"type":"Polygon","coordinates":[[[7.29493,46.92293],[7.32437,46.92535],[7.33112,46.91939],[7.3381,46.90984],[7.35341,46.88911],[7.34196,46.88791],[7.33499,46.89477],[7.2811,46.88948],[7.25682,46.89825],[7.25746,46.909],[7.24259,46.91897],[7.29493,46.92293]]]}},{"type":"Feature","properties":{"vogeId":671,"vogeName":"Wileroltigen"},"geometry":{"type":"Polygon","coordinates":[[[7.23067,46.98059],[7.25654,46.97884],[7.25048,46.97614],[7.25163,46.96943],[7.24311,46.96046],[7.22601,46.96356],[7.2226,46.9746],[7.23067,46.98059]]]}},{"type":"Feature","properties":{"vogeId":681,"vogeName":"Belprahon"},"geometry":{"type":"Polygon","coordinates":[[[7.39597,47.29819],[7.41882,47.30208],[7.41159,47.27999],[7.39236,47.28237],[7.39597,47.29819]]]}},{"type":"Feature","properties":{"vogeId":683,"vogeName":"Champoz"},"geometry":{"type":"Polygon","coordinates":[[[7.29468,47.26856],[7.33855,47.26861],[7.33767,47.25727],[7.30783,47.25157],[7.29111,47.24856],[7.28567,47.25393],[7.28111,47.26616],[7.29468,47.26856]]]}},{"type":"Feature","properties":{"vogeId":687,"vogeName":"Corcelles (BE)"},"geometry":{"type":"Polygon","coordinates":[[[7.47427,47.307],[7.49079,47.30222],[7.49462,47.28819],[7.48263,47.28506],[7.4781,47.2785],[7.4548,47.27984],[7.44688,47.28895],[7.47427,47.307]]]}},{"type":"Feature","properties":{"vogeId":690,"vogeName":"Court"},"geometry":{"type":"Polygon","coordinates":[[[7.39239,47.25715],[7.41636,47.25209],[7.42088,47.24283],[7.41184,47.24059],[7.34045,47.21757],[7.32758,47.21562],[7.31623,47.2368],[7.30783,47.25157],[7.33767,47.25727],[7.34265,47.25115],[7.34537,47.24772],[7.36864,47.25863],[7.39239,47.25715]]]}},{"type":"Feature","properties":{"vogeId":691,"vogeName":"Cr\u00e9mines"},"geometry":{"type":"Polygon","coordinates":[[[7.44055,47.3085],[7.44236,47.30865],[7.47427,47.307],[7.44688,47.28895],[7.4548,47.27984],[7.4781,47.2785],[7.46588,47.26477],[7.44575,47.26313],[7.43173,47.28373],[7.44055,47.3085]]]}},{"type":"Feature","properties":{"vogeId":692,"vogeName":"Eschert"},"geometry":{"type":"Polygon","coordinates":[[[7.39236,47.28237],[7.41159,47.27999],[7.42947,47.25731],[7.41636,47.25209],[7.39239,47.25715],[7.39236,47.28237]]]}},{"type":"Feature","properties":{"vogeId":694,"vogeName":"Grandval"},"geometry":{"type":"Polygon","coordinates":[[[7.42131,47.30686],[7.44055,47.3085],[7.43173,47.28373],[7.44575,47.26313],[7.42947,47.25731],[7.41159,47.27999],[7.41882,47.30208],[7.42131,47.30686]]]}},{"type":"Feature","properties":{"vogeId":696,"vogeName":"Loveresse"},"geometry":{"type":"Polygon","coordinates":[[[7.24043,47.25938],[7.24676,47.26028],[7.24707,47.23775],[7.25008,47.21612],[7.24014,47.21625],[7.22785,47.23891],[7.24043,47.25938]]]}},{"type":"Feature","properties":{"vogeId":700,"vogeName":"Moutier"},"geometry":{"type":"Polygon","coordinates":[[[7.33735,47.30592],[7.34821,47.30563],[7.34121,47.29562],[7.34801,47.29234],[7.3781,47.2961],[7.39597,47.29819],[7.39236,47.28237],[7.39239,47.25715],[7.36864,47.25863],[7.34537,47.24772],[7.34265,47.25115],[7.33767,47.25727],[7.33855,47.26861],[7.35415,47.27131],[7.3469,47.28115],[7.33557,47.28831],[7.30729,47.28798],[7.33735,47.30592]]]}},{"type":"Feature","properties":{"vogeId":701,"vogeName":"Perrefitte"},"geometry":{"type":"Polygon","coordinates":[[[7.28015,47.28451],[7.30729,47.28798],[7.33557,47.28831],[7.3469,47.28115],[7.35415,47.27131],[7.33855,47.26861],[7.29468,47.26856],[7.29532,47.28005],[7.28015,47.28451]]]}},{"type":"Feature","properties":{"vogeId":703,"vogeName":"Reconvilier"},"geometry":{"type":"Polygon","coordinates":[[[7.21359,47.24485],[7.22037,47.24367],[7.22535,47.24174],[7.22785,47.23891],[7.24014,47.21625],[7.25008,47.21612],[7.25191,47.2109],[7.22888,47.20787],[7.22707,47.20787],[7.2132,47.22888],[7.1795,47.23448],[7.18038,47.23866],[7.18739,47.24002],[7.19122,47.24242],[7.20161,47.24304],[7.20862,47.24305],[7.21359,47.24485]]]}},{"type":"Feature","properties":{"vogeId":704,"vogeName":"Roches (BE)"},"geometry":{"type":"Polygon","coordinates":[[[7.42131,47.30686],[7.41882,47.30208],[7.39597,47.29819],[7.3781,47.2961],[7.34801,47.29234],[7.34121,47.29562],[7.34821,47.30563],[7.34934,47.30593],[7.38124,47.31684],[7.38509,47.31625],[7.38894,47.3155],[7.39075,47.31311],[7.42131,47.30686]]]}},{"type":"Feature","properties":{"vogeId":706,"vogeName":"Saicourt"},"geometry":{"type":"Polygon","coordinates":[[[7.1488,47.26918],[7.16867,47.27475],[7.1846,47.25613],[7.19658,47.25676],[7.20833,47.25842],[7.21359,47.24485],[7.20862,47.24305],[7.20161,47.24304],[7.19122,47.24242],[7.18739,47.24002],[7.18038,47.23866],[7.1795,47.23448],[7.16684,47.23535],[7.14852,47.23695],[7.15051,47.24635],[7.1488,47.26918]]]}},{"type":"Feature","properties":{"vogeId":707,"vogeName":"Saules (BE)"},"geometry":{"type":"Polygon","coordinates":[[[7.24043,47.25938],[7.22785,47.23891],[7.22535,47.24174],[7.22037,47.24367],[7.21359,47.24485],[7.20833,47.25842],[7.23476,47.26504],[7.24043,47.25938]]]}},{"type":"Feature","properties":{"vogeId":708,"vogeName":"Schelten"},"geometry":{"type":"Polygon","coordinates":[[[7.52069,47.32503],[7.55221,47.3453],[7.57142,47.32976],[7.56371,47.3232],[7.55487,47.32142],[7.55126,47.32829],[7.5302,47.32234],[7.52069,47.32503]]]}},{"type":"Feature","properties":{"vogeId":709,"vogeName":"Seehof"},"geometry":{"type":"Polygon","coordinates":[[[7.55487,47.32142],[7.56371,47.3232],[7.56301,47.31828],[7.53921,47.29786],[7.51454,47.29251],[7.49462,47.28819],[7.49079,47.30222],[7.55487,47.32142]]]}},{"type":"Feature","properties":{"vogeId":711,"vogeName":"Sorvilier"},"geometry":{"type":"Polygon","coordinates":[[[7.29111,47.24856],[7.30783,47.25157],[7.31623,47.2368],[7.32758,47.21562],[7.31922,47.21531],[7.29617,47.21753],[7.29272,47.23812],[7.29111,47.24856]]]}},{"type":"Feature","properties":{"vogeId":713,"vogeName":"Tavannes"},"geometry":{"type":"Polygon","coordinates":[[[7.14852,47.23695],[7.16684,47.23535],[7.1795,47.23448],[7.2132,47.22888],[7.22707,47.20787],[7.20744,47.20141],[7.16604,47.21535],[7.15384,47.21562],[7.1405,47.21753],[7.14607,47.23127],[7.14852,47.23695]]]}},{"type":"Feature","properties":{"vogeId":715,"vogeName":"Reb\u00e9velier"},"geometry":{"type":"Polygon","coordinates":[[[7.16338,47.29309],[7.17446,47.29417],[7.2059,47.29558],[7.21023,47.28872],[7.18039,47.28373],[7.17021,47.28311],[7.16338,47.29309]]]}},{"type":"Feature","properties":{"vogeId":716,"vogeName":"Petit-Val"},"geometry":{"type":"Polygon","coordinates":[[[7.21023,47.28872],[7.21249,47.28902],[7.23241,47.28817],[7.25459,47.28552],[7.26794,47.28524],[7.28015,47.28451],[7.29532,47.28005],[7.29468,47.26856],[7.28111,47.26616],[7.2576,47.26433],[7.24676,47.26028],[7.24043,47.25938],[7.23476,47.26504],[7.20833,47.25842],[7.19658,47.25676],[7.1846,47.25613],[7.16867,47.27475],[7.17021,47.28311],[7.18039,47.28373],[7.21023,47.28872]]]}},{"type":"Feature","properties":{"vogeId":717,"vogeName":"Valbirse"},"geometry":{"type":"Polygon","coordinates":[[[7.28111,47.26616],[7.28567,47.25393],[7.29111,47.24856],[7.29272,47.23812],[7.29617,47.21753],[7.27427,47.21227],[7.25191,47.2109],[7.25008,47.21612],[7.24707,47.23775],[7.24676,47.26028],[7.2576,47.26433],[7.28111,47.26616]]]}},{"type":"Feature","properties":{"vogeId":723,"vogeName":"La Neuveville"},"geometry":{"type":"Polygon","coordinates":[[[7.12657,47.0884],[7.13471,47.0826],[7.1147,47.07434],[7.11248,47.06911],[7.10733,47.06491],[7.08777,47.05814],[7.07706,47.07602],[7.08717,47.08157],[7.12657,47.0884]]]}},{"type":"Feature","properties":{"vogeId":724,"vogeName":"Nods"},"geometry":{"type":"Polygon","coordinates":[[[7.13948,47.15649],[7.14511,47.15829],[7.15353,47.14563],[7.13889,47.14216],[7.09524,47.12204],[7.09808,47.1016],[7.08397,47.08827],[7.04053,47.10903],[7.02337,47.11225],[7.03997,47.12469],[7.05367,47.1319],[7.07597,47.13735],[7.10232,47.14474],[7.13948,47.15649]]]}},{"type":"Feature","properties":{"vogeId":726,"vogeName":"Plateau de Diesse"},"geometry":{"type":"Polygon","coordinates":[[[7.15353,47.14563],[7.17008,47.1303],[7.19103,47.13721],[7.20052,47.1338],[7.18004,47.1242],[7.14043,47.10843],[7.13576,47.09693],[7.12657,47.0884],[7.08717,47.08157],[7.08397,47.08827],[7.09808,47.1016],[7.09524,47.12204],[7.13889,47.14216],[7.15353,47.14563]]]}},{"type":"Feature","properties":{"vogeId":731,"vogeName":"Aegerten"},"geometry":{"type":"Polygon","coordinates":[[[7.29709,47.1262],[7.29891,47.12127],[7.28225,47.10931],[7.28023,47.10901],[7.2705,47.11691],[7.27996,47.12125],[7.28672,47.12409],[7.29709,47.1262]]]}},{"type":"Feature","properties":{"vogeId":732,"vogeName":"Bellmund"},"geometry":{"type":"Polygon","coordinates":[[[7.22475,47.10952],[7.24413,47.11284],[7.26421,47.11048],[7.26828,47.10676],[7.25341,47.1042],[7.25163,47.09613],[7.23587,47.09223],[7.22731,47.09147],[7.23314,47.09879],[7.22475,47.10952]]]}},{"type":"Feature","properties":{"vogeId":733,"vogeName":"Br\u00fcgg"},"geometry":{"type":"Polygon","coordinates":[[[7.28352,47.1405],[7.30407,47.13083],[7.29709,47.1262],[7.28672,47.12409],[7.27996,47.12125],[7.2705,47.11691],[7.25447,47.1224],[7.26754,47.1281],[7.26661,47.13645],[7.28352,47.1405]]]}},{"type":"Feature","properties":{"vogeId":734,"vogeName":"B\u00fchl"},"geometry":{"type":"Polygon","coordinates":[[[7.23887,47.07313],[7.24607,47.07732],[7.25916,47.07033],[7.2502,47.05614],[7.23348,47.06775],[7.23887,47.07313]]]}},{"type":"Feature","properties":{"vogeId":735,"vogeName":"Epsach"},"geometry":{"type":"Polygon","coordinates":[[[7.21047,47.07561],[7.22487,47.08101],[7.23887,47.07313],[7.23348,47.06775],[7.21413,47.06189],[7.20351,47.06978],[7.21047,47.07561]]]}},{"type":"Feature","properties":{"vogeId":736,"vogeName":"Hagneck"},"geometry":{"type":"Polygon","coordinates":[[[7.17472,47.05852],[7.17539,47.06106],[7.19319,47.05961],[7.1941,47.05752],[7.18736,47.05348],[7.19662,47.04872],[7.19889,47.045],[7.18178,47.04317],[7.17472,47.05852]]]}},{"type":"Feature","properties":{"vogeId":737,"vogeName":"Hermrigen"},"geometry":{"type":"Polygon","coordinates":[[[7.22731,47.09147],[7.23587,47.09223],[7.2623,47.07511],[7.25916,47.07033],[7.24607,47.07732],[7.23887,47.07313],[7.22487,47.08101],[7.22486,47.0837],[7.22731,47.09147]]]}},{"type":"Feature","properties":{"vogeId":738,"vogeName":"Jens"},"geometry":{"type":"Polygon","coordinates":[[[7.28023,47.10901],[7.28225,47.10931],[7.2888,47.10813],[7.2841,47.09424],[7.26926,47.08392],[7.25163,47.09613],[7.25341,47.1042],[7.26828,47.10676],[7.28023,47.10901]]]}},{"type":"Feature","properties":{"vogeId":739,"vogeName":"Ipsach"},"geometry":{"type":"Polygon","coordinates":[[[7.22831,47.12385],[7.24501,47.12045],[7.24413,47.11284],[7.22475,47.10952],[7.22022,47.11578],[7.22831,47.12385]]]}},{"type":"Feature","properties":{"vogeId":740,"vogeName":"Ligerz"},"geometry":{"type":"Polygon","coordinates":[[[7.14043,47.10843],[7.1545,47.09116],[7.13471,47.0826],[7.12657,47.0884],[7.13576,47.09693],[7.14043,47.10843]]]}},{"type":"Feature","properties":{"vogeId":741,"vogeName":"Merzligen"},"geometry":{"type":"Polygon","coordinates":[[[7.23587,47.09223],[7.25163,47.09613],[7.26926,47.08392],[7.2623,47.07511],[7.23587,47.09223]]]}},{"type":"Feature","properties":{"vogeId":742,"vogeName":"M\u00f6rigen"},"geometry":{"type":"Polygon","coordinates":[[[7.20297,47.09022],[7.21355,47.09368],[7.21922,47.08563],[7.22486,47.0837],[7.22487,47.08101],[7.21047,47.07561],[7.19962,47.08275],[7.20299,47.08515],[7.20411,47.08754],[7.20297,47.09022]]]}},{"type":"Feature","properties":{"vogeId":743,"vogeName":"Nidau"},"geometry":{"type":"Polygon","coordinates":[[[7.22831,47.12385],[7.23572,47.13058],[7.24295,47.12746],[7.25244,47.12345],[7.24501,47.12045],[7.22831,47.12385]]]}},{"type":"Feature","properties":{"vogeId":744,"vogeName":"Orpund"},"geometry":{"type":"Polygon","coordinates":[[[7.28352,47.1405],[7.30018,47.15247],[7.32549,47.13802],[7.3115,47.13591],[7.30407,47.13083],[7.28352,47.1405]]]}},{"type":"Feature","properties":{"vogeId":745,"vogeName":"Port"},"geometry":{"type":"Polygon","coordinates":[[[7.25244,47.12345],[7.25447,47.1224],[7.2705,47.11691],[7.28023,47.10901],[7.26828,47.10676],[7.26421,47.11048],[7.24413,47.11284],[7.24501,47.12045],[7.25244,47.12345]]]}},{"type":"Feature","properties":{"vogeId":746,"vogeName":"Safnern"},"geometry":{"type":"Polygon","coordinates":[[[7.31098,47.16412],[7.32769,47.16458],[7.3417,47.15191],[7.3345,47.14265],[7.33135,47.14011],[7.32549,47.13802],[7.30018,47.15247],[7.31098,47.16412]]]}},{"type":"Feature","properties":{"vogeId":747,"vogeName":"Scheuren"},"geometry":{"type":"Polygon","coordinates":[[[7.32549,47.13802],[7.33135,47.14011],[7.3431,47.13102],[7.32844,47.12922],[7.32574,47.12339],[7.31604,47.12637],[7.3115,47.13591],[7.32549,47.13802]]]}},{"type":"Feature","properties":{"vogeId":748,"vogeName":"Schwadernau"},"geometry":{"type":"Polygon","coordinates":[[[7.30407,47.13083],[7.3115,47.13591],[7.31604,47.12637],[7.32574,47.12339],[7.32844,47.12922],[7.3431,47.13102],[7.3332,47.11728],[7.32216,47.11309],[7.29891,47.12127],[7.29709,47.1262],[7.30407,47.13083]]]}},{"type":"Feature","properties":{"vogeId":749,"vogeName":"Studen (BE)"},"geometry":{"type":"Polygon","coordinates":[[[7.29891,47.12127],[7.32216,47.11309],[7.31562,47.1101],[7.31293,47.10502],[7.2888,47.10813],[7.28225,47.10931],[7.29891,47.12127]]]}},{"type":"Feature","properties":{"vogeId":750,"vogeName":"Sutz-Lattrigen"},"geometry":{"type":"Polygon","coordinates":[[[7.22022,47.11578],[7.22475,47.10952],[7.23314,47.09879],[7.22731,47.09147],[7.22486,47.0837],[7.21922,47.08563],[7.21355,47.09368],[7.20297,47.09022],[7.2034,47.09396],[7.20969,47.09904],[7.21238,47.10412],[7.21687,47.10741],[7.22022,47.11578]]]}},{"type":"Feature","properties":{"vogeId":751,"vogeName":"T\u00e4uffelen"},"geometry":{"type":"Polygon","coordinates":[[[7.19962,47.08275],[7.21047,47.07561],[7.20351,47.06978],[7.21413,47.06189],[7.19662,47.04872],[7.18736,47.05348],[7.1941,47.05752],[7.19319,47.05961],[7.17539,47.06106],[7.1756,47.0642],[7.17717,47.06554],[7.18123,47.06346],[7.18618,47.06526],[7.18976,47.07035],[7.19962,47.08275]]]}},{"type":"Feature","properties":{"vogeId":754,"vogeName":"Walperswil"},"geometry":{"type":"Polygon","coordinates":[[[7.21413,47.06189],[7.23348,47.06775],[7.2502,47.05614],[7.25067,47.05121],[7.21445,47.03861],[7.19889,47.045],[7.19662,47.04872],[7.21413,47.06189]]]}},{"type":"Feature","properties":{"vogeId":755,"vogeName":"Worben"},"geometry":{"type":"Polygon","coordinates":[[[7.2888,47.10813],[7.31293,47.10502],[7.31048,47.09457],[7.30462,47.09427],[7.29132,47.09276],[7.2841,47.09424],[7.2888,47.10813]]]}},{"type":"Feature","properties":{"vogeId":756,"vogeName":"Twann-T\u00fcscherz"},"geometry":{"type":"MultiPolygon","coordinates":[[[[7.11931,47.05749],[7.13301,47.06439],[7.1395,47.07306],[7.13904,47.075],[7.14128,47.07695],[7.14783,47.07502],[7.14851,47.07279],[7.14538,47.06935],[7.13887,47.065],[7.13371,47.06006],[7.12226,47.05466],[7.11931,47.05749]]],[[[7.20052,47.1338],[7.20165,47.13305],[7.21566,47.12666],[7.21094,47.12352],[7.19835,47.11484],[7.18642,47.10914],[7.17654,47.10076],[7.1545,47.09116],[7.14043,47.10843],[7.18004,47.1242],[7.20052,47.1338]]]]}},{"type":"Feature","properties":{"vogeId":761,"vogeName":"D\u00e4rstetten"},"geometry":{"type":"Polygon","coordinates":[[[7.46135,46.70631],[7.49156,46.70466],[7.5041,46.70689],[7.53206,46.70106],[7.5372,46.69404],[7.50766,46.68898],[7.51432,46.65256],[7.49171,46.62855],[7.47272,46.62885],[7.4745,46.61781],[7.46377,46.61408],[7.45797,46.639],[7.47743,46.65825],[7.46402,46.66587],[7.46224,46.68646],[7.44658,46.69915],[7.45061,46.70467],[7.46135,46.70631]]]}},{"type":"Feature","properties":{"vogeId":762,"vogeName":"Diemtigen"},"geometry":{"type":"Polygon","coordinates":[[[7.60738,46.66843],[7.62738,46.63288],[7.61369,46.61484],[7.57266,46.55595],[7.553,46.54955],[7.53823,46.52449],[7.52193,46.51182],[7.4827,46.53288],[7.44723,46.53602],[7.43964,46.55274],[7.46197,46.56826],[7.43294,46.59722],[7.43562,46.59841],[7.46377,46.61408],[7.4745,46.61781],[7.52299,46.62241],[7.54069,46.64986],[7.57515,46.66027],[7.58052,46.66205],[7.58857,46.66189],[7.60738,46.66843]]]}},{"type":"Feature","properties":{"vogeId":763,"vogeName":"Erlenbach im Simmental"},"geometry":{"type":"Polygon","coordinates":[[[7.5372,46.69404],[7.55174,46.69223],[7.57343,46.68907],[7.61591,46.67812],[7.60738,46.66843],[7.58857,46.66189],[7.58052,46.66205],[7.57515,46.66027],[7.54069,46.64986],[7.52299,46.62241],[7.4745,46.61781],[7.47272,46.62885],[7.49171,46.62855],[7.51432,46.65256],[7.50766,46.68898],[7.5372,46.69404]]]}},{"type":"Feature","properties":{"vogeId":766,"vogeName":"Oberwil im Simmental"},"geometry":{"type":"Polygon","coordinates":[[[7.40765,46.6887],[7.43181,46.70035],[7.44658,46.69915],[7.46224,46.68646],[7.46402,46.66587],[7.47743,46.65825],[7.45797,46.639],[7.46377,46.61408],[7.43562,46.59841],[7.40208,46.65273],[7.3775,46.64481],[7.37748,46.65615],[7.37657,46.67496],[7.40654,46.67258],[7.40765,46.6887]]]}},{"type":"Feature","properties":{"vogeId":767,"vogeName":"Reutigen"},"geometry":{"type":"Polygon","coordinates":[[[7.6019,46.70754],[7.60793,46.70276],[7.63211,46.70586],[7.63299,46.70287],[7.63074,46.69869],[7.63073,46.69496],[7.63362,46.69033],[7.61591,46.67812],[7.57343,46.68907],[7.58982,46.70965],[7.6019,46.70754]]]}},{"type":"Feature","properties":{"vogeId":768,"vogeName":"Spiez"},"geometry":{"type":"Polygon","coordinates":[[[7.61983,46.71319],[7.62836,46.72213],[7.63417,46.71973],[7.63843,46.72017],[7.64044,46.71868],[7.64334,46.71673],[7.64377,46.7118],[7.65918,46.70312],[7.66296,46.69759],[7.66989,46.69504],[7.6804,46.69472],[7.68844,46.69216],[7.69312,46.68648],[7.70071,46.68408],[7.7045,46.68049],[7.7029,46.67363],[7.725,46.66641],[7.71446,46.65972],[7.67088,46.66698],[7.66044,46.68267],[7.6515,46.68657],[7.63966,46.68972],[7.63362,46.69033],[7.63073,46.69496],[7.63074,46.69869],[7.63299,46.70287],[7.63211,46.70586],[7.61983,46.71319]]]}},{"type":"Feature","properties":{"vogeId":769,"vogeName":"Wimmis"},"geometry":{"type":"Polygon","coordinates":[[[7.61591,46.67812],[7.63362,46.69033],[7.63966,46.68972],[7.6515,46.68657],[7.66044,46.68267],[7.67088,46.66698],[7.68334,46.65203],[7.66945,46.64489],[7.64643,46.64673],[7.64013,46.6354],[7.62738,46.63288],[7.60738,46.66843],[7.61591,46.67812]]]}},{"type":"Feature","properties":{"vogeId":770,"vogeName":"Stocken-H\u00f6fen"},"geometry":{"type":"Polygon","coordinates":[[[7.57343,46.68907],[7.55174,46.69223],[7.5372,46.69404],[7.53206,46.70106],[7.54303,46.70418],[7.54531,46.72104],[7.54196,46.72731],[7.56616,46.73565],[7.5782,46.71728],[7.60147,46.71366],[7.6019,46.70754],[7.58982,46.70965],[7.57343,46.68907]]]}},{"type":"Feature","properties":{"vogeId":782,"vogeName":"Guttannen"},"geometry":{"type":"Polygon","coordinates":[[[8.14167,46.61669],[8.18416,46.58702],[8.23954,46.58664],[8.23752,46.60143],[8.26439,46.63497],[8.23235,46.65983],[8.23094,46.67103],[8.27182,46.68193],[8.28412,46.69602],[8.31091,46.69179],[8.37166,46.63385],[8.36475,46.58256],[8.3439,46.56422],[8.31268,46.55252],[8.28212,46.53947],[8.25745,46.53069],[8.23732,46.52755],[8.18438,46.52224],[8.17425,46.53141],[8.12791,46.53633],[8.1171,46.54654],[8.13126,46.55422],[8.11701,46.59296],[8.14167,46.61669]]]}},{"type":"Feature","properties":{"vogeId":783,"vogeName":"Hasliberg"},"geometry":{"type":"Polygon","coordinates":[[[8.14639,46.75532],[8.16753,46.76205],[8.18983,46.77026],[8.22196,46.76094],[8.23912,46.76963],[8.28146,46.755],[8.321,46.7753],[8.328,46.76494],[8.23224,46.71371],[8.21983,46.722],[8.14639,46.75532]]]}},{"type":"Feature","properties":{"vogeId":784,"vogeName":"Innertkirchen"},"geometry":{"type":"Polygon","coordinates":[[[8.44829,46.76335],[8.43912,46.75223],[8.4538,46.71076],[8.45181,46.68854],[8.42805,46.68606],[8.40021,46.69301],[8.39966,46.67466],[8.41452,46.65528],[8.39112,46.64742],[8.37166,46.63385],[8.31091,46.69179],[8.28412,46.69602],[8.27182,46.68193],[8.23094,46.67103],[8.23235,46.65983],[8.26439,46.63497],[8.23752,46.60143],[8.23954,46.58664],[8.18416,46.58702],[8.14167,46.61669],[8.14093,46.62908],[8.12985,46.63646],[8.14181,46.64475],[8.14195,46.65579],[8.16759,46.65041],[8.18657,46.68073],[8.21315,46.69339],[8.21464,46.71905],[8.21983,46.722],[8.23224,46.71371],[8.328,46.76494],[8.321,46.7753],[8.36895,46.7879],[8.38849,46.77729],[8.39635,46.76559],[8.4171,46.77332],[8.4464,46.77023],[8.44829,46.76335]]]}},{"type":"Feature","properties":{"vogeId":785,"vogeName":"Meiringen"},"geometry":{"type":"Polygon","coordinates":[[[8.12193,46.77039],[8.14639,46.75532],[8.21983,46.722],[8.21464,46.71905],[8.15065,46.72216],[8.14079,46.70371],[8.11607,46.69595],[8.1472,46.68113],[8.15125,46.66589],[8.14195,46.65579],[8.11681,46.68356],[8.07753,46.6917],[8.1034,46.70304],[8.11864,46.7225],[8.11446,46.7279],[8.08821,46.72402],[8.09206,46.74549],[8.09856,46.74635],[8.10842,46.74629],[8.12564,46.745],[8.12193,46.77039]]]}},{"type":"Feature","properties":{"vogeId":786,"vogeName":"Schattenhalb"},"geometry":{"type":"Polygon","coordinates":[[[8.14195,46.65579],[8.15125,46.66589],[8.1472,46.68113],[8.11607,46.69595],[8.14079,46.70371],[8.15065,46.72216],[8.21464,46.71905],[8.21315,46.69339],[8.18657,46.68073],[8.16759,46.65041],[8.14195,46.65579]]]}},{"type":"Feature","properties":{"vogeId":791,"vogeName":"Boltigen"},"geometry":{"type":"Polygon","coordinates":[[[7.37748,46.65615],[7.3775,46.64481],[7.40208,46.65273],[7.43562,46.59841],[7.43294,46.59722],[7.42312,46.58393],[7.41352,46.58602],[7.41217,46.59885],[7.38403,46.59302],[7.32073,46.53925],[7.31425,46.54058],[7.30395,46.55609],[7.2774,46.55173],[7.2992,46.57937],[7.32083,46.59193],[7.31336,46.6367],[7.32966,46.64164],[7.33031,46.65522],[7.34551,46.65523],[7.3529,46.64688],[7.37748,46.65615]]]}},{"type":"Feature","properties":{"vogeId":792,"vogeName":"Lenk"},"geometry":{"type":"Polygon","coordinates":[[[7.38774,46.44915],[7.40866,46.48095],[7.44076,46.49423],[7.46528,46.48931],[7.49159,46.49631],[7.49465,46.44437],[7.56007,46.41567],[7.53401,46.40972],[7.5262,46.39689],[7.55534,46.38895],[7.53841,46.37748],[7.50749,46.37601],[7.49925,46.36989],[7.48679,46.3708],[7.47947,46.38528],[7.4581,46.37677],[7.43875,46.38618],[7.39983,46.37408],[7.38226,46.36527],[7.37357,46.38228],[7.39159,46.38706],[7.37533,46.40079],[7.38444,46.41631],[7.37485,46.42825],[7.38774,46.44915]]]}},{"type":"Feature","properties":{"vogeId":793,"vogeName":"St. Stephan"},"geometry":{"type":"Polygon","coordinates":[[[7.35404,46.49137],[7.36048,46.51033],[7.38187,46.53168],[7.41578,46.52423],[7.43496,46.52767],[7.44723,46.53602],[7.4827,46.53288],[7.52193,46.51182],[7.513,46.50212],[7.49159,46.49631],[7.46528,46.48931],[7.44076,46.49423],[7.40866,46.48095],[7.38774,46.44915],[7.38039,46.45109],[7.36631,46.4866],[7.35404,46.49137]]]}},{"type":"Feature","properties":{"vogeId":794,"vogeName":"Zweisimmen"},"geometry":{"type":"Polygon","coordinates":[[[7.2774,46.55173],[7.30395,46.55609],[7.31425,46.54058],[7.32073,46.53925],[7.38403,46.59302],[7.41217,46.59885],[7.41352,46.58602],[7.42312,46.58393],[7.43294,46.59722],[7.46197,46.56826],[7.43964,46.55274],[7.44723,46.53602],[7.43496,46.52767],[7.41578,46.52423],[7.38187,46.53168],[7.36048,46.51033],[7.35404,46.49137],[7.3371,46.49195],[7.3241,46.52417],[7.28594,46.53114],[7.27496,46.54889],[7.2774,46.55173]]]}},{"type":"Feature","properties":{"vogeId":841,"vogeName":"Gsteig"},"geometry":{"type":"Polygon","coordinates":[[[7.21126,46.41386],[7.23571,46.42361],[7.29893,46.42713],[7.3133,46.37536],[7.26242,46.35828],[7.2627,46.33858],[7.25339,46.3305],[7.21963,46.32716],[7.21353,46.34894],[7.21038,46.35938],[7.20812,46.36743],[7.19361,46.3789],[7.21126,46.41386]]]}},{"type":"Feature","properties":{"vogeId":842,"vogeName":"Lauenen"},"geometry":{"type":"Polygon","coordinates":[[[7.29893,46.42713],[7.29333,46.44071],[7.30889,46.45132],[7.37485,46.42825],[7.38444,46.41631],[7.37533,46.40079],[7.39159,46.38706],[7.37357,46.38228],[7.38226,46.36527],[7.3596,46.35287],[7.31871,46.34313],[7.30958,46.34715],[7.3133,46.37536],[7.29893,46.42713]]]}},{"type":"Feature","properties":{"vogeId":843,"vogeName":"Saanen"},"geometry":{"type":"Polygon","coordinates":[[[7.26086,46.562],[7.28133,46.58412],[7.2992,46.57937],[7.2774,46.55173],[7.27496,46.54889],[7.28594,46.53114],[7.3241,46.52417],[7.3371,46.49195],[7.35404,46.49137],[7.36631,46.4866],[7.38039,46.45109],[7.38774,46.44915],[7.37485,46.42825],[7.30889,46.45132],[7.29333,46.44071],[7.29893,46.42713],[7.23571,46.42361],[7.21126,46.41386],[7.19512,46.4395],[7.2225,46.44209],[7.23248,46.4539],[7.22569,46.48075],[7.2241,46.48687],[7.24029,46.50869],[7.24917,46.52094],[7.24624,46.52885],[7.23679,46.55241],[7.26086,46.562]]]}},{"type":"Feature","properties":{"vogeId":852,"vogeName":"Guggisberg"},"geometry":{"type":"Polygon","coordinates":[[[7.30359,46.78877],[7.33027,46.78656],[7.34549,46.79762],[7.35671,46.78643],[7.35676,46.75554],[7.37762,46.73406],[7.37764,46.71615],[7.39465,46.71541],[7.38908,46.69138],[7.40765,46.6887],[7.40654,46.67258],[7.37657,46.67496],[7.38035,46.69018],[7.34969,46.69792],[7.34588,46.69896],[7.34967,46.7121],[7.29995,46.7225],[7.30414,46.74907],[7.2958,46.76548],[7.29063,46.77189],[7.30359,46.78877]]]}},{"type":"Feature","properties":{"vogeId":853,"vogeName":"R\u00fcschegg"},"geometry":{"type":"Polygon","coordinates":[[[7.35671,46.78643],[7.39481,46.7969],[7.39928,46.81063],[7.41027,46.81004],[7.40647,46.79287],[7.42866,46.78437],[7.45129,46.73766],[7.44099,46.72661],[7.45061,46.70467],[7.44658,46.69915],[7.43181,46.70035],[7.40765,46.6887],[7.38908,46.69138],[7.39465,46.71541],[7.37764,46.71615],[7.37762,46.73406],[7.35676,46.75554],[7.35671,46.78643]]]}},{"type":"Feature","properties":{"vogeId":855,"vogeName":"Schwarzenburg"},"geometry":{"type":"Polygon","coordinates":[[[7.30208,46.85205],[7.31642,46.86251],[7.33822,46.84955],[7.35929,46.86315],[7.38129,46.86017],[7.39027,46.85257],[7.37346,46.83689],[7.39702,46.82988],[7.39928,46.81063],[7.39481,46.7969],[7.35671,46.78643],[7.34549,46.79762],[7.33027,46.78656],[7.30359,46.78877],[7.30245,46.79369],[7.31989,46.81505],[7.31987,46.8252],[7.32972,46.83506],[7.30208,46.85205]]]}},{"type":"Feature","properties":{"vogeId":861,"vogeName":"Belp"},"geometry":{"type":"Polygon","coordinates":[[[7.48683,46.9248],[7.50008,46.91942],[7.5039,46.91569],[7.50794,46.91181],[7.51512,46.90822],[7.52634,46.9],[7.53508,46.89089],[7.54023,46.87835],[7.54761,46.86685],[7.53997,46.86388],[7.52065,46.8527],[7.50518,46.85659],[7.5054,46.85733],[7.49665,46.85883],[7.49622,46.87943],[7.48926,46.87973],[7.48164,46.89137],[7.47782,46.89794],[7.48683,46.9248]]]}},{"type":"Feature","properties":{"vogeId":863,"vogeName":"Burgistein"},"geometry":{"type":"Polygon","coordinates":[[[7.49995,46.80286],[7.52686,46.80314],[7.52752,46.79971],[7.52145,46.78658],[7.51741,46.7839],[7.49253,46.77929],[7.47641,46.79526],[7.49995,46.80286]]]}},{"type":"Feature","properties":{"vogeId":866,"vogeName":"Gerzensee"},"geometry":{"type":"Polygon","coordinates":[[[7.54761,46.86685],[7.55499,46.85386],[7.55944,46.83759],[7.5619,46.83296],[7.54978,46.83118],[7.52736,46.83657],[7.52065,46.8527],[7.53997,46.86388],[7.54761,46.86685]]]}},{"type":"Feature","properties":{"vogeId":867,"vogeName":"Gurzelen"},"geometry":{"type":"Polygon","coordinates":[[[7.51741,46.7839],[7.52145,46.78658],[7.5535,46.78297],[7.55189,46.767],[7.53239,46.76045],[7.53084,46.77269],[7.52031,46.77494],[7.51741,46.7839]]]}},{"type":"Feature","properties":{"vogeId":868,"vogeName":"Jaberg"},"geometry":{"type":"Polygon","coordinates":[[[7.56369,46.83042],[7.56794,46.82489],[7.57196,46.81832],[7.56835,46.80788],[7.56588,46.80788],[7.55897,46.8249],[7.56369,46.83042]]]}},{"type":"Feature","properties":{"vogeId":869,"vogeName":"Kaufdorf"},"geometry":{"type":"Polygon","coordinates":[[[7.4825,46.84317],[7.50359,46.8454],[7.51121,46.83554],[7.48227,46.83764],[7.4825,46.84317]]]}},{"type":"Feature","properties":{"vogeId":870,"vogeName":"Kehrsatz"},"geometry":{"type":"Polygon","coordinates":[[[7.47088,46.92555],[7.4738,46.92316],[7.47762,46.92331],[7.48054,46.92615],[7.48369,46.92629],[7.48683,46.9248],[7.47782,46.89794],[7.45087,46.90496],[7.45649,46.91063],[7.47088,46.92555]]]}},{"type":"Feature","properties":{"vogeId":872,"vogeName":"Kirchdorf (BE)"},"geometry":{"type":"Polygon","coordinates":[[[7.5619,46.83296],[7.56369,46.83042],[7.55897,46.8249],[7.56588,46.80788],[7.56162,46.8058],[7.55422,46.80685],[7.55956,46.79058],[7.55687,46.79088],[7.52752,46.79971],[7.52686,46.80314],[7.52575,46.8115],[7.52285,46.81956],[7.51904,46.82539],[7.51703,46.83046],[7.51412,46.83091],[7.51121,46.83554],[7.50359,46.8454],[7.50518,46.85659],[7.52065,46.8527],[7.52736,46.83657],[7.54978,46.83118],[7.5619,46.83296]]]}},{"type":"Feature","properties":{"vogeId":879,"vogeName":"Riggisberg"},"geometry":{"type":"Polygon","coordinates":[[[7.49995,46.80286],[7.47641,46.79526],[7.49253,46.77929],[7.45981,46.76109],[7.47592,46.73347],[7.46584,46.72661],[7.45129,46.73766],[7.42866,46.78437],[7.43449,46.80676],[7.43292,46.81527],[7.47642,46.8172],[7.4688,46.82944],[7.48227,46.83764],[7.51121,46.83554],[7.51412,46.83091],[7.49392,46.82451],[7.49459,46.81824],[7.49526,46.81779],[7.49816,46.80704],[7.49995,46.80286]]]}},{"type":"Feature","properties":{"vogeId":880,"vogeName":"R\u00fceggisberg"},"geometry":{"type":"MultiPolygon","coordinates":[[[[7.45061,46.70467],[7.44099,46.72661],[7.45129,46.73766],[7.46584,46.72661],[7.45442,46.71691],[7.46135,46.70631],[7.45061,46.70467]]],[[[7.42887,46.85392],[7.44032,46.8475],[7.48071,46.84854],[7.4825,46.84317],[7.48227,46.83764],[7.4688,46.82944],[7.47642,46.8172],[7.43292,46.81527],[7.43449,46.80676],[7.42866,46.78437],[7.40647,46.79287],[7.41027,46.81004],[7.39928,46.81063],[7.39702,46.82988],[7.37346,46.83689],[7.39027,46.85257],[7.41406,46.84631],[7.42887,46.85392]]]]}},{"type":"Feature","properties":{"vogeId":883,"vogeName":"Seftigen"},"geometry":{"type":"Polygon","coordinates":[[[7.52752,46.79971],[7.55687,46.79088],[7.5535,46.78297],[7.52145,46.78658],[7.52752,46.79971]]]}},{"type":"Feature","properties":{"vogeId":884,"vogeName":"Toffen"},"geometry":{"type":"Polygon","coordinates":[[[7.48926,46.87973],[7.49622,46.87943],[7.49665,46.85883],[7.5054,46.85733],[7.50518,46.85659],[7.50359,46.8454],[7.4825,46.84317],[7.48071,46.84854],[7.48274,46.86794],[7.48926,46.87973]]]}},{"type":"Feature","properties":{"vogeId":885,"vogeName":"Uttigen"},"geometry":{"type":"Polygon","coordinates":[[[7.56588,46.80788],[7.56835,46.80788],[7.57125,46.80295],[7.5746,46.79981],[7.58312,46.79697],[7.5914,46.79263],[7.59609,46.78635],[7.58353,46.78577],[7.56629,46.78967],[7.55956,46.79058],[7.55422,46.80685],[7.56162,46.8058],[7.56588,46.80788]]]}},{"type":"Feature","properties":{"vogeId":886,"vogeName":"Wattenwil"},"geometry":{"type":"Polygon","coordinates":[[[7.49253,46.77929],[7.51741,46.7839],[7.52031,46.77494],[7.51626,46.76375],[7.52073,46.75449],[7.47592,46.73347],[7.45981,46.76109],[7.49253,46.77929]]]}},{"type":"Feature","properties":{"vogeId":888,"vogeName":"Wald (BE)"},"geometry":{"type":"Polygon","coordinates":[[[7.48071,46.84854],[7.44032,46.8475],[7.42887,46.85392],[7.42999,46.85452],[7.42281,46.86123],[7.43852,46.86929],[7.4374,46.88004],[7.43313,46.88899],[7.4475,46.89362],[7.45087,46.90496],[7.47782,46.89794],[7.48164,46.89137],[7.48926,46.87973],[7.48274,46.86794],[7.48071,46.84854]]]}},{"type":"Feature","properties":{"vogeId":889,"vogeName":"Thurnen"},"geometry":{"type":"Polygon","coordinates":[[[7.52686,46.80314],[7.49995,46.80286],[7.49816,46.80704],[7.49526,46.81779],[7.49459,46.81824],[7.49392,46.82451],[7.51412,46.83091],[7.51703,46.83046],[7.51904,46.82539],[7.52285,46.81956],[7.52575,46.8115],[7.52686,46.80314]]]}},{"type":"Feature","properties":{"vogeId":901,"vogeName":"Eggiwil"},"geometry":{"type":"Polygon","coordinates":[[[7.76835,46.91807],[7.79015,46.91875],[7.8058,46.90691],[7.82451,46.88461],[7.84202,46.88351],[7.8497,46.89035],[7.85865,46.88524],[7.8698,46.84729],[7.81816,46.8121],[7.78712,46.8316],[7.77336,46.85537],[7.77702,46.867],[7.74585,46.87276],[7.74501,46.88291],[7.76459,46.88943],[7.76197,46.90257],[7.76089,46.90929],[7.75776,46.91213],[7.76835,46.91807]]]}},{"type":"Feature","properties":{"vogeId":902,"vogeName":"Langnau im Emmental"},"geometry":{"type":"Polygon","coordinates":[[[7.81949,46.99985],[7.87032,46.99713],[7.868,46.98759],[7.84638,46.98528],[7.8409,46.9741],[7.83802,46.94979],[7.84848,46.93587],[7.8194,46.92403],[7.8058,46.90691],[7.79015,46.91875],[7.76835,46.91807],[7.74987,46.94693],[7.75124,46.9505],[7.77738,46.95983],[7.79807,46.99424],[7.81949,46.99985]]]}},{"type":"Feature","properties":{"vogeId":903,"vogeName":"Lauperswil"},"geometry":{"type":"Polygon","coordinates":[[[7.77646,46.99192],[7.79807,46.99424],[7.77738,46.95983],[7.75124,46.9505],[7.74987,46.94693],[7.74512,46.94097],[7.74375,46.93724],[7.73991,46.93427],[7.7381,46.93203],[7.72982,46.93817],[7.69765,46.93228],[7.69745,46.93825],[7.69791,46.93959],[7.70204,46.95704],[7.71507,46.95612],[7.73024,46.97474],[7.76624,46.97643],[7.77646,46.99192]]]}},{"type":"Feature","properties":{"vogeId":904,"vogeName":"R\u00f6thenbach im Emmental"},"geometry":{"type":"Polygon","coordinates":[[[7.7309,46.88982],[7.74501,46.88291],[7.74585,46.87276],[7.77702,46.867],[7.77336,46.85537],[7.78712,46.8316],[7.81816,46.8121],[7.82507,46.80536],[7.77683,46.80119],[7.75653,46.81796],[7.75433,46.82513],[7.73101,46.82683],[7.73441,46.83279],[7.70975,46.83659],[7.70957,46.84465],[7.72192,46.84626],[7.71349,46.86538],[7.70862,46.87898],[7.7309,46.88982]]]}},{"type":"Feature","properties":{"vogeId":905,"vogeName":"R\u00fcderswil"},"geometry":{"type":"Polygon","coordinates":[[[7.7641,46.99539],[7.77646,46.99192],[7.76624,46.97643],[7.73024,46.97474],[7.71507,46.95612],[7.70204,46.95704],[7.70053,46.96973],[7.68502,46.9726],[7.68551,46.98215],[7.68397,46.98977],[7.69501,46.99288],[7.69526,46.9975],[7.70201,46.99659],[7.71416,46.99612],[7.72249,46.99714],[7.72495,46.99579],[7.74986,46.98439],[7.7641,46.99539]]]}},{"type":"Feature","properties":{"vogeId":906,"vogeName":"Schangnau"},"geometry":{"type":"Polygon","coordinates":[[[7.8698,46.84729],[7.8986,46.83046],[7.92247,46.81633],[7.9508,46.79964],[7.95344,46.79426],[7.86684,46.78566],[7.83764,46.80771],[7.82507,46.80536],[7.81816,46.8121],[7.8698,46.84729]]]}},{"type":"Feature","properties":{"vogeId":907,"vogeName":"Signau"},"geometry":{"type":"Polygon","coordinates":[[[7.69765,46.93228],[7.72982,46.93817],[7.7381,46.93203],[7.73991,46.93427],[7.74375,46.93724],[7.74512,46.94097],[7.74987,46.94693],[7.76835,46.91807],[7.75776,46.91213],[7.76089,46.90929],[7.76197,46.90257],[7.76459,46.88943],[7.74501,46.88291],[7.7309,46.88982],[7.72872,46.90086],[7.71103,46.91121],[7.69765,46.93228]]]}},{"type":"Feature","properties":{"vogeId":908,"vogeName":"Trub"},"geometry":{"type":"Polygon","coordinates":[[[7.90168,47.00626],[7.91949,47.01022],[7.94128,47.00565],[7.953,47.00694],[7.95253,46.98127],[7.9459,46.97026],[7.91522,46.93472],[7.87288,46.92429],[7.86719,46.91476],[7.88307,46.90664],[7.87305,46.88966],[7.85865,46.88524],[7.8497,46.89035],[7.86279,46.92671],[7.84848,46.93587],[7.83802,46.94979],[7.8409,46.9741],[7.84638,46.98528],[7.868,46.98759],[7.87032,46.99713],[7.90168,47.00626]]]}},{"type":"Feature","properties":{"vogeId":909,"vogeName":"Trubschachen"},"geometry":{"type":"Polygon","coordinates":[[[7.8058,46.90691],[7.8194,46.92403],[7.84848,46.93587],[7.86279,46.92671],[7.8497,46.89035],[7.84202,46.88351],[7.82451,46.88461],[7.8058,46.90691]]]}},{"type":"Feature","properties":{"vogeId":921,"vogeName":"Amsoldingen"},"geometry":{"type":"Polygon","coordinates":[[[7.56616,46.73565],[7.56685,46.74281],[7.5778,46.73534],[7.58609,46.73547],[7.59212,46.73099],[7.60329,46.72262],[7.60865,46.71873],[7.60147,46.71366],[7.5782,46.71728],[7.56616,46.73565]]]}},{"type":"Feature","properties":{"vogeId":922,"vogeName":"Blumenstein"},"geometry":{"type":"Polygon","coordinates":[[[7.52073,46.75449],[7.53797,46.74941],[7.52899,46.73464],[7.51666,46.72793],[7.48956,46.71317],[7.49156,46.70466],[7.46135,46.70631],[7.45442,46.71691],[7.46584,46.72661],[7.47592,46.73347],[7.52073,46.75449]]]}},{"type":"Feature","properties":{"vogeId":923,"vogeName":"Buchholterberg"},"geometry":{"type":"Polygon","coordinates":[[[7.67225,46.82876],[7.70975,46.83659],[7.73441,46.83279],[7.73101,46.82683],[7.71731,46.82284],[7.72643,46.80894],[7.70313,46.81257],[7.67797,46.80263],[7.64234,46.80777],[7.65788,46.82491],[7.67225,46.82876]]]}},{"type":"Feature","properties":{"vogeId":924,"vogeName":"Eriz"},"geometry":{"type":"Polygon","coordinates":[[[7.82507,46.80536],[7.83764,46.80771],[7.86684,46.78566],[7.85387,46.76019],[7.8216,46.75941],[7.82524,46.7676],[7.84343,46.77306],[7.82403,46.78596],[7.73144,46.78086],[7.72785,46.78192],[7.73845,46.79323],[7.77683,46.80119],[7.82507,46.80536]]]}},{"type":"Feature","properties":{"vogeId":925,"vogeName":"Fahrni"},"geometry":{"type":"Polygon","coordinates":[[[7.6226,46.80661],[7.64234,46.80777],[7.67797,46.80263],[7.68216,46.7871],[7.65613,46.78118],[7.65257,46.78581],[7.67186,46.78996],[7.67031,46.79459],[7.64967,46.79045],[7.62528,46.80138],[7.62081,46.80661],[7.6226,46.80661]]]}},{"type":"Feature","properties":{"vogeId":927,"vogeName":"Heiligenschwendi"},"geometry":{"type":"Polygon","coordinates":[[[7.69033,46.76141],[7.69772,46.76095],[7.71042,46.74704],[7.68644,46.74321],[7.67793,46.74413],[7.6531,46.75164],[7.65805,46.75625],[7.69033,46.76141]]]}},{"type":"Feature","properties":{"vogeId":928,"vogeName":"Heimberg"},"geometry":{"type":"Polygon","coordinates":[[[7.60691,46.80753],[7.62081,46.80661],[7.62528,46.80138],[7.61093,46.80081],[7.60864,46.78574],[7.61532,46.77409],[7.60568,46.77037],[7.59609,46.78635],[7.5914,46.79263],[7.58312,46.79697],[7.59254,46.80084],[7.60691,46.80753]]]}},{"type":"Feature","properties":{"vogeId":929,"vogeName":"Hilterfingen"},"geometry":{"type":"Polygon","coordinates":[[[7.63875,46.74629],[7.6531,46.75164],[7.67793,46.74413],[7.65885,46.73342],[7.64836,46.7418],[7.63875,46.74629]]]}},{"type":"Feature","properties":{"vogeId":931,"vogeName":"Homberg"},"geometry":{"type":"Polygon","coordinates":[[[7.68216,46.7871],[7.69404,46.78737],[7.70337,46.77123],[7.69772,46.76095],[7.69033,46.76141],[7.67244,46.76876],[7.66038,46.77729],[7.65613,46.78118],[7.68216,46.7871]]]}},{"type":"Feature","properties":{"vogeId":932,"vogeName":"Horrenbach-Buchen"},"geometry":{"type":"MultiPolygon","coordinates":[[[[7.73144,46.78086],[7.82403,46.78596],[7.84343,46.77306],[7.82524,46.7676],[7.8216,46.75941],[7.81078,46.74944],[7.76052,46.77288],[7.73185,46.77385],[7.73144,46.78086]]],[[[7.69404,46.78737],[7.71309,46.78807],[7.72718,46.78207],[7.70337,46.77123],[7.69404,46.78737]]]]}},{"type":"Feature","properties":{"vogeId":934,"vogeName":"Oberhofen am Thunersee"},"geometry":{"type":"Polygon","coordinates":[[[7.67793,46.74413],[7.68644,46.74321],[7.68699,46.7162],[7.67808,46.72607],[7.67025,46.72743],[7.65885,46.73342],[7.67793,46.74413]]]}},{"type":"Feature","properties":{"vogeId":935,"vogeName":"Oberlangenegg"},"geometry":{"type":"Polygon","coordinates":[[[7.72643,46.80894],[7.75653,46.81796],[7.77683,46.80119],[7.73845,46.79323],[7.72785,46.78192],[7.72718,46.78207],[7.71309,46.78807],[7.72643,46.80894]]]}},{"type":"Feature","properties":{"vogeId":936,"vogeName":"Pohlern"},"geometry":{"type":"Polygon","coordinates":[[[7.49156,46.70466],[7.48956,46.71317],[7.51666,46.72793],[7.52899,46.73464],[7.54196,46.72731],[7.54531,46.72104],[7.54303,46.70418],[7.53206,46.70106],[7.5041,46.70689],[7.49156,46.70466]]]}},{"type":"Feature","properties":{"vogeId":938,"vogeName":"Sigriswil"},"geometry":{"type":"Polygon","coordinates":[[[7.73185,46.77385],[7.76052,46.77288],[7.81078,46.74944],[7.80594,46.72976],[7.74953,46.69276],[7.75684,46.6802],[7.74723,46.68172],[7.74126,46.69398],[7.72454,46.70686],[7.70688,46.71093],[7.68699,46.7162],[7.68644,46.74321],[7.71042,46.74704],[7.7204,46.77],[7.73185,46.77385]]]}},{"type":"Feature","properties":{"vogeId":939,"vogeName":"Steffisburg"},"geometry":{"type":"Polygon","coordinates":[[[7.62528,46.80138],[7.64967,46.79045],[7.67031,46.79459],[7.67186,46.78996],[7.65257,46.78581],[7.65613,46.78118],[7.66038,46.77729],[7.67244,46.76876],[7.65204,46.76552],[7.64195,46.76434],[7.63344,46.76346],[7.62268,46.76244],[7.61551,46.7617],[7.60903,46.76753],[7.60568,46.77037],[7.61532,46.77409],[7.60864,46.78574],[7.61093,46.80081],[7.62528,46.80138]]]}},{"type":"Feature","properties":{"vogeId":940,"vogeName":"Teuffenthal (BE)"},"geometry":{"type":"Polygon","coordinates":[[[7.72718,46.78207],[7.72785,46.78192],[7.73144,46.78086],[7.73185,46.77385],[7.7204,46.77],[7.71042,46.74704],[7.69772,46.76095],[7.70337,46.77123],[7.72718,46.78207]]]}},{"type":"Feature","properties":{"vogeId":941,"vogeName":"Thierachern"},"geometry":{"type":"Polygon","coordinates":[[[7.55211,46.76253],[7.59288,46.76233],[7.58835,46.74413],[7.58609,46.73547],[7.5778,46.73534],[7.56685,46.74281],[7.54111,46.75254],[7.55211,46.76253]]]}},{"type":"Feature","properties":{"vogeId":942,"vogeName":"Thun"},"geometry":{"type":"Polygon","coordinates":[[[7.67244,46.76876],[7.69033,46.76141],[7.65805,46.75625],[7.6531,46.75164],[7.63875,46.74629],[7.63135,46.74257],[7.63313,46.74018],[7.62884,46.73153],[7.62836,46.72213],[7.61983,46.71319],[7.60865,46.71873],[7.60329,46.72262],[7.59212,46.73099],[7.58609,46.73547],[7.58835,46.74413],[7.59288,46.76233],[7.60568,46.77037],[7.60903,46.76753],[7.61551,46.7617],[7.62268,46.76244],[7.63344,46.76346],[7.64195,46.76434],[7.65204,46.76552],[7.67244,46.76876]]]}},{"type":"Feature","properties":{"vogeId":943,"vogeName":"Uebeschi"},"geometry":{"type":"Polygon","coordinates":[[[7.53797,46.74941],[7.54111,46.75254],[7.56685,46.74281],[7.56616,46.73565],[7.54196,46.72731],[7.52899,46.73464],[7.53797,46.74941]]]}},{"type":"Feature","properties":{"vogeId":944,"vogeName":"Uetendorf"},"geometry":{"type":"Polygon","coordinates":[[[7.55687,46.79088],[7.55956,46.79058],[7.56629,46.78967],[7.58353,46.78577],[7.59609,46.78635],[7.60568,46.77037],[7.59288,46.76233],[7.55211,46.76253],[7.55189,46.767],[7.5535,46.78297],[7.55687,46.79088]]]}},{"type":"Feature","properties":{"vogeId":945,"vogeName":"Unterlangenegg"},"geometry":{"type":"Polygon","coordinates":[[[7.72643,46.80894],[7.71309,46.78807],[7.69404,46.78737],[7.68216,46.7871],[7.67797,46.80263],[7.70313,46.81257],[7.72643,46.80894]]]}},{"type":"Feature","properties":{"vogeId":946,"vogeName":"Wachseldorn"},"geometry":{"type":"Polygon","coordinates":[[[7.73101,46.82683],[7.75433,46.82513],[7.75653,46.81796],[7.72643,46.80894],[7.71731,46.82284],[7.73101,46.82683]]]}},{"type":"Feature","properties":{"vogeId":947,"vogeName":"Zwieselberg"},"geometry":{"type":"Polygon","coordinates":[[[7.60147,46.71366],[7.60865,46.71873],[7.61983,46.71319],[7.63211,46.70586],[7.60793,46.70276],[7.6019,46.70754],[7.60147,46.71366]]]}},{"type":"Feature","properties":{"vogeId":948,"vogeName":"Forst-L\u00e4ngenb\u00fchl"},"geometry":{"type":"Polygon","coordinates":[[[7.52031,46.77494],[7.53084,46.77269],[7.53239,46.76045],[7.55189,46.767],[7.55211,46.76253],[7.54111,46.75254],[7.53797,46.74941],[7.52073,46.75449],[7.51626,46.76375],[7.52031,46.77494]]]}},{"type":"Feature","properties":{"vogeId":951,"vogeName":"Affoltern im Emmental"},"geometry":{"type":"Polygon","coordinates":[[[7.73491,47.08695],[7.73648,47.0871],[7.75336,47.08138],[7.74926,47.07498],[7.7679,47.06358],[7.7462,47.05111],[7.72954,47.05354],[7.71626,47.05551],[7.71812,47.0664],[7.70821,47.06672],[7.69473,47.07466],[7.70153,47.08226],[7.71097,47.07716],[7.72384,47.08206],[7.73491,47.08695]]]}},{"type":"Feature","properties":{"vogeId":952,"vogeName":"D\u00fcrrenroth"},"geometry":{"type":"Polygon","coordinates":[[[7.78682,47.098],[7.80958,47.09659],[7.81092,47.09464],[7.80045,47.0802],[7.80781,47.06883],[7.79672,47.06156],[7.7679,47.06358],[7.74926,47.07498],[7.75336,47.08138],[7.73648,47.0871],[7.76042,47.09479],[7.76601,47.08732],[7.78682,47.098]]]}},{"type":"Feature","properties":{"vogeId":953,"vogeName":"Eriswil"},"geometry":{"type":"Polygon","coordinates":[[[7.8447,47.09095],[7.87513,47.09009],[7.87257,47.08085],[7.87932,47.07888],[7.86827,47.04997],[7.83723,47.05575],[7.8447,47.09095]]]}},{"type":"Feature","properties":{"vogeId":954,"vogeName":"Huttwil"},"geometry":{"type":"Polygon","coordinates":[[[7.84997,47.13048],[7.86509,47.13206],[7.87383,47.12427],[7.86722,47.11668],[7.87513,47.09009],[7.8447,47.09095],[7.81092,47.09464],[7.80958,47.09659],[7.82464,47.12161],[7.82848,47.12324],[7.84997,47.13048]]]}},{"type":"Feature","properties":{"vogeId":955,"vogeName":"L\u00fctzelfl\u00fch"},"geometry":{"type":"MultiPolygon","coordinates":[[[[7.65739,46.98117],[7.68551,46.98215],[7.68502,46.9726],[7.65641,46.96102],[7.65739,46.98117]]],[[[7.60773,46.99767],[7.60883,46.98976],[7.59353,46.98828],[7.58321,46.9983],[7.59921,47.00693],[7.60773,46.99767]]],[[[7.72766,47.03802],[7.72214,47.01774],[7.73183,47.01816],[7.7439,47.0041],[7.7641,46.99539],[7.74986,46.98439],[7.72495,46.99579],[7.72249,46.99714],[7.71416,46.99612],[7.70201,46.99659],[7.69526,46.9975],[7.69501,46.99288],[7.68397,46.98977],[7.67931,47.00425],[7.67079,47.0095],[7.66292,47.01294],[7.67331,47.02113],[7.70237,47.0251],[7.71058,47.04508],[7.72766,47.03802]]]]}},{"type":"Feature","properties":{"vogeId":956,"vogeName":"R\u00fcegsau"},"geometry":{"type":"Polygon","coordinates":[[[7.70821,47.06672],[7.71812,47.0664],[7.71626,47.05551],[7.72954,47.05354],[7.72766,47.03802],[7.71058,47.04508],[7.70237,47.0251],[7.67331,47.02113],[7.66292,47.01294],[7.65619,47.01773],[7.6481,47.02133],[7.64676,47.02357],[7.64632,47.02685],[7.67901,47.03739],[7.68245,47.05066],[7.70821,47.06672]]]}},{"type":"Feature","properties":{"vogeId":957,"vogeName":"Sumiswald"},"geometry":{"type":"Polygon","coordinates":[[[7.7679,47.06358],[7.79672,47.06156],[7.81153,47.05315],[7.83723,47.05575],[7.86827,47.04997],[7.8922,47.03018],[7.90168,47.00626],[7.87032,46.99713],[7.81949,46.99985],[7.81712,47.01478],[7.7965,47.02813],[7.7595,47.0163],[7.74243,47.02291],[7.73183,47.01816],[7.72214,47.01774],[7.72766,47.03802],[7.72954,47.05354],[7.7462,47.05111],[7.7679,47.06358]]]}},{"type":"Feature","properties":{"vogeId":958,"vogeName":"Trachselwald"},"geometry":{"type":"Polygon","coordinates":[[[7.73183,47.01816],[7.74243,47.02291],[7.7595,47.0163],[7.7965,47.02813],[7.81712,47.01478],[7.81949,46.99985],[7.79807,46.99424],[7.77646,46.99192],[7.7641,46.99539],[7.7439,47.0041],[7.73183,47.01816]]]}},{"type":"Feature","properties":{"vogeId":959,"vogeName":"Walterswil (BE)"},"geometry":{"type":"Polygon","coordinates":[[[7.76186,47.10852],[7.76869,47.11999],[7.7899,47.12083],[7.78682,47.098],[7.76601,47.08732],[7.76042,47.09479],[7.73648,47.0871],[7.73491,47.08695],[7.74152,47.10052],[7.75571,47.09914],[7.76186,47.10852]]]}},{"type":"Feature","properties":{"vogeId":960,"vogeName":"Wyssachen"},"geometry":{"type":"Polygon","coordinates":[[[7.81092,47.09464],[7.8447,47.09095],[7.83723,47.05575],[7.81153,47.05315],[7.79672,47.06156],[7.80781,47.06883],[7.80045,47.0802],[7.81092,47.09464]]]}},{"type":"Feature","properties":{"vogeId":971,"vogeName":"Attiswil"},"geometry":{"type":"Polygon","coordinates":[[[7.58439,47.27214],[7.60114,47.27511],[7.60449,47.26182],[7.62553,47.26343],[7.62777,47.25776],[7.62995,47.23522],[7.61729,47.23389],[7.59721,47.24497],[7.597,47.25079],[7.595,47.26377],[7.58439,47.27214]]]}},{"type":"Feature","properties":{"vogeId":972,"vogeName":"Berken"},"geometry":{"type":"Polygon","coordinates":[[[7.70181,47.23209],[7.71422,47.22788],[7.7176,47.22579],[7.70739,47.21835],[7.69251,47.2248],[7.70181,47.23209]]]}},{"type":"Feature","properties":{"vogeId":973,"vogeName":"Bettenhausen"},"geometry":{"type":"Polygon","coordinates":[[[7.71715,47.18266],[7.72567,47.17249],[7.71751,47.16565],[7.71704,47.16236],[7.70822,47.15791],[7.70056,47.1618],[7.69178,47.1657],[7.69677,47.17166],[7.70403,47.17821],[7.71715,47.18266]]]}},{"type":"Feature","properties":{"vogeId":975,"vogeName":"Farnern"},"geometry":{"type":"Polygon","coordinates":[[[7.58011,47.27633],[7.60704,47.28017],[7.62218,47.27657],[7.63458,47.26416],[7.62553,47.26343],[7.60449,47.26182],[7.60114,47.27511],[7.58439,47.27214],[7.58011,47.27633]]]}},{"type":"Feature","properties":{"vogeId":976,"vogeName":"Graben"},"geometry":{"type":"Polygon","coordinates":[[[7.7176,47.22579],[7.72845,47.22695],[7.73253,47.22888],[7.73361,47.22037],[7.72135,47.20891],[7.70937,47.20864],[7.70739,47.21835],[7.7176,47.22579]]]}},{"type":"Feature","properties":{"vogeId":977,"vogeName":"Heimenhausen"},"geometry":{"type":"Polygon","coordinates":[[[7.69251,47.2248],[7.70739,47.21835],[7.70937,47.20864],[7.696,47.19883],[7.69327,47.1945],[7.68537,47.19542],[7.68288,47.19497],[7.67257,47.21275],[7.67687,47.21454],[7.68388,47.21497],[7.69251,47.2248]]]}},{"type":"Feature","properties":{"vogeId":979,"vogeName":"Herzogenbuchsee"},"geometry":{"type":"Polygon","coordinates":[[[7.70937,47.20864],[7.72135,47.20891],[7.73241,47.2068],[7.7303,47.19277],[7.71715,47.18266],[7.70403,47.17821],[7.69677,47.17166],[7.69178,47.1657],[7.67958,47.16304],[7.6726,47.16843],[7.67352,47.17216],[7.67917,47.17334],[7.69661,47.18435],[7.69327,47.1945],[7.696,47.19883],[7.70937,47.20864]]]}},{"type":"Feature","properties":{"vogeId":980,"vogeName":"Inkwil"},"geometry":{"type":"Polygon","coordinates":[[[7.64951,47.21011],[7.67257,47.21275],[7.68288,47.19497],[7.67451,47.19096],[7.66235,47.20098],[7.64745,47.20176],[7.64951,47.21011]]]}},{"type":"Feature","properties":{"vogeId":981,"vogeName":"Niederbipp"},"geometry":{"type":"Polygon","coordinates":[[[7.68492,47.29391],[7.73835,47.25991],[7.75688,47.25807],[7.74575,47.249],[7.73468,47.24977],[7.71428,47.23997],[7.66876,47.27186],[7.65427,47.2695],[7.64957,47.28234],[7.65116,47.28293],[7.6609,47.2868],[7.67472,47.29095],[7.68492,47.29391]]]}},{"type":"Feature","properties":{"vogeId":982,"vogeName":"Nieder\u00f6nz"},"geometry":{"type":"Polygon","coordinates":[[[7.68288,47.19497],[7.68537,47.19542],[7.69327,47.1945],[7.69661,47.18435],[7.67917,47.17334],[7.67352,47.17216],[7.67109,47.18455],[7.67451,47.19096],[7.68288,47.19497]]]}},{"type":"Feature","properties":{"vogeId":983,"vogeName":"Oberbipp"},"geometry":{"type":"Polygon","coordinates":[[[7.65427,47.2695],[7.66876,47.27186],[7.71428,47.23997],[7.70905,47.23446],[7.69349,47.24166],[7.67815,47.24766],[7.6657,47.2456],[7.64654,47.25907],[7.65427,47.2695]]]}},{"type":"Feature","properties":{"vogeId":985,"vogeName":"Ochlenberg"},"geometry":{"type":"Polygon","coordinates":[[[7.74912,47.1681],[7.75542,47.16405],[7.75786,47.15659],[7.74782,47.13811],[7.73825,47.12067],[7.73258,47.11576],[7.72829,47.11309],[7.72546,47.1322],[7.70073,47.14987],[7.70822,47.15791],[7.71704,47.16236],[7.72716,47.15577],[7.74912,47.1681]]]}},{"type":"Feature","properties":{"vogeId":987,"vogeName":"Rumisberg"},"geometry":{"type":"Polygon","coordinates":[[[7.61292,47.28106],[7.64957,47.28234],[7.65427,47.2695],[7.64654,47.25907],[7.62777,47.25776],[7.62553,47.26343],[7.63458,47.26416],[7.62218,47.27657],[7.60704,47.28017],[7.61292,47.28106]]]}},{"type":"Feature","properties":{"vogeId":988,"vogeName":"Seeberg"},"geometry":{"type":"Polygon","coordinates":[[[7.6726,47.16843],[7.67958,47.16304],[7.67457,47.1541],[7.69036,47.15272],[7.70056,47.1618],[7.70822,47.15791],[7.70073,47.14987],[7.72546,47.1322],[7.72829,47.11309],[7.72039,47.11221],[7.70246,47.13539],[7.67061,47.12635],[7.64968,47.13624],[7.65897,47.14667],[7.65267,47.15161],[7.65294,47.1625],[7.6726,47.16843]]]}},{"type":"Feature","properties":{"vogeId":989,"vogeName":"Th\u00f6rigen"},"geometry":{"type":"Polygon","coordinates":[[[7.71715,47.18266],[7.7303,47.19277],[7.73814,47.18186],[7.74912,47.1681],[7.72716,47.15577],[7.71704,47.16236],[7.71751,47.16565],[7.72567,47.17249],[7.71715,47.18266]]]}},{"type":"Feature","properties":{"vogeId":990,"vogeName":"Walliswil bei Niederbipp"},"geometry":{"type":"Polygon","coordinates":[[[7.68103,47.23572],[7.69349,47.24166],[7.70905,47.23446],[7.71695,47.23116],[7.71422,47.22788],[7.70181,47.23209],[7.68103,47.23572]]]}},{"type":"Feature","properties":{"vogeId":991,"vogeName":"Walliswil bei Wangen"},"geometry":{"type":"Polygon","coordinates":[[[7.67493,47.23678],[7.68103,47.23572],[7.70181,47.23209],[7.69251,47.2248],[7.68388,47.21497],[7.67687,47.21454],[7.67081,47.22335],[7.67493,47.23678]]]}},{"type":"Feature","properties":{"vogeId":992,"vogeName":"Wangen an der Aare"},"geometry":{"type":"Polygon","coordinates":[[[7.62995,47.23522],[7.64375,47.23788],[7.65166,47.23831],[7.65888,47.23606],[7.66521,47.2353],[7.67493,47.23678],[7.67081,47.22335],[7.6403,47.22192],[7.64055,47.22968],[7.62066,47.22896],[7.61729,47.23389],[7.62995,47.23522]]]}},{"type":"Feature","properties":{"vogeId":993,"vogeName":"Wangenried"},"geometry":{"type":"Polygon","coordinates":[[[7.6403,47.22192],[7.67081,47.22335],[7.67687,47.21454],[7.67257,47.21275],[7.64951,47.21011],[7.64884,47.21101],[7.6403,47.22192]]]}},{"type":"Feature","properties":{"vogeId":995,"vogeName":"Wiedlisbach"},"geometry":{"type":"Polygon","coordinates":[[[7.62777,47.25776],[7.64654,47.25907],[7.6657,47.2456],[7.67815,47.24766],[7.69349,47.24166],[7.68103,47.23572],[7.67493,47.23678],[7.66521,47.2353],[7.65888,47.23606],[7.65166,47.23831],[7.64375,47.23788],[7.62995,47.23522],[7.62777,47.25776]]]}},{"type":"Feature","properties":{"vogeId":1001,"vogeName":"Doppleschwand"},"geometry":{"type":"Polygon","coordinates":[[[8.0579,47.02881],[8.0674,47.03249],[8.06621,47.02682],[8.06769,47.0186],[8.06426,47.0143],[8.0626,47.00669],[8.05873,47.00328],[8.0632,47.00027],[8.06339,46.99699],[8.06,46.99566],[8.03484,46.99938],[8.03525,47.01624],[8.0579,47.02881]]]}},{"type":"Feature","properties":{"vogeId":1002,"vogeName":"Entlebuch"},"geometry":{"type":"Polygon","coordinates":[[[8.0674,47.03249],[8.06832,47.03353],[8.11666,47.02833],[8.11504,47.00699],[8.12929,47.01273],[8.14424,47.00204],[8.14497,46.97249],[8.16217,46.96357],[8.15018,46.95783],[8.16499,46.93938],[8.15705,46.93346],[8.13488,46.9224],[8.11136,46.89284],[8.10263,46.89528],[8.10863,46.90823],[8.09475,46.91204],[8.08592,46.90612],[8.08335,46.91643],[8.1199,46.92846],[8.13538,46.94359],[8.11918,46.96085],[8.06761,46.97309],[8.06,46.99566],[8.06339,46.99699],[8.0632,47.00027],[8.05873,47.00328],[8.0626,47.00669],[8.06426,47.0143],[8.06769,47.0186],[8.06621,47.02682],[8.0674,47.03249]]]}},{"type":"Feature","properties":{"vogeId":1004,"vogeName":"Fl\u00fchli"},"geometry":{"type":"Polygon","coordinates":[[[8.01506,46.91784],[8.06215,46.90954],[8.06985,46.89576],[8.07053,46.8777],[8.06654,46.8625],[8.06561,46.85952],[8.04495,46.83918],[8.04223,46.83651],[8.05594,46.81898],[8.06456,46.80803],[8.06251,46.80566],[8.04706,46.78708],[8.02063,46.78901],[7.98462,46.77501],[7.96211,46.78735],[7.95408,46.79172],[7.95344,46.79426],[7.9508,46.79964],[7.95029,46.81771],[7.96056,46.83602],[7.97302,46.84775],[7.94957,46.88308],[7.99256,46.91467],[8.01506,46.91784]]]}},{"type":"Feature","properties":{"vogeId":1005,"vogeName":"Hasle (LU)"},"geometry":{"type":"Polygon","coordinates":[[[8.03484,46.99938],[8.06,46.99566],[8.06761,46.97309],[8.11918,46.96085],[8.13538,46.94359],[8.1199,46.92846],[8.08335,46.91643],[8.08592,46.90612],[8.06985,46.89576],[8.06215,46.90954],[8.07054,46.91636],[8.06513,46.93444],[8.04469,46.9356],[8.04659,46.96409],[8.02266,46.97661],[8.01666,46.98305],[8.03484,46.99938]]]}},{"type":"Feature","properties":{"vogeId":1007,"vogeName":"Romoos"},"geometry":{"type":"Polygon","coordinates":[[[8.03389,47.03595],[8.0579,47.02881],[8.03525,47.01624],[8.03484,46.99938],[8.01666,46.98305],[7.97288,46.96968],[7.95987,46.97258],[7.95253,46.98127],[7.953,47.00694],[7.95266,47.01858],[7.96942,47.02955],[8.01576,47.02544],[8.03389,47.03595]]]}},{"type":"Feature","properties":{"vogeId":1008,"vogeName":"Sch\u00fcpfheim"},"geometry":{"type":"Polygon","coordinates":[[[8.01666,46.98305],[8.02266,46.97661],[8.04659,46.96409],[8.04469,46.9356],[8.06513,46.93444],[8.07054,46.91636],[8.06215,46.90954],[8.01506,46.91784],[8.01537,46.92605],[7.996,46.92182],[7.98563,46.94052],[7.97169,46.93969],[7.95206,46.95545],[7.96449,46.96211],[7.9459,46.97026],[7.95253,46.98127],[7.95987,46.97258],[7.97288,46.96968],[8.01666,46.98305]]]}},{"type":"Feature","properties":{"vogeId":1009,"vogeName":"Werthenstein"},"geometry":{"type":"Polygon","coordinates":[[[8.08725,47.05387],[8.09175,47.05309],[8.0949,47.05352],[8.09695,47.05501],[8.1001,47.05499],[8.10327,47.05616],[8.10502,47.05197],[8.10793,47.05032],[8.112,47.05119],[8.11401,47.05013],[8.11779,47.04593],[8.12273,47.04486],[8.12723,47.04483],[8.13329,47.04345],[8.14204,47.04056],[8.15013,47.03932],[8.12929,47.01273],[8.11504,47.00699],[8.11666,47.02833],[8.06832,47.03353],[8.06864,47.04188],[8.06489,47.04847],[8.0656,47.0516],[8.0697,47.05531],[8.06882,47.05725],[8.07153,47.05798],[8.07401,47.05767],[8.07847,47.05392],[8.08207,47.0536],[8.08725,47.05387]]]}},{"type":"Feature","properties":{"vogeId":1010,"vogeName":"Escholzmatt-Marbach"},"geometry":{"type":"Polygon","coordinates":[[[7.9459,46.97026],[7.96449,46.96211],[7.95206,46.95545],[7.97169,46.93969],[7.98563,46.94052],[7.996,46.92182],[8.01537,46.92605],[8.01506,46.91784],[7.99256,46.91467],[7.94957,46.88308],[7.97302,46.84775],[7.96056,46.83602],[7.95029,46.81771],[7.9508,46.79964],[7.92247,46.81633],[7.8986,46.83046],[7.8698,46.84729],[7.85865,46.88524],[7.87305,46.88966],[7.88307,46.90664],[7.86719,46.91476],[7.87288,46.92429],[7.91522,46.93472],[7.9459,46.97026]]]}},{"type":"Feature","properties":{"vogeId":1021,"vogeName":"Aesch (LU)"},"geometry":{"type":"Polygon","coordinates":[[[8.22833,47.27282],[8.24235,47.27242],[8.25071,47.25699],[8.26445,47.25361],[8.25941,47.24917],[8.23788,47.24544],[8.22749,47.24611],[8.23045,47.24788],[8.23025,47.24982],[8.22735,47.25223],[8.22991,47.25699],[8.23337,47.26189],[8.23297,47.26547],[8.22833,47.27282]]]}},{"type":"Feature","properties":{"vogeId":1023,"vogeName":"Ballwil"},"geometry":{"type":"Polygon","coordinates":[[[8.31106,47.15835],[8.35814,47.15321],[8.36208,47.14601],[8.35895,47.13469],[8.33631,47.12965],[8.3284,47.14255],[8.31443,47.1434],[8.31106,47.15835]]]}},{"type":"Feature","properties":{"vogeId":1024,"vogeName":"Emmen"},"geometry":{"type":"Polygon","coordinates":[[[8.31112,47.10656],[8.33667,47.11069],[8.33813,47.10367],[8.32754,47.09076],[8.31589,47.0813],[8.29203,47.06894],[8.28907,47.06733],[8.28322,47.06767],[8.27675,47.07189],[8.2736,47.07236],[8.27043,47.07104],[8.26245,47.06483],[8.22712,47.08344],[8.22383,47.08958],[8.23379,47.0925],[8.2551,47.08533],[8.31112,47.10656]]]}},{"type":"Feature","properties":{"vogeId":1025,"vogeName":"Ermensee"},"geometry":{"type":"Polygon","coordinates":[[[8.21872,47.23408],[8.23891,47.23917],[8.25395,47.23205],[8.24857,47.22015],[8.25032,47.21625],[8.24763,47.21761],[8.24536,47.21688],[8.24531,47.21375],[8.23533,47.21084],[8.2245,47.21225],[8.21968,47.22228],[8.21872,47.23408]]]}},{"type":"Feature","properties":{"vogeId":1026,"vogeName":"Eschenbach (LU)"},"geometry":{"type":"Polygon","coordinates":[[[8.28822,47.14151],[8.31443,47.1434],[8.3284,47.14255],[8.33631,47.12965],[8.33259,47.12296],[8.34911,47.11328],[8.33667,47.11069],[8.31112,47.10656],[8.30427,47.11512],[8.28863,47.11016],[8.28167,47.1126],[8.28921,47.11881],[8.28723,47.12152],[8.28822,47.14151]]]}},{"type":"Feature","properties":{"vogeId":1030,"vogeName":"Hitzkirch"},"geometry":{"type":"MultiPolygon","coordinates":[[[[8.23533,47.21084],[8.24531,47.21375],[8.24663,47.21135],[8.24413,47.21048],[8.24388,47.20869],[8.2521,47.19982],[8.25452,47.19518],[8.25743,47.19397],[8.25762,47.19113],[8.24036,47.18483],[8.23533,47.21084]]],[[[8.26967,47.19671],[8.2645,47.21257],[8.26116,47.21603],[8.25551,47.21577],[8.25032,47.21625],[8.24857,47.22015],[8.25395,47.23205],[8.23891,47.23917],[8.21872,47.23408],[8.22432,47.24583],[8.22749,47.24611],[8.23788,47.24544],[8.25941,47.24917],[8.26445,47.25361],[8.2764,47.25144],[8.28925,47.24895],[8.29474,47.25264],[8.29908,47.25545],[8.30647,47.25106],[8.31067,47.24521],[8.31487,47.23966],[8.3154,47.2307],[8.31868,47.22351],[8.2889,47.21284],[8.28875,47.20329],[8.26967,47.19671]]]]}},{"type":"Feature","properties":{"vogeId":1031,"vogeName":"Hochdorf"},"geometry":{"type":"Polygon","coordinates":[[[8.27598,47.181],[8.27716,47.18442],[8.27587,47.18876],[8.27278,47.19296],[8.28362,47.19303],[8.31106,47.15835],[8.31443,47.1434],[8.28822,47.14151],[8.28123,47.14171],[8.28727,47.15241],[8.2846,47.15511],[8.28533,47.15869],[8.28039,47.1747],[8.27728,47.17785],[8.27598,47.181]]]}},{"type":"Feature","properties":{"vogeId":1032,"vogeName":"Hohenrain"},"geometry":{"type":"Polygon","coordinates":[[[8.3275,47.21076],[8.33007,47.20238],[8.33926,47.1844],[8.34772,47.16433],[8.3582,47.15679],[8.35814,47.15321],[8.31106,47.15835],[8.28362,47.19303],[8.27278,47.19296],[8.26967,47.19671],[8.28875,47.20329],[8.2889,47.21284],[8.31868,47.22351],[8.32574,47.21361],[8.3275,47.21076]]]}},{"type":"Feature","properties":{"vogeId":1033,"vogeName":"Inwil"},"geometry":{"type":"Polygon","coordinates":[[[8.36208,47.14601],[8.37489,47.14307],[8.40525,47.13745],[8.39954,47.13317],[8.39576,47.12395],[8.3914,47.11995],[8.38573,47.11776],[8.36679,47.11836],[8.3559,47.11442],[8.34911,47.11328],[8.33259,47.12296],[8.33631,47.12965],[8.35895,47.13469],[8.36208,47.14601]]]}},{"type":"Feature","properties":{"vogeId":1037,"vogeName":"Rain"},"geometry":{"type":"Polygon","coordinates":[[[8.2508,47.14372],[8.26533,47.14943],[8.28123,47.14171],[8.28822,47.14151],[8.28723,47.12152],[8.27025,47.11776],[8.23854,47.1238],[8.23146,47.13266],[8.24297,47.13333],[8.2508,47.14372]]]}},{"type":"Feature","properties":{"vogeId":1039,"vogeName":"R\u00f6merswil"},"geometry":{"type":"Polygon","coordinates":[[[8.2245,47.21225],[8.23533,47.21084],[8.24036,47.18483],[8.25762,47.19113],[8.26426,47.18287],[8.26786,47.18165],[8.2694,47.1791],[8.27209,47.17774],[8.2739,47.17803],[8.27348,47.17997],[8.27598,47.181],[8.27728,47.17785],[8.28039,47.1747],[8.28533,47.15869],[8.2846,47.15511],[8.28727,47.15241],[8.28123,47.14171],[8.26533,47.14943],[8.2508,47.14372],[8.24942,47.15701],[8.23458,47.16069],[8.23265,47.18309],[8.2245,47.19643],[8.2245,47.21225]]]}},{"type":"Feature","properties":{"vogeId":1040,"vogeName":"Rothenburg"},"geometry":{"type":"Polygon","coordinates":[[[8.23854,47.1238],[8.27025,47.11776],[8.28723,47.12152],[8.28921,47.11881],[8.28167,47.1126],[8.28863,47.11016],[8.30427,47.11512],[8.31112,47.10656],[8.2551,47.08533],[8.23379,47.0925],[8.23854,47.1238]]]}},{"type":"Feature","properties":{"vogeId":1041,"vogeName":"Schongau"},"geometry":{"type":"Polygon","coordinates":[[[8.25864,47.28708],[8.29776,47.27202],[8.29908,47.25545],[8.29474,47.25264],[8.28925,47.24895],[8.2764,47.25144],[8.26445,47.25361],[8.25071,47.25699],[8.24235,47.27242],[8.25864,47.28708]]]}},{"type":"Feature","properties":{"vogeId":1051,"vogeName":"Adligenswil"},"geometry":{"type":"Polygon","coordinates":[[[8.36553,47.08434],[8.37751,47.08619],[8.38801,47.08133],[8.38918,47.07072],[8.38936,47.06818],[8.35717,47.05695],[8.3507,47.06088],[8.34045,47.06738],[8.36553,47.08434]]]}},{"type":"Feature","properties":{"vogeId":1052,"vogeName":"Buchrain"},"geometry":{"type":"Polygon","coordinates":[[[8.34911,47.11328],[8.3559,47.11442],[8.36604,47.10091],[8.35828,47.0953],[8.3462,47.08793],[8.32754,47.09076],[8.33813,47.10367],[8.33667,47.11069],[8.34911,47.11328]]]}},{"type":"Feature","properties":{"vogeId":1053,"vogeName":"Dierikon"},"geometry":{"type":"Polygon","coordinates":[[[8.36604,47.10091],[8.37485,47.10218],[8.38807,47.09729],[8.37751,47.08619],[8.36553,47.08434],[8.35828,47.0953],[8.36604,47.10091]]]}},{"type":"Feature","properties":{"vogeId":1054,"vogeName":"Ebikon"},"geometry":{"type":"Polygon","coordinates":[[[8.32754,47.09076],[8.3462,47.08793],[8.35828,47.0953],[8.36553,47.08434],[8.34045,47.06738],[8.32762,47.06823],[8.31389,47.06923],[8.30051,47.06411],[8.29688,47.06264],[8.29203,47.06894],[8.31589,47.0813],[8.32754,47.09076]]]}},{"type":"Feature","properties":{"vogeId":1055,"vogeName":"Gisikon"},"geometry":{"type":"Polygon","coordinates":[[[8.39954,47.13317],[8.41382,47.12484],[8.40855,47.12011],[8.39576,47.12395],[8.39954,47.13317]]]}},{"type":"Feature","properties":{"vogeId":1056,"vogeName":"Greppen"},"geometry":{"type":"Polygon","coordinates":[[[8.43032,47.06545],[8.4618,47.05024],[8.45002,47.04662],[8.42304,47.04969],[8.42671,47.05294],[8.42706,47.05995],[8.43026,47.06216],[8.43032,47.06545]]]}},{"type":"Feature","properties":{"vogeId":1057,"vogeName":"Honau"},"geometry":{"type":"Polygon","coordinates":[[[8.40525,47.13745],[8.4123,47.14052],[8.4171,47.13123],[8.4154,47.12453],[8.41382,47.12484],[8.39954,47.13317],[8.40525,47.13745]]]}},{"type":"Feature","properties":{"vogeId":1058,"vogeName":"Horw"},"geometry":{"type":"Polygon","coordinates":[[[8.30261,47.02633],[8.30804,47.02823],[8.30973,47.03538],[8.31514,47.03549],[8.33428,47.03564],[8.33895,47.03187],[8.33981,47.02933],[8.33611,47.02354],[8.34065,47.01231],[8.34211,47.00558],[8.3301,47.0006],[8.3216,47.00395],[8.31812,47.01129],[8.31045,47.01],[8.30636,47.00765],[8.31386,46.99863],[8.26005,46.99635],[8.25832,47.00143],[8.30015,47.01366],[8.30261,47.02633]]]}},{"type":"Feature","properties":{"vogeId":1059,"vogeName":"Kriens"},"geometry":{"type":"Polygon","coordinates":[[[8.2393,47.03858],[8.27839,47.04681],[8.28444,47.04482],[8.28825,47.0436],[8.29698,47.0407],[8.30261,47.02633],[8.30015,47.01366],[8.25832,47.00143],[8.26005,46.99635],[8.24392,46.98601],[8.2377,46.99188],[8.21169,47.02907],[8.2393,47.03858]]]}},{"type":"Feature","properties":{"vogeId":1061,"vogeName":"Luzern"},"geometry":{"type":"MultiPolygon","coordinates":[[[[8.38461,47.00345],[8.39431,47.00456],[8.42308,47.00267],[8.42825,47.00248],[8.42656,46.99623],[8.3856,46.99553],[8.38461,47.00345]]],[[[8.20666,47.07134],[8.22712,47.08344],[8.26245,47.06483],[8.27043,47.07104],[8.2736,47.07236],[8.27675,47.07189],[8.28322,47.06767],[8.28907,47.06733],[8.29203,47.06894],[8.29688,47.06264],[8.30051,47.06411],[8.31389,47.06923],[8.32762,47.06823],[8.34045,47.06738],[8.3507,47.06088],[8.35717,47.05695],[8.35185,47.04878],[8.35347,47.03847],[8.34346,47.04587],[8.33189,47.05431],[8.32446,47.05422],[8.31207,47.05402],[8.30978,47.05225],[8.3147,47.04967],[8.31916,47.04725],[8.32963,47.04015],[8.33428,47.03564],[8.31514,47.03549],[8.30973,47.03538],[8.30804,47.02823],[8.30261,47.02633],[8.29698,47.0407],[8.28825,47.0436],[8.28444,47.04482],[8.27839,47.04681],[8.2393,47.03858],[8.23807,47.0471],[8.24831,47.05374],[8.20666,47.07134]]]]}},{"type":"Feature","properties":{"vogeId":1062,"vogeName":"Malters"},"geometry":{"type":"Polygon","coordinates":[[[8.19604,47.06887],[8.20666,47.07134],[8.24831,47.05374],[8.23807,47.0471],[8.2393,47.03858],[8.21169,47.02907],[8.12929,47.01273],[8.15013,47.03932],[8.14204,47.04056],[8.13329,47.04345],[8.13585,47.0494],[8.17348,47.05066],[8.17496,47.06005],[8.19604,47.06887]]]}},{"type":"Feature","properties":{"vogeId":1063,"vogeName":"Meggen"},"geometry":{"type":"Polygon","coordinates":[[[8.38936,47.06818],[8.40092,47.05928],[8.39678,47.05484],[8.38973,47.05131],[8.36875,47.03641],[8.36262,47.03333],[8.35474,47.03339],[8.35347,47.03847],[8.35185,47.04878],[8.35717,47.05695],[8.38936,47.06818]]]}},{"type":"Feature","properties":{"vogeId":1064,"vogeName":"Meierskappel"},"geometry":{"type":"Polygon","coordinates":[[[8.42032,47.12269],[8.44935,47.13095],[8.45498,47.11821],[8.46717,47.11885],[8.47386,47.11521],[8.48335,47.11572],[8.48783,47.11434],[8.48846,47.11179],[8.48661,47.10972],[8.4816,47.10708],[8.47639,47.10608],[8.47107,47.11076],[8.45122,47.11034],[8.42085,47.10194],[8.41493,47.11125],[8.42032,47.12269]]]}},{"type":"Feature","properties":{"vogeId":1065,"vogeName":"Root"},"geometry":{"type":"Polygon","coordinates":[[[8.41382,47.12484],[8.4154,47.12453],[8.42032,47.12269],[8.41493,47.11125],[8.38807,47.09729],[8.37485,47.10218],[8.36604,47.10091],[8.3559,47.11442],[8.36679,47.11836],[8.38573,47.11776],[8.3914,47.11995],[8.39576,47.12395],[8.40855,47.12011],[8.41382,47.12484]]]}},{"type":"Feature","properties":{"vogeId":1066,"vogeName":"Schwarzenberg"},"geometry":{"type":"Polygon","coordinates":[[[8.12929,47.01273],[8.21169,47.02907],[8.2377,46.99188],[8.22804,46.99254],[8.2182,46.98112],[8.22888,46.97313],[8.2027,46.96689],[8.18725,46.97177],[8.16217,46.96357],[8.14497,46.97249],[8.14424,47.00204],[8.12929,47.01273]]]}},{"type":"Feature","properties":{"vogeId":1067,"vogeName":"Udligenswil"},"geometry":{"type":"Polygon","coordinates":[[[8.41493,47.11125],[8.42085,47.10194],[8.40691,47.07938],[8.38918,47.07072],[8.38801,47.08133],[8.37751,47.08619],[8.38807,47.09729],[8.41493,47.11125]]]}},{"type":"Feature","properties":{"vogeId":1068,"vogeName":"Vitznau"},"geometry":{"type":"Polygon","coordinates":[[[8.46737,47.02348],[8.47517,47.04311],[8.51348,47.02171],[8.50909,47.00444],[8.48075,46.99381],[8.47603,46.9943],[8.47405,46.9964],[8.47635,46.99922],[8.48452,47.00273],[8.48114,47.0138],[8.474,47.01715],[8.46737,47.02348]]]}},{"type":"Feature","properties":{"vogeId":1069,"vogeName":"Weggis"},"geometry":{"type":"Polygon","coordinates":[[[8.4618,47.05024],[8.46469,47.04858],[8.47517,47.04311],[8.46737,47.02348],[8.45768,47.02342],[8.45255,47.02555],[8.44407,47.02966],[8.43622,47.03152],[8.42063,47.02852],[8.40983,47.0292],[8.40145,47.02614],[8.3952,47.02918],[8.40368,47.03776],[8.41822,47.04465],[8.42304,47.04969],[8.45002,47.04662],[8.4618,47.05024]]]}},{"type":"Feature","properties":{"vogeId":1081,"vogeName":"Berom\u00fcnster"},"geometry":{"type":"Polygon","coordinates":[[[8.15932,47.17044],[8.13324,47.19568],[8.14237,47.20353],[8.17606,47.22198],[8.20391,47.22597],[8.20784,47.24744],[8.21989,47.25228],[8.22432,47.24583],[8.21872,47.23408],[8.21968,47.22228],[8.2245,47.21225],[8.2245,47.19643],[8.23265,47.18309],[8.23458,47.16069],[8.20902,47.15714],[8.1987,47.16153],[8.18865,47.16906],[8.15932,47.17044]]]}},{"type":"Feature","properties":{"vogeId":1082,"vogeName":"B\u00fcron"},"geometry":{"type":"Polygon","coordinates":[[[8.07726,47.21734],[8.09593,47.22918],[8.11472,47.21399],[8.08831,47.19713],[8.0868,47.20296],[8.08321,47.20537],[8.07878,47.21271],[8.07726,47.21734]]]}},{"type":"Feature","properties":{"vogeId":1083,"vogeName":"Buttisholz"},"geometry":{"type":"Polygon","coordinates":[[[8.09439,47.14054],[8.10181,47.13825],[8.12949,47.11526],[8.09048,47.09743],[8.08902,47.08803],[8.08223,47.08628],[8.07785,47.0966],[8.05428,47.10524],[8.09439,47.14054]]]}},{"type":"Feature","properties":{"vogeId":1084,"vogeName":"Eich"},"geometry":{"type":"Polygon","coordinates":[[[8.15932,47.17044],[8.18865,47.16906],[8.1987,47.16153],[8.17412,47.14632],[8.15461,47.15585],[8.14434,47.16397],[8.15932,47.17044]]]}},{"type":"Feature","properties":{"vogeId":1085,"vogeName":"Geuensee"},"geometry":{"type":"Polygon","coordinates":[[[8.11472,47.21399],[8.14108,47.20831],[8.14237,47.20353],[8.13324,47.19568],[8.10967,47.18985],[8.09029,47.19324],[8.08831,47.19713],[8.11472,47.21399]]]}},{"type":"Feature","properties":{"vogeId":1086,"vogeName":"Grosswangen"},"geometry":{"type":"Polygon","coordinates":[[[8.06008,47.15819],[8.07586,47.15691],[8.09439,47.14054],[8.05428,47.10524],[8.03762,47.10742],[8.03592,47.11713],[8.01643,47.12901],[8.03171,47.14431],[8.06008,47.15819]]]}},{"type":"Feature","properties":{"vogeId":1088,"vogeName":"Hildisrieden"},"geometry":{"type":"Polygon","coordinates":[[[8.20902,47.15714],[8.23458,47.16069],[8.24942,47.15701],[8.2508,47.14372],[8.24297,47.13333],[8.23146,47.13266],[8.21561,47.14456],[8.20902,47.15714]]]}},{"type":"Feature","properties":{"vogeId":1089,"vogeName":"Knutwil"},"geometry":{"type":"Polygon","coordinates":[[[8.07726,47.21734],[8.07878,47.21271],[8.08321,47.20537],[8.0868,47.20296],[8.08831,47.19713],[8.09029,47.19324],[8.0918,47.18711],[8.09426,47.18471],[8.08223,47.18],[8.06972,47.17231],[8.06277,47.17638],[8.06471,47.18786],[8.04804,47.19108],[8.05483,47.21254],[8.05619,47.21253],[8.07205,47.21662],[8.07726,47.21734]]]}},{"type":"Feature","properties":{"vogeId":1091,"vogeName":"Mauensee"},"geometry":{"type":"Polygon","coordinates":[[[8.03651,47.1901],[8.04804,47.19108],[8.06471,47.18786],[8.06277,47.17638],[8.06972,47.17231],[8.08223,47.18],[8.09386,47.17113],[8.07586,47.15691],[8.06008,47.15819],[8.0544,47.17463],[8.03545,47.17593],[8.03651,47.1901]]]}},{"type":"Feature","properties":{"vogeId":1093,"vogeName":"Neuenkirch"},"geometry":{"type":"Polygon","coordinates":[[[8.21561,47.14456],[8.23146,47.13266],[8.23854,47.1238],[8.23379,47.0925],[8.22383,47.08958],[8.22712,47.08344],[8.20666,47.07134],[8.19604,47.06887],[8.15739,47.11046],[8.16973,47.12277],[8.17847,47.11839],[8.18366,47.1188],[8.18893,47.12444],[8.1952,47.12126],[8.20083,47.12033],[8.21098,47.12086],[8.21561,47.14456]]]}},{"type":"Feature","properties":{"vogeId":1094,"vogeName":"Nottwil"},"geometry":{"type":"Polygon","coordinates":[[[8.10181,47.13825],[8.12967,47.1466],[8.14665,47.13366],[8.16973,47.12277],[8.15739,47.11046],[8.12949,47.11526],[8.10181,47.13825]]]}},{"type":"Feature","properties":{"vogeId":1095,"vogeName":"Oberkirch"},"geometry":{"type":"Polygon","coordinates":[[[8.09386,47.17113],[8.10573,47.16301],[8.12202,47.16604],[8.1222,47.16261],[8.12374,47.15947],[8.12255,47.155],[8.12431,47.15081],[8.12967,47.1466],[8.10181,47.13825],[8.09439,47.14054],[8.07586,47.15691],[8.09386,47.17113]]]}},{"type":"Feature","properties":{"vogeId":1097,"vogeName":"Rickenbach (LU)"},"geometry":{"type":"Polygon","coordinates":[[[8.14272,47.24726],[8.17469,47.25347],[8.17962,47.25076],[8.18,47.24553],[8.15596,47.23941],[8.1667,47.23174],[8.1734,47.22557],[8.17606,47.22198],[8.14237,47.20353],[8.14108,47.20831],[8.12434,47.2414],[8.12979,47.24345],[8.14272,47.24726]]]}},{"type":"Feature","properties":{"vogeId":1098,"vogeName":"Ruswil"},"geometry":{"type":"Polygon","coordinates":[[[8.12949,47.11526],[8.15739,47.11046],[8.19604,47.06887],[8.17496,47.06005],[8.17348,47.05066],[8.13585,47.0494],[8.13329,47.04345],[8.12723,47.04483],[8.12273,47.04486],[8.11779,47.04593],[8.11401,47.05013],[8.112,47.05119],[8.10793,47.05032],[8.10502,47.05197],[8.10327,47.05616],[8.1001,47.05499],[8.09695,47.05501],[8.0949,47.05352],[8.09175,47.05309],[8.08725,47.05387],[8.08055,47.07778],[8.08223,47.08628],[8.08902,47.08803],[8.09048,47.09743],[8.12949,47.11526]]]}},{"type":"Feature","properties":{"vogeId":1099,"vogeName":"Schenkon"},"geometry":{"type":"Polygon","coordinates":[[[8.10967,47.18985],[8.13324,47.19568],[8.15932,47.17044],[8.14434,47.16397],[8.13292,47.1715],[8.12506,47.17423],[8.10967,47.18985]]]}},{"type":"Feature","properties":{"vogeId":1100,"vogeName":"Schlierbach"},"geometry":{"type":"Polygon","coordinates":[[[8.10901,47.24462],[8.12434,47.2414],[8.14108,47.20831],[8.11472,47.21399],[8.09593,47.22918],[8.10476,47.23017],[8.10901,47.24462]]]}},{"type":"Feature","properties":{"vogeId":1102,"vogeName":"Sempach"},"geometry":{"type":"Polygon","coordinates":[[[8.1987,47.16153],[8.20902,47.15714],[8.21561,47.14456],[8.21098,47.12086],[8.20083,47.12033],[8.1952,47.12126],[8.18893,47.12444],[8.19191,47.12785],[8.19108,47.13293],[8.1842,47.14088],[8.17412,47.14632],[8.1987,47.16153]]]}},{"type":"Feature","properties":{"vogeId":1103,"vogeName":"Sursee"},"geometry":{"type":"Polygon","coordinates":[[[8.09029,47.19324],[8.10967,47.18985],[8.12506,47.17423],[8.12165,47.17276],[8.125,47.16961],[8.12202,47.16604],[8.10573,47.16301],[8.09386,47.17113],[8.08223,47.18],[8.09426,47.18471],[8.0918,47.18711],[8.09029,47.19324]]]}},{"type":"Feature","properties":{"vogeId":1104,"vogeName":"Triengen"},"geometry":{"type":"Polygon","coordinates":[[[8.0882,47.26295],[8.10014,47.2593],[8.10612,47.24882],[8.10901,47.24462],[8.10476,47.23017],[8.09593,47.22918],[8.07726,47.21734],[8.07205,47.21662],[8.05619,47.21253],[8.05483,47.21254],[8.04942,47.21361],[8.0315,47.22744],[8.01418,47.23454],[8.01586,47.24423],[8.06314,47.24667],[8.05665,47.25208],[8.05668,47.25551],[8.07273,47.25512],[8.0882,47.26295]]]}},{"type":"Feature","properties":{"vogeId":1107,"vogeName":"Wolhusen"},"geometry":{"type":"Polygon","coordinates":[[[8.08055,47.07778],[8.08725,47.05387],[8.08207,47.0536],[8.07847,47.05392],[8.07401,47.05767],[8.07153,47.05798],[8.06882,47.05725],[8.0697,47.05531],[8.0656,47.0516],[8.06489,47.04847],[8.06864,47.04188],[8.06832,47.03353],[8.0674,47.03249],[8.0579,47.02881],[8.03389,47.03595],[8.01662,47.04215],[8.03053,47.05835],[8.06188,47.06132],[8.06618,47.08204],[8.08055,47.07778]]]}},{"type":"Feature","properties":{"vogeId":1121,"vogeName":"Alberswil"},"geometry":{"type":"Polygon","coordinates":[[[7.97963,47.1483],[8.00164,47.15968],[8.00299,47.13789],[7.99143,47.13302],[7.98534,47.13275],[7.99082,47.13914],[7.97963,47.1483]]]}},{"type":"Feature","properties":{"vogeId":1122,"vogeName":"Altb\u00fcron"},"geometry":{"type":"Polygon","coordinates":[[[7.86884,47.20503],[7.88416,47.20049],[7.91767,47.18484],[7.91291,47.18247],[7.88102,47.17618],[7.85953,47.19924],[7.86884,47.20503]]]}},{"type":"Feature","properties":{"vogeId":1123,"vogeName":"Altishofen"},"geometry":{"type":"Polygon","coordinates":[[[7.96778,47.18223],[7.95997,47.16853],[7.93177,47.1709],[7.91665,47.17111],[7.91291,47.18247],[7.91767,47.18484],[7.92876,47.18762],[7.91847,47.19782],[7.94083,47.19787],[7.95272,47.21304],[7.97464,47.21354],[7.97543,47.20249],[7.97239,47.19161],[7.95428,47.18781],[7.96778,47.18223]]]}},{"type":"Feature","properties":{"vogeId":1125,"vogeName":"Dagmersellen"},"geometry":{"type":"Polygon","coordinates":[[[8.05483,47.21254],[8.04804,47.19108],[8.03651,47.1901],[8.02279,47.19569],[8.01892,47.19243],[8.00313,47.19445],[7.97543,47.20249],[7.97464,47.21354],[7.95272,47.21304],[7.95819,47.21809],[7.97414,47.2319],[8.01418,47.23454],[8.0315,47.22744],[8.04942,47.21361],[8.05483,47.21254]]]}},{"type":"Feature","properties":{"vogeId":1127,"vogeName":"Egolzwil"},"geometry":{"type":"Polygon","coordinates":[[[8.00313,47.19445],[8.01892,47.19243],[8.0156,47.17767],[8.00336,47.17311],[7.97706,47.18427],[8.00313,47.19445]]]}},{"type":"Feature","properties":{"vogeId":1128,"vogeName":"Ettiswil"},"geometry":{"type":"Polygon","coordinates":[[[8.00164,47.15968],[8.01494,47.15887],[8.01776,47.16871],[8.02409,47.16987],[8.02232,47.17301],[8.03545,47.17593],[8.0544,47.17463],[8.06008,47.15819],[8.03171,47.14431],[8.01643,47.12901],[8.00299,47.13789],[8.00164,47.15968]]]}},{"type":"Feature","properties":{"vogeId":1129,"vogeName":"Fischbach"},"geometry":{"type":"Polygon","coordinates":[[[7.91665,47.17111],[7.93177,47.1709],[7.93371,47.16119],[7.92783,47.15942],[7.91912,47.14439],[7.89077,47.12779],[7.88604,47.12855],[7.88214,47.14752],[7.91665,47.17111]]]}},{"type":"Feature","properties":{"vogeId":1131,"vogeName":"Grossdietwil"},"geometry":{"type":"MultiPolygon","coordinates":[[[[7.88102,47.17618],[7.91291,47.18247],[7.91665,47.17111],[7.88214,47.14752],[7.8771,47.16575],[7.88102,47.17618]]],[[[7.88959,47.20166],[7.90993,47.20278],[7.91847,47.19782],[7.92876,47.18762],[7.91767,47.18484],[7.88416,47.20049],[7.88959,47.20166]]]]}},{"type":"Feature","properties":{"vogeId":1132,"vogeName":"Hergiswil bei Willisau"},"geometry":{"type":"Polygon","coordinates":[[[7.92994,47.09449],[7.97461,47.09818],[7.98848,47.04349],[7.96942,47.02955],[7.95266,47.01858],[7.953,47.00694],[7.94128,47.00565],[7.94357,47.03325],[7.93461,47.03851],[7.92375,47.08258],[7.92994,47.09449]]]}},{"type":"Feature","properties":{"vogeId":1135,"vogeName":"Luthern"},"geometry":{"type":"Polygon","coordinates":[[[7.92548,47.09929],[7.92994,47.09449],[7.92375,47.08258],[7.93461,47.03851],[7.94357,47.03325],[7.94128,47.00565],[7.91949,47.01022],[7.90168,47.00626],[7.8922,47.03018],[7.86827,47.04997],[7.87932,47.07888],[7.90952,47.10518],[7.92548,47.09929]]]}},{"type":"Feature","properties":{"vogeId":1136,"vogeName":"Menznau"},"geometry":{"type":"Polygon","coordinates":[[[8.03762,47.10742],[8.05428,47.10524],[8.07785,47.0966],[8.08223,47.08628],[8.08055,47.07778],[8.06618,47.08204],[8.06188,47.06132],[8.03053,47.05835],[8.01662,47.04215],[8.03389,47.03595],[8.01576,47.02544],[7.96942,47.02955],[7.98848,47.04349],[7.99961,47.05209],[8.00085,47.06357],[8.01848,47.06841],[8.02397,47.07644],[8.01464,47.08858],[8.03762,47.10742]]]}},{"type":"Feature","properties":{"vogeId":1137,"vogeName":"Nebikon"},"geometry":{"type":"Polygon","coordinates":[[[7.97543,47.20249],[8.00313,47.19445],[7.97706,47.18427],[7.96778,47.18223],[7.95428,47.18781],[7.97239,47.19161],[7.97543,47.20249]]]}},{"type":"Feature","properties":{"vogeId":1139,"vogeName":"Pfaffnau"},"geometry":{"type":"Polygon","coordinates":[[[7.89468,47.24253],[7.92222,47.2378],[7.92255,47.22496],[7.90993,47.20278],[7.88959,47.20166],[7.90573,47.21369],[7.8697,47.22875],[7.85719,47.21805],[7.86884,47.20503],[7.85953,47.19924],[7.85726,47.1982],[7.84657,47.21764],[7.83847,47.22304],[7.83879,47.23468],[7.89468,47.24253]]]}},{"type":"Feature","properties":{"vogeId":1140,"vogeName":"Reiden"},"geometry":{"type":"Polygon","coordinates":[[[7.95272,47.21304],[7.94083,47.19787],[7.91847,47.19782],[7.90993,47.20278],[7.92255,47.22496],[7.92222,47.2378],[7.9335,47.23581],[7.96148,47.25449],[8.01402,47.26215],[8.01586,47.24423],[8.01418,47.23454],[7.97414,47.2319],[7.95819,47.21809],[7.95272,47.21304]]]}},{"type":"Feature","properties":{"vogeId":1142,"vogeName":"Roggliswil"},"geometry":{"type":"Polygon","coordinates":[[[7.86884,47.20503],[7.85719,47.21805],[7.8697,47.22875],[7.90573,47.21369],[7.88959,47.20166],[7.88416,47.20049],[7.86884,47.20503]]]}},{"type":"Feature","properties":{"vogeId":1143,"vogeName":"Sch\u00f6tz"},"geometry":{"type":"Polygon","coordinates":[[[7.93177,47.1709],[7.95997,47.16853],[7.96778,47.18223],[7.97706,47.18427],[8.00336,47.17311],[8.0156,47.17767],[8.02232,47.17301],[8.02409,47.16987],[8.01776,47.16871],[8.01494,47.15887],[8.00164,47.15968],[7.97963,47.1483],[7.97378,47.15011],[7.95819,47.14869],[7.93371,47.16119],[7.93177,47.1709]]]}},{"type":"Feature","properties":{"vogeId":1145,"vogeName":"Ufhusen"},"geometry":{"type":"Polygon","coordinates":[[[7.88604,47.12855],[7.89077,47.12779],[7.91184,47.11248],[7.92495,47.11616],[7.92548,47.09929],[7.90952,47.10518],[7.87932,47.07888],[7.87257,47.08085],[7.87513,47.09009],[7.86722,47.11668],[7.87383,47.12427],[7.88604,47.12855]]]}},{"type":"Feature","properties":{"vogeId":1146,"vogeName":"Wauwil"},"geometry":{"type":"Polygon","coordinates":[[[8.01892,47.19243],[8.02279,47.19569],[8.03651,47.1901],[8.03545,47.17593],[8.02232,47.17301],[8.0156,47.17767],[8.01892,47.19243]]]}},{"type":"Feature","properties":{"vogeId":1147,"vogeName":"Wikon"},"geometry":{"type":"Polygon","coordinates":[[[7.95037,47.27468],[7.9977,47.27969],[8.00485,47.27115],[8.01402,47.26215],[7.96148,47.25449],[7.95037,47.27468]]]}},{"type":"Feature","properties":{"vogeId":1150,"vogeName":"Zell (LU)"},"geometry":{"type":"Polygon","coordinates":[[[7.93371,47.16119],[7.95819,47.14869],[7.94574,47.14412],[7.94604,47.1277],[7.92495,47.11616],[7.91184,47.11248],[7.89077,47.12779],[7.91912,47.14439],[7.92783,47.15942],[7.93371,47.16119]]]}},{"type":"Feature","properties":{"vogeId":1151,"vogeName":"Willisau"},"geometry":{"type":"Polygon","coordinates":[[[8.00299,47.13789],[8.01643,47.12901],[8.03592,47.11713],[8.03762,47.10742],[8.01464,47.08858],[8.02397,47.07644],[8.01848,47.06841],[8.00085,47.06357],[7.99961,47.05209],[7.98848,47.04349],[7.97461,47.09818],[7.92994,47.09449],[7.92548,47.09929],[7.92495,47.11616],[7.94604,47.1277],[7.94574,47.14412],[7.95819,47.14869],[7.97378,47.15011],[7.97963,47.1483],[7.99082,47.13914],[7.98534,47.13275],[7.99143,47.13302],[8.00299,47.13789]]]}},{"type":"Feature","properties":{"vogeId":1201,"vogeName":"Altdorf (UR)"},"geometry":{"type":"Polygon","coordinates":[[[8.61754,46.89024],[8.65027,46.90736],[8.66732,46.89658],[8.65502,46.88895],[8.65592,46.87939],[8.6385,46.87345],[8.63245,46.86367],[8.62423,46.87793],[8.61754,46.89024]]]}},{"type":"Feature","properties":{"vogeId":1202,"vogeName":"Andermatt"},"geometry":{"type":"Polygon","coordinates":[[[8.64169,46.6749],[8.67373,46.6768],[8.67858,46.6642],[8.65478,46.64998],[8.65155,46.63554],[8.67882,46.61599],[8.67822,46.58032],[8.66452,46.57674],[8.64079,46.56415],[8.61586,46.57755],[8.61153,46.59431],[8.57744,46.63003],[8.54657,46.63944],[8.56936,46.64982],[8.60648,46.64974],[8.64169,46.6749]]]}},{"type":"Feature","properties":{"vogeId":1203,"vogeName":"Attinghausen"},"geometry":{"type":"Polygon","coordinates":[[[8.62423,46.87793],[8.63245,46.86367],[8.63436,46.85902],[8.63119,46.84771],[8.61303,46.83789],[8.55105,46.83568],[8.55134,46.82762],[8.51742,46.78063],[8.49149,46.77251],[8.48398,46.79019],[8.48123,46.79857],[8.48614,46.83211],[8.50705,46.8455],[8.53477,46.84046],[8.55291,46.84924],[8.56998,46.85027],[8.60535,46.87693],[8.62423,46.87793]]]}},{"type":"Feature","properties":{"vogeId":1205,"vogeName":"B\u00fcrglen (UR)"},"geometry":{"type":"Polygon","coordinates":[[[8.72916,46.92754],[8.77086,46.9414],[8.79195,46.93085],[8.81065,46.94137],[8.82691,46.93566],[8.82747,46.92236],[8.80852,46.91065],[8.78986,46.91057],[8.77786,46.89758],[8.7555,46.89291],[8.72784,46.9101],[8.71645,46.91291],[8.71674,46.88723],[8.69792,46.87028],[8.71214,46.86385],[8.71445,46.84756],[8.68985,46.85126],[8.65777,46.87191],[8.63245,46.86367],[8.6385,46.87345],[8.65592,46.87939],[8.65502,46.88895],[8.66732,46.89658],[8.68286,46.91776],[8.70887,46.91568],[8.72916,46.92754]]]}},{"type":"Feature","properties":{"vogeId":1206,"vogeName":"Erstfeld"},"geometry":{"type":"Polygon","coordinates":[[[8.63119,46.84771],[8.68197,46.83075],[8.66194,46.80843],[8.66274,46.80379],[8.66443,46.79929],[8.63162,46.78591],[8.6125,46.79297],[8.53661,46.77641],[8.51742,46.78063],[8.55134,46.82762],[8.55105,46.83568],[8.61303,46.83789],[8.63119,46.84771]]]}},{"type":"Feature","properties":{"vogeId":1207,"vogeName":"Fl\u00fcelen"},"geometry":{"type":"Polygon","coordinates":[[[8.60988,46.93047],[8.64025,46.9318],[8.68286,46.91776],[8.66732,46.89658],[8.65027,46.90736],[8.61754,46.89024],[8.61256,46.89865],[8.6241,46.90271],[8.62399,46.90793],[8.62113,46.9108],[8.62281,46.91526],[8.62131,46.91901],[8.61246,46.92522],[8.60988,46.93047]]]}},{"type":"Feature","properties":{"vogeId":1208,"vogeName":"G\u00f6schenen"},"geometry":{"type":"Polygon","coordinates":[[[8.4538,46.71076],[8.4866,46.71718],[8.52603,46.68532],[8.56447,46.6833],[8.57864,46.67614],[8.63517,46.68318],[8.64169,46.6749],[8.60648,46.64974],[8.56936,46.64982],[8.54657,46.63944],[8.50225,46.62524],[8.45054,46.62049],[8.42228,46.6273],[8.4247,46.64952],[8.41452,46.65528],[8.39966,46.67466],[8.40021,46.69301],[8.42805,46.68606],[8.45181,46.68854],[8.4538,46.71076]]]}},{"type":"Feature","properties":{"vogeId":1209,"vogeName":"Gurtnellen"},"geometry":{"type":"Polygon","coordinates":[[[8.53661,46.77641],[8.6125,46.79297],[8.63162,46.78591],[8.66443,46.79929],[8.66723,46.79419],[8.66869,46.7894],[8.66636,46.78584],[8.66667,46.77972],[8.66835,46.77462],[8.67118,46.77116],[8.67043,46.76758],[8.66319,46.76453],[8.65636,46.75968],[8.64918,46.7593],[8.64665,46.75635],[8.64498,46.75174],[8.68138,46.73702],[8.69243,46.70182],[8.67251,46.69203],[8.67373,46.6768],[8.64169,46.6749],[8.63517,46.68318],[8.63716,46.71271],[8.59217,46.72332],[8.57328,46.74038],[8.54904,46.74868],[8.53661,46.77641]]]}},{"type":"Feature","properties":{"vogeId":1210,"vogeName":"Hospental"},"geometry":{"type":"Polygon","coordinates":[[[8.54657,46.63944],[8.57744,46.63003],[8.61153,46.59431],[8.61586,46.57755],[8.59141,46.57243],[8.57379,46.58365],[8.53614,46.5885],[8.50225,46.62524],[8.54657,46.63944]]]}},{"type":"Feature","properties":{"vogeId":1211,"vogeName":"Isenthal"},"geometry":{"type":"Polygon","coordinates":[[[8.54397,46.92784],[8.55532,46.92251],[8.56758,46.91761],[8.57776,46.92109],[8.58778,46.91636],[8.59589,46.91733],[8.59258,46.90975],[8.56761,46.89746],[8.56694,46.88732],[8.57802,46.87989],[8.55978,46.86679],[8.55291,46.84924],[8.53477,46.84046],[8.50705,46.8455],[8.49779,46.8538],[8.47088,46.85479],[8.46725,46.87646],[8.47904,46.88248],[8.47409,46.89342],[8.45868,46.89833],[8.46444,46.90589],[8.47809,46.91473],[8.49097,46.91849],[8.5069,46.9173],[8.54397,46.92784]]]}},{"type":"Feature","properties":{"vogeId":1212,"vogeName":"Realp"},"geometry":{"type":"Polygon","coordinates":[[[8.42228,46.6273],[8.45054,46.62049],[8.50225,46.62524],[8.53614,46.5885],[8.52118,46.5773],[8.516,46.55272],[8.51952,46.53895],[8.48484,46.53375],[8.47758,46.5277],[8.42529,46.54757],[8.40612,46.58609],[8.42228,46.6273]]]}},{"type":"Feature","properties":{"vogeId":1213,"vogeName":"Schattdorf"},"geometry":{"type":"Polygon","coordinates":[[[8.63245,46.86367],[8.65777,46.87191],[8.68985,46.85126],[8.71445,46.84756],[8.71257,46.84384],[8.70486,46.83094],[8.68197,46.83075],[8.63119,46.84771],[8.63436,46.85902],[8.63245,46.86367]]]}},{"type":"Feature","properties":{"vogeId":1214,"vogeName":"Seedorf (UR)"},"geometry":{"type":"MultiPolygon","coordinates":[[[[8.61256,46.89865],[8.61754,46.89024],[8.62423,46.87793],[8.60535,46.87693],[8.56998,46.85027],[8.55291,46.84924],[8.55978,46.86679],[8.57802,46.87989],[8.56694,46.88732],[8.56761,46.89746],[8.59258,46.90975],[8.59407,46.89555],[8.60023,46.88952],[8.60494,46.88917],[8.60525,46.89305],[8.61256,46.89865]]],[[[8.55532,46.92251],[8.56359,46.93078],[8.55833,46.93725],[8.58476,46.94356],[8.57978,46.93137],[8.58905,46.92352],[8.59661,46.91956],[8.59589,46.91733],[8.58778,46.91636],[8.57776,46.92109],[8.56758,46.91761],[8.55532,46.92251]]]]}},{"type":"Feature","properties":{"vogeId":1215,"vogeName":"Seelisberg"},"geometry":{"type":"Polygon","coordinates":[[[8.54397,46.92784],[8.54376,46.93933],[8.55733,46.94338],[8.55616,46.9519],[8.55505,46.96326],[8.57428,46.97948],[8.57437,46.98381],[8.58503,46.98774],[8.59111,46.98797],[8.59602,46.98628],[8.59685,46.98299],[8.59196,46.97528],[8.5947,46.96689],[8.5937,46.96198],[8.58883,46.95516],[8.58476,46.94356],[8.55833,46.93725],[8.56359,46.93078],[8.55532,46.92251],[8.54397,46.92784]]]}},{"type":"Feature","properties":{"vogeId":1216,"vogeName":"Silenen"},"geometry":{"type":"Polygon","coordinates":[[[8.84982,46.84089],[8.87117,46.84212],[8.88138,46.8293],[8.87762,46.81442],[8.84639,46.79555],[8.82885,46.79353],[8.82709,46.78609],[8.83357,46.7678],[8.81913,46.76409],[8.81307,46.7373],[8.78194,46.72841],[8.76805,46.74619],[8.74764,46.73583],[8.74312,46.71558],[8.70893,46.6991],[8.69243,46.70182],[8.68138,46.73702],[8.64498,46.75174],[8.64665,46.75635],[8.64918,46.7593],[8.65636,46.75968],[8.66319,46.76453],[8.67043,46.76758],[8.67118,46.77116],[8.66835,46.77462],[8.66667,46.77972],[8.66636,46.78584],[8.66869,46.7894],[8.66723,46.79419],[8.66443,46.79929],[8.66274,46.80379],[8.66194,46.80843],[8.68197,46.83075],[8.70486,46.83094],[8.7109,46.82073],[8.75631,46.80663],[8.81652,46.82861],[8.83554,46.82644],[8.84982,46.84089]]]}},{"type":"Feature","properties":{"vogeId":1217,"vogeName":"Sisikon"},"geometry":{"type":"Polygon","coordinates":[[[8.61957,46.95231],[8.63661,46.94975],[8.68366,46.94268],[8.68761,46.9386],[8.70887,46.91568],[8.68286,46.91776],[8.64025,46.9318],[8.60988,46.93047],[8.61991,46.94693],[8.61957,46.95231]]]}},{"type":"Feature","properties":{"vogeId":1218,"vogeName":"Spiringen"},"geometry":{"type":"MultiPolygon","coordinates":[[[[8.71445,46.84756],[8.71214,46.86385],[8.69792,46.87028],[8.71674,46.88723],[8.71645,46.91291],[8.72784,46.9101],[8.7555,46.89291],[8.77786,46.89758],[8.74774,46.85091],[8.73026,46.8423],[8.71257,46.84384],[8.71445,46.84756]]],[[[8.93527,46.91981],[8.94727,46.90712],[8.95339,46.90077],[8.95356,46.89882],[8.95604,46.87535],[8.87117,46.84212],[8.84982,46.84089],[8.84811,46.8527],[8.8579,46.85796],[8.84893,46.87538],[8.86002,46.87868],[8.84989,46.88627],[8.88606,46.90328],[8.93527,46.91981]]]]}},{"type":"Feature","properties":{"vogeId":1219,"vogeName":"Untersch\u00e4chen"},"geometry":{"type":"Polygon","coordinates":[[[8.77786,46.89758],[8.78986,46.91057],[8.80852,46.91065],[8.82747,46.92236],[8.84879,46.9127],[8.84733,46.89137],[8.84989,46.88627],[8.86002,46.87868],[8.84893,46.87538],[8.8579,46.85796],[8.84811,46.8527],[8.84982,46.84089],[8.83554,46.82644],[8.81652,46.82861],[8.75631,46.80663],[8.7109,46.82073],[8.70486,46.83094],[8.71257,46.84384],[8.73026,46.8423],[8.74774,46.85091],[8.77786,46.89758]]]}},{"type":"Feature","properties":{"vogeId":1220,"vogeName":"Wassen"},"geometry":{"type":"Polygon","coordinates":[[[8.51742,46.78063],[8.53661,46.77641],[8.54904,46.74868],[8.57328,46.74038],[8.59217,46.72332],[8.63716,46.71271],[8.63517,46.68318],[8.57864,46.67614],[8.56447,46.6833],[8.52603,46.68532],[8.4866,46.71718],[8.4538,46.71076],[8.43912,46.75223],[8.44829,46.76335],[8.49149,46.77251],[8.51742,46.78063]]]}},{"type":"Feature","properties":{"vogeId":1301,"vogeName":"Einsiedeln"},"geometry":{"type":"Polygon","coordinates":[[[8.77347,47.17347],[8.7938,47.17368],[8.82228,47.14856],[8.83833,47.1412],[8.83117,47.13457],[8.8419,47.13086],[8.84198,47.11683],[8.86974,47.10051],[8.88584,47.07046],[8.76686,47.07996],[8.76119,47.06943],[8.74461,47.06379],[8.7376,47.08149],[8.70717,47.09123],[8.70853,47.12957],[8.68704,47.13667],[8.68816,47.14607],[8.70115,47.1513],[8.71945,47.15199],[8.7304,47.16635],[8.73695,47.16657],[8.74527,47.16483],[8.75527,47.16756],[8.7632,47.17806],[8.77347,47.17347]],[[8.79568,47.11425],[8.79659,47.12334],[8.78945,47.13567],[8.7911,47.13833],[8.78761,47.143],[8.78971,47.14566],[8.79113,47.14848],[8.79119,47.15072],[8.78778,47.14972],[8.78442,47.15095],[8.78382,47.15379],[8.77977,47.15444],[8.77809,47.15058],[8.774,47.14943],[8.76992,47.14873],[8.76612,47.14997],[8.76313,47.14791],[8.76189,47.1433],[8.75822,47.14081],[8.75953,47.1393],[8.76316,47.13985],[8.76619,47.13459],[8.77541,47.12449],[8.77593,47.11821],[8.77903,47.11579],[8.78459,47.11259],[8.78042,47.10831],[8.78212,47.10411],[8.78661,47.10331],[8.7888,47.10075],[8.79328,47.0998],[8.79941,47.09256],[8.80632,47.0895],[8.80921,47.08767],[8.80936,47.08468],[8.81641,47.08728],[8.81924,47.09203],[8.81414,47.09552],[8.80765,47.09709],[8.79942,47.10152],[8.79931,47.10615],[8.79568,47.11425]]]}},{"type":"Feature","properties":{"vogeId":1311,"vogeName":"Gersau"},"geometry":{"type":"Polygon","coordinates":[[[8.51348,47.02171],[8.51969,47.02807],[8.54885,47.02242],[8.55985,47.01022],[8.54859,46.99914],[8.55765,46.99129],[8.55063,46.98882],[8.53734,46.9882],[8.51832,46.99361],[8.50209,46.99212],[8.49329,46.991],[8.48075,46.99381],[8.50909,47.00444],[8.51348,47.02171]]]}},{"type":"Feature","properties":{"vogeId":1321,"vogeName":"Feusisberg"},"geometry":{"type":"Polygon","coordinates":[[[8.72323,47.18717],[8.76738,47.19189],[8.78169,47.18576],[8.77347,47.17347],[8.7632,47.17806],[8.75527,47.16756],[8.74527,47.16483],[8.73695,47.16657],[8.7304,47.16635],[8.71945,47.15199],[8.70115,47.1513],[8.69218,47.16348],[8.69203,47.16677],[8.69922,47.18415],[8.72323,47.18717]]]}},{"type":"Feature","properties":{"vogeId":1322,"vogeName":"Freienbach"},"geometry":{"type":"Polygon","coordinates":[[[8.72154,47.20152],[8.73316,47.20587],[8.75673,47.20858],[8.76187,47.20659],[8.77291,47.20526],[8.77727,47.20775],[8.79079,47.20625],[8.79323,47.21339],[8.80074,47.21554],[8.80558,47.21951],[8.80872,47.21843],[8.80679,47.21382],[8.79854,47.20929],[8.79525,47.20426],[8.80492,47.2025],[8.7938,47.17368],[8.77347,47.17347],[8.78169,47.18576],[8.76738,47.19189],[8.72323,47.18717],[8.72154,47.20152]]]}},{"type":"Feature","properties":{"vogeId":1323,"vogeName":"Wollerau"},"geometry":{"type":"Polygon","coordinates":[[[8.71434,47.20294],[8.72154,47.20152],[8.72323,47.18717],[8.69922,47.18415],[8.69203,47.16677],[8.68182,47.17419],[8.68114,47.1836],[8.71434,47.20294]]]}},{"type":"Feature","properties":{"vogeId":1331,"vogeName":"K\u00fcssnacht (SZ)"},"geometry":{"type":"Polygon","coordinates":[[[8.42085,47.10194],[8.45122,47.11034],[8.47107,47.11076],[8.47639,47.10608],[8.47429,47.10252],[8.47154,47.09986],[8.46517,47.09723],[8.46469,47.09544],[8.47111,47.08956],[8.47983,47.0856],[8.48829,47.08015],[8.4858,47.05689],[8.46469,47.04858],[8.4618,47.05024],[8.43032,47.06545],[8.43499,47.07451],[8.43937,47.0797],[8.43851,47.08179],[8.43491,47.08212],[8.42044,47.06747],[8.417,47.06437],[8.41384,47.06365],[8.40979,47.06443],[8.40092,47.05928],[8.38936,47.06818],[8.38918,47.07072],[8.40691,47.07938],[8.42085,47.10194]]]}},{"type":"Feature","properties":{"vogeId":1341,"vogeName":"Altendorf"},"geometry":{"type":"Polygon","coordinates":[[[8.80492,47.2025],[8.81548,47.20028],[8.81763,47.19578],[8.83207,47.19546],[8.84057,47.19192],[8.85687,47.18486],[8.84692,47.1502],[8.8542,47.14399],[8.8419,47.13086],[8.83117,47.13457],[8.83833,47.1412],[8.82228,47.14856],[8.7938,47.17368],[8.80492,47.2025]]]}},{"type":"Feature","properties":{"vogeId":1342,"vogeName":"Galgenen"},"geometry":{"type":"Polygon","coordinates":[[[8.85687,47.18486],[8.87285,47.19138],[8.89568,47.17542],[8.89635,47.15018],[8.8542,47.14399],[8.84692,47.1502],[8.85687,47.18486]]]}},{"type":"Feature","properties":{"vogeId":1343,"vogeName":"Innerthal"},"geometry":{"type":"Polygon","coordinates":[[[8.94444,47.11881],[8.97208,47.11502],[8.97063,47.10384],[8.95382,47.09138],[8.96082,47.07621],[8.94812,47.04936],[8.92465,47.03951],[8.90084,47.03385],[8.89486,47.02094],[8.87206,47.0269],[8.88757,47.05103],[8.88584,47.07046],[8.86974,47.10051],[8.88517,47.11226],[8.93715,47.10801],[8.94444,47.11881]]]}},{"type":"Feature","properties":{"vogeId":1344,"vogeName":"Lachen"},"geometry":{"type":"Polygon","coordinates":[[[8.84057,47.19192],[8.84759,47.19288],[8.85174,47.19596],[8.85329,47.20326],[8.86147,47.20495],[8.8627,47.20046],[8.87285,47.19138],[8.85687,47.18486],[8.84057,47.19192]]]}},{"type":"Feature","properties":{"vogeId":1345,"vogeName":"Reichenburg"},"geometry":{"type":"Polygon","coordinates":[[[8.9703,47.17892],[8.98104,47.18341],[9.00491,47.17323],[8.97007,47.13937],[8.96728,47.13657],[8.94657,47.14625],[8.9703,47.17892]]]}},{"type":"Feature","properties":{"vogeId":1346,"vogeName":"Sch\u00fcbelbach"},"geometry":{"type":"Polygon","coordinates":[[[8.90997,47.18583],[8.96185,47.18381],[8.9703,47.17892],[8.94657,47.14625],[8.96728,47.13657],[8.96925,47.13446],[8.97194,47.11815],[8.97208,47.11502],[8.94444,47.11881],[8.94069,47.12991],[8.8984,47.14269],[8.89635,47.15018],[8.89568,47.17542],[8.90997,47.18583]]]}},{"type":"Feature","properties":{"vogeId":1347,"vogeName":"Tuggen"},"geometry":{"type":"Polygon","coordinates":[[[8.94136,47.21811],[8.95691,47.21642],[8.96598,47.21749],[8.96961,47.21789],[8.97273,47.21636],[8.97421,47.2129],[8.95778,47.19939],[8.96185,47.18381],[8.90997,47.18583],[8.90944,47.20778],[8.92009,47.20899],[8.93103,47.21213],[8.94107,47.21588],[8.94136,47.21811]]]}},{"type":"Feature","properties":{"vogeId":1348,"vogeName":"Vorderthal"},"geometry":{"type":"Polygon","coordinates":[[[8.8542,47.14399],[8.89635,47.15018],[8.8984,47.14269],[8.94069,47.12991],[8.94444,47.11881],[8.93715,47.10801],[8.88517,47.11226],[8.86974,47.10051],[8.84198,47.11683],[8.8419,47.13086],[8.8542,47.14399]]]}},{"type":"Feature","properties":{"vogeId":1349,"vogeName":"Wangen (SZ)"},"geometry":{"type":"Polygon","coordinates":[[[8.86147,47.20495],[8.8735,47.20704],[8.87935,47.20637],[8.88733,47.2091],[8.8916,47.20816],[8.89717,47.2051],[8.90944,47.20778],[8.90997,47.18583],[8.89568,47.17542],[8.87285,47.19138],[8.8627,47.20046],[8.86147,47.20495]]]}},{"type":"Feature","properties":{"vogeId":1361,"vogeName":"Alpthal"},"geometry":{"type":"Polygon","coordinates":[[[8.70717,47.09123],[8.7376,47.08149],[8.74461,47.06379],[8.73296,47.03855],[8.72813,47.02517],[8.70556,47.02304],[8.69421,47.02853],[8.68704,47.05906],[8.69566,47.09031],[8.70717,47.09123]]]}},{"type":"Feature","properties":{"vogeId":1362,"vogeName":"Arth"},"geometry":{"type":"Polygon","coordinates":[[[8.52207,47.08999],[8.56637,47.09583],[8.57266,47.08383],[8.5636,47.08168],[8.58019,47.04599],[8.56327,47.02318],[8.54885,47.02242],[8.51969,47.02807],[8.51348,47.02171],[8.47517,47.04311],[8.46469,47.04858],[8.4858,47.05689],[8.48829,47.08015],[8.49187,47.07923],[8.49475,47.07636],[8.50389,47.07135],[8.50993,47.06906],[8.51543,47.06244],[8.51904,47.063],[8.52569,47.06876],[8.52754,47.07083],[8.52629,47.07577],[8.52192,47.08253],[8.52207,47.08999]]]}},{"type":"Feature","properties":{"vogeId":1363,"vogeName":"Illgau"},"geometry":{"type":"Polygon","coordinates":[[[8.69394,46.99779],[8.71214,47.00625],[8.74473,47.00424],[8.75187,47.01072],[8.77654,46.99805],[8.77622,46.99447],[8.75799,46.98513],[8.72582,46.98535],[8.71191,46.9964],[8.69394,46.99779]]]}},{"type":"Feature","properties":{"vogeId":1364,"vogeName":"Ingenbohl"},"geometry":{"type":"Polygon","coordinates":[[[8.55985,47.01022],[8.6055,47.01843],[8.63831,47.006],[8.63605,46.99557],[8.6108,46.98285],[8.61155,46.98657],[8.60912,46.98839],[8.60809,46.99303],[8.60111,46.9928],[8.59284,46.99512],[8.58995,46.99694],[8.58933,46.99948],[8.58486,47.00102],[8.57335,46.99935],[8.55765,46.99129],[8.54859,46.99914],[8.55985,47.01022]]]}},{"type":"Feature","properties":{"vogeId":1365,"vogeName":"Lauerz"},"geometry":{"type":"Polygon","coordinates":[[[8.54885,47.02242],[8.56327,47.02318],[8.58019,47.04599],[8.58683,47.04026],[8.59397,47.03735],[8.60396,47.03053],[8.60748,47.02691],[8.6055,47.01843],[8.55985,47.01022],[8.54885,47.02242]]]}},{"type":"Feature","properties":{"vogeId":1366,"vogeName":"Morschach"},"geometry":{"type":"Polygon","coordinates":[[[8.63605,46.99557],[8.64461,46.98578],[8.66732,46.98524],[8.67195,46.98086],[8.6801,46.97346],[8.69478,46.97614],[8.68984,46.95724],[8.65038,46.96214],[8.63661,46.94975],[8.61957,46.95231],[8.61392,46.96117],[8.60885,46.97615],[8.6108,46.98285],[8.63605,46.99557]]]}},{"type":"Feature","properties":{"vogeId":1367,"vogeName":"Muotathal"},"geometry":{"type":"Polygon","coordinates":[[[8.87206,47.0269],[8.89486,47.02094],[8.91052,47.01701],[8.92669,46.99933],[8.9497,46.96948],[8.9717,46.95993],[8.95514,46.93896],[8.96338,46.92825],[8.93527,46.91981],[8.88606,46.90328],[8.84989,46.88627],[8.84733,46.89137],[8.84879,46.9127],[8.82747,46.92236],[8.82691,46.93566],[8.81065,46.94137],[8.79195,46.93085],[8.77086,46.9414],[8.72916,46.92754],[8.71556,46.93218],[8.71379,46.95235],[8.68984,46.95724],[8.69478,46.97614],[8.6801,46.97346],[8.67195,46.98086],[8.66732,46.98524],[8.67792,46.99587],[8.69394,46.99779],[8.71191,46.9964],[8.72582,46.98535],[8.75799,46.98513],[8.77622,46.99447],[8.83819,47.00627],[8.85748,47.00365],[8.87206,47.0269]]]}},{"type":"Feature","properties":{"vogeId":1368,"vogeName":"Oberiberg"},"geometry":{"type":"Polygon","coordinates":[[[8.74461,47.06379],[8.76119,47.06943],[8.78015,47.05264],[8.79931,47.05286],[8.79126,47.01056],[8.80198,47.00745],[8.81874,47.02024],[8.82425,47.03301],[8.8439,47.03531],[8.83819,47.00627],[8.77622,46.99447],[8.77654,46.99805],[8.78028,47.00368],[8.73296,47.03855],[8.74461,47.06379]]]}},{"type":"Feature","properties":{"vogeId":1369,"vogeName":"Riemenstalden"},"geometry":{"type":"Polygon","coordinates":[[[8.63661,46.94975],[8.65038,46.96214],[8.68984,46.95724],[8.71379,46.95235],[8.71556,46.93218],[8.72916,46.92754],[8.70887,46.91568],[8.68761,46.9386],[8.68366,46.94268],[8.63661,46.94975]]]}},{"type":"Feature","properties":{"vogeId":1370,"vogeName":"Rothenthurm"},"geometry":{"type":"Polygon","coordinates":[[[8.64929,47.10335],[8.67167,47.1158],[8.68704,47.13667],[8.70853,47.12957],[8.70717,47.09123],[8.69566,47.09031],[8.68704,47.05906],[8.67059,47.05924],[8.66967,47.07791],[8.64929,47.10335]]]}},{"type":"Feature","properties":{"vogeId":1371,"vogeName":"Sattel"},"geometry":{"type":"Polygon","coordinates":[[[8.60755,47.09229],[8.63734,47.09332],[8.64929,47.10335],[8.66967,47.07791],[8.67059,47.05924],[8.65273,47.06644],[8.63976,47.06046],[8.59211,47.07632],[8.58735,47.08577],[8.60755,47.09229]]]}},{"type":"Feature","properties":{"vogeId":1372,"vogeName":"Schwyz"},"geometry":{"type":"Polygon","coordinates":[[[8.63976,47.06046],[8.65273,47.06644],[8.67059,47.05924],[8.68704,47.05906],[8.69421,47.02853],[8.70556,47.02304],[8.72813,47.02517],[8.73296,47.03855],[8.78028,47.00368],[8.77654,46.99805],[8.75187,47.01072],[8.74473,47.00424],[8.71214,47.00625],[8.69394,46.99779],[8.67792,46.99587],[8.66732,46.98524],[8.64461,46.98578],[8.63605,46.99557],[8.63831,47.006],[8.6055,47.01843],[8.60748,47.02691],[8.61805,47.03636],[8.63976,47.06046]]]}},{"type":"Feature","properties":{"vogeId":1373,"vogeName":"Steinen"},"geometry":{"type":"Polygon","coordinates":[[[8.59211,47.07632],[8.63976,47.06046],[8.61805,47.03636],[8.60748,47.02691],[8.60396,47.03053],[8.59397,47.03735],[8.58683,47.04026],[8.58019,47.04599],[8.59662,47.05568],[8.59211,47.07632]]]}},{"type":"Feature","properties":{"vogeId":1374,"vogeName":"Steinerberg"},"geometry":{"type":"Polygon","coordinates":[[[8.57266,47.08383],[8.58735,47.08577],[8.59211,47.07632],[8.59662,47.05568],[8.58019,47.04599],[8.5636,47.08168],[8.57266,47.08383]]]}},{"type":"Feature","properties":{"vogeId":1375,"vogeName":"Unteriberg"},"geometry":{"type":"Polygon","coordinates":[[[8.76119,47.06943],[8.76686,47.07996],[8.88584,47.07046],[8.88757,47.05103],[8.87206,47.0269],[8.85748,47.00365],[8.83819,47.00627],[8.8439,47.03531],[8.82425,47.03301],[8.81874,47.02024],[8.80198,47.00745],[8.79126,47.01056],[8.79931,47.05286],[8.78015,47.05264],[8.76119,47.06943]]]}},{"type":"Feature","properties":{"vogeId":1401,"vogeName":"Alpnach"},"geometry":{"type":"Polygon","coordinates":[[[8.3072,46.97585],[8.30889,46.96927],[8.30504,46.96751],[8.30053,46.96709],[8.2951,46.96519],[8.29009,46.9609],[8.28331,46.95886],[8.281,46.95485],[8.28458,46.95393],[8.2866,46.95391],[8.28844,46.95614],[8.29159,46.95612],[8.29245,46.95387],[8.29403,46.95446],[8.29605,46.95384],[8.29625,46.9522],[8.29917,46.95218],[8.30619,46.95571],[8.28749,46.93853],[8.27484,46.92057],[8.25428,46.92788],[8.23328,46.92101],[8.21679,46.93083],[8.16814,46.92324],[8.15705,46.93346],[8.16499,46.93938],[8.15018,46.95783],[8.16217,46.96357],[8.18725,46.97177],[8.2027,46.96689],[8.22888,46.97313],[8.2544,46.98012],[8.3072,46.97585]]]}},{"type":"Feature","properties":{"vogeId":1402,"vogeName":"Engelberg"},"geometry":{"type":"Polygon","coordinates":[[[8.38849,46.77729],[8.41963,46.78912],[8.38491,46.80359],[8.38149,46.81302],[8.37591,46.8274],[8.372,46.83474],[8.37251,46.83817],[8.37122,46.84162],[8.37262,46.84444],[8.36996,46.84655],[8.36956,46.84954],[8.36219,46.86423],[8.36947,46.87029],[8.37291,46.87444],[8.3823,46.87197],[8.37682,46.85411],[8.38558,46.85403],[8.39172,46.85876],[8.40493,46.86925],[8.4175,46.86914],[8.4201,46.85195],[8.47088,46.85479],[8.49779,46.8538],[8.50705,46.8455],[8.48614,46.83211],[8.48123,46.79857],[8.48398,46.79019],[8.49149,46.77251],[8.44829,46.76335],[8.4464,46.77023],[8.4171,46.77332],[8.39635,46.76559],[8.38849,46.77729]]]}},{"type":"Feature","properties":{"vogeId":1403,"vogeName":"Giswil"},"geometry":{"type":"Polygon","coordinates":[[[8.07053,46.8777],[8.09786,46.87217],[8.13329,46.88689],[8.1908,46.85608],[8.18965,46.854],[8.19098,46.85279],[8.1864,46.84641],[8.18455,46.84224],[8.1854,46.8388],[8.1892,46.83803],[8.1946,46.83904],[8.2004,46.83631],[8.20413,46.83047],[8.20881,46.8282],[8.21098,46.82326],[8.21605,46.8174],[8.21533,46.81368],[8.15888,46.81867],[8.13687,46.79896],[8.09984,46.79589],[8.08919,46.7864],[8.06835,46.78652],[8.04706,46.78708],[8.06251,46.80566],[8.06456,46.80803],[8.05594,46.81898],[8.04223,46.83651],[8.04495,46.83918],[8.06561,46.85952],[8.06654,46.8625],[8.07053,46.8777]]]}},{"type":"Feature","properties":{"vogeId":1404,"vogeName":"Kerns"},"geometry":{"type":"Polygon","coordinates":[[[8.28749,46.93853],[8.30951,46.92434],[8.33813,46.92934],[8.33795,46.90487],[8.3377,46.89009],[8.32829,46.87793],[8.3298,46.84672],[8.3351,46.82847],[8.32196,46.82051],[8.36895,46.7879],[8.321,46.7753],[8.28146,46.755],[8.23912,46.76963],[8.23346,46.78116],[8.27912,46.80621],[8.29706,46.84832],[8.2722,46.86611],[8.27359,46.88341],[8.26245,46.88902],[8.25787,46.89786],[8.27484,46.92057],[8.28749,46.93853]]]}},{"type":"Feature","properties":{"vogeId":1405,"vogeName":"Lungern"},"geometry":{"type":"Polygon","coordinates":[[[8.21533,46.81368],[8.21707,46.81053],[8.21313,46.80115],[8.21399,46.79876],[8.21149,46.79609],[8.2087,46.78954],[8.22105,46.79065],[8.23346,46.78116],[8.23912,46.76963],[8.22196,46.76094],[8.18983,46.77026],[8.16753,46.76205],[8.14639,46.75532],[8.12193,46.77039],[8.10226,46.77379],[8.08919,46.7864],[8.09984,46.79589],[8.13687,46.79896],[8.15888,46.81867],[8.21533,46.81368]]]}},{"type":"Feature","properties":{"vogeId":1406,"vogeName":"Sachseln"},"geometry":{"type":"Polygon","coordinates":[[[8.24347,46.88094],[8.26245,46.88902],[8.27359,46.88341],[8.2722,46.86611],[8.29706,46.84832],[8.27912,46.80621],[8.23346,46.78116],[8.22105,46.79065],[8.2087,46.78954],[8.21149,46.79609],[8.21399,46.79876],[8.21313,46.80115],[8.21707,46.81053],[8.21533,46.81368],[8.21605,46.8174],[8.21098,46.82326],[8.20881,46.8282],[8.20413,46.83047],[8.2004,46.83631],[8.1946,46.83904],[8.1892,46.83803],[8.1854,46.8388],[8.18455,46.84224],[8.1864,46.84641],[8.19098,46.85279],[8.19477,46.85098],[8.19654,46.84903],[8.19968,46.84886],[8.20101,46.84795],[8.20054,46.84631],[8.20188,46.84586],[8.20459,46.84733],[8.21254,46.85369],[8.21349,46.85787],[8.22276,46.86243],[8.22822,46.86717],[8.23227,46.86804],[8.24066,46.87365],[8.24095,46.87812],[8.24347,46.88094]]]}},{"type":"Feature","properties":{"vogeId":1407,"vogeName":"Sarnen"},"geometry":{"type":"Polygon","coordinates":[[[8.15705,46.93346],[8.16814,46.92324],[8.21679,46.93083],[8.23328,46.92101],[8.25428,46.92788],[8.27484,46.92057],[8.25787,46.89786],[8.26245,46.88902],[8.24347,46.88094],[8.24355,46.88632],[8.24335,46.88856],[8.2418,46.88961],[8.23977,46.88903],[8.23707,46.88845],[8.23416,46.88907],[8.23276,46.88594],[8.22821,46.88194],[8.22658,46.87808],[8.21708,46.87336],[8.19656,46.86634],[8.194,46.86039],[8.1908,46.85608],[8.13329,46.88689],[8.09786,46.87217],[8.07053,46.8777],[8.06985,46.89576],[8.08592,46.90612],[8.09475,46.91204],[8.10863,46.90823],[8.10263,46.89528],[8.11136,46.89284],[8.13488,46.9224],[8.15705,46.93346]]]}},{"type":"Feature","properties":{"vogeId":1501,"vogeName":"Beckenried"},"geometry":{"type":"Polygon","coordinates":[[[8.44862,46.9723],[8.46683,46.97214],[8.47086,46.97091],[8.47974,46.96516],[8.49566,46.96262],[8.51323,46.9641],[8.52571,46.96936],[8.52871,46.96232],[8.49777,46.95544],[8.48479,46.94705],[8.49097,46.91849],[8.47809,46.91473],[8.46444,46.90589],[8.44769,46.92276],[8.45604,46.92477],[8.45056,46.93199],[8.42855,46.94546],[8.44862,46.9723]]]}},{"type":"Feature","properties":{"vogeId":1502,"vogeName":"Buochs"},"geometry":{"type":"Polygon","coordinates":[[[8.41908,46.98092],[8.42467,46.97908],[8.42597,46.97638],[8.44281,46.97429],[8.44862,46.9723],[8.42855,46.94546],[8.41801,46.94675],[8.39793,46.96811],[8.38731,46.96507],[8.38789,46.97237],[8.41908,46.98092]]]}},{"type":"Feature","properties":{"vogeId":1503,"vogeName":"Dallenwil"},"geometry":{"type":"Polygon","coordinates":[[[8.37017,46.9364],[8.39446,46.93724],[8.3941,46.92978],[8.39674,46.92648],[8.39479,46.91814],[8.39442,46.90993],[8.3377,46.89009],[8.33795,46.90487],[8.33813,46.92934],[8.34536,46.93138],[8.37017,46.9364]]]}},{"type":"Feature","properties":{"vogeId":1504,"vogeName":"Emmetten"},"geometry":{"type":"Polygon","coordinates":[[[8.52571,46.96936],[8.54896,46.97346],[8.56005,46.97694],[8.56326,46.97974],[8.57437,46.98381],[8.57428,46.97948],[8.55505,46.96326],[8.55616,46.9519],[8.55733,46.94338],[8.54376,46.93933],[8.54397,46.92784],[8.5069,46.9173],[8.49097,46.91849],[8.48479,46.94705],[8.49777,46.95544],[8.52871,46.96232],[8.52571,46.96936]]]}},{"type":"Feature","properties":{"vogeId":1505,"vogeName":"Ennetb\u00fcrgen"},"geometry":{"type":"Polygon","coordinates":[[[8.3856,46.99553],[8.42656,46.99623],[8.42825,47.00248],[8.46062,47.00026],[8.4617,46.99801],[8.45827,46.99505],[8.4407,46.99401],[8.41896,46.98644],[8.41908,46.98092],[8.38789,46.97237],[8.3849,46.9815],[8.3856,46.99553]]]}},{"type":"Feature","properties":{"vogeId":1506,"vogeName":"Ennetmoos"},"geometry":{"type":"Polygon","coordinates":[[[8.3293,46.96568],[8.34167,46.96573],[8.34536,46.93138],[8.33813,46.92934],[8.30951,46.92434],[8.28749,46.93853],[8.30619,46.95571],[8.32566,46.96332],[8.3293,46.96568]]]}},{"type":"Feature","properties":{"vogeId":1507,"vogeName":"Hergiswil (NW)"},"geometry":{"type":"Polygon","coordinates":[[[8.26005,46.99635],[8.31386,46.99863],[8.31732,46.9895],[8.31389,46.98669],[8.31356,46.97998],[8.3072,46.97585],[8.2544,46.98012],[8.22888,46.97313],[8.2182,46.98112],[8.22804,46.99254],[8.2377,46.99188],[8.24392,46.98601],[8.26005,46.99635]]]}},{"type":"Feature","properties":{"vogeId":1508,"vogeName":"Oberdorf (NW)"},"geometry":{"type":"Polygon","coordinates":[[[8.38731,46.96507],[8.39793,46.96811],[8.41801,46.94675],[8.42855,46.94546],[8.45056,46.93199],[8.45604,46.92477],[8.44769,46.92276],[8.43213,46.92006],[8.39446,46.93724],[8.37017,46.9364],[8.36934,46.95327],[8.38731,46.96507]]]}},{"type":"Feature","properties":{"vogeId":1509,"vogeName":"Stans"},"geometry":{"type":"Polygon","coordinates":[[[8.3849,46.9815],[8.38789,46.97237],[8.38731,46.96507],[8.36934,46.95327],[8.37017,46.9364],[8.34536,46.93138],[8.34167,46.96573],[8.3849,46.9815]]]}},{"type":"Feature","properties":{"vogeId":1510,"vogeName":"Stansstad"},"geometry":{"type":"Polygon","coordinates":[[[8.30889,46.96927],[8.3072,46.97585],[8.31356,46.97998],[8.32098,46.97962],[8.33047,46.98209],[8.33405,46.98087],[8.34871,46.98359],[8.35629,46.99248],[8.36358,46.9978],[8.36477,47.00152],[8.36932,47.00402],[8.38461,47.00345],[8.3856,46.99553],[8.3849,46.9815],[8.34167,46.96573],[8.3293,46.96568],[8.33633,46.96921],[8.33839,46.97143],[8.33798,46.97367],[8.33402,46.97937],[8.33089,46.98029],[8.33239,46.97595],[8.331,46.97343],[8.32715,46.97196],[8.3222,46.97156],[8.31608,46.96907],[8.30889,46.96927]]]}},{"type":"Feature","properties":{"vogeId":1511,"vogeName":"Wolfenschiessen"},"geometry":{"type":"Polygon","coordinates":[[[8.39446,46.93724],[8.43213,46.92006],[8.44769,46.92276],[8.46444,46.90589],[8.45868,46.89833],[8.47409,46.89342],[8.47904,46.88248],[8.46725,46.87646],[8.47088,46.85479],[8.4201,46.85195],[8.4175,46.86914],[8.40493,46.86925],[8.39172,46.85876],[8.38558,46.85403],[8.37682,46.85411],[8.3823,46.87197],[8.37291,46.87444],[8.36947,46.87029],[8.36219,46.86423],[8.36956,46.84954],[8.36996,46.84655],[8.37262,46.84444],[8.37122,46.84162],[8.37251,46.83817],[8.372,46.83474],[8.37591,46.8274],[8.38149,46.81302],[8.38491,46.80359],[8.41963,46.78912],[8.38849,46.77729],[8.36895,46.7879],[8.32196,46.82051],[8.3351,46.82847],[8.3298,46.84672],[8.32829,46.87793],[8.3377,46.89009],[8.39442,46.90993],[8.39479,46.91814],[8.39674,46.92648],[8.3941,46.92978],[8.39446,46.93724]]]}},{"type":"Feature","properties":{"vogeId":1630,"vogeName":"Glarus Nord"},"geometry":{"type":"Polygon","coordinates":[[[9.00491,47.17323],[9.00804,47.17215],[9.05047,47.14171],[9.06772,47.13012],[9.08577,47.13016],[9.09895,47.13311],[9.10693,47.12851],[9.12019,47.12698],[9.13711,47.12688],[9.14335,47.1244],[9.15616,47.12301],[9.16644,47.12002],[9.18866,47.11655],[9.19123,47.08471],[9.19268,47.06708],[9.18079,47.06159],[9.13816,47.03924],[9.13413,47.04004],[9.12858,47.04968],[9.12915,47.06057],[9.11516,47.06003],[9.10868,47.06878],[9.07927,47.07264],[9.06147,47.07289],[9.06129,47.0817],[9.03684,47.07816],[9.0261,47.06562],[8.99189,47.05937],[8.97489,47.04811],[8.94812,47.04936],[8.96082,47.07621],[8.95382,47.09138],[8.97063,47.10384],[8.97208,47.11502],[8.97194,47.11815],[8.96925,47.13446],[8.96728,47.13657],[8.97007,47.13937],[9.00491,47.17323]]]}},{"type":"Feature","properties":{"vogeId":1631,"vogeName":"Glarus S\u00fcd"},"geometry":{"type":"Polygon","coordinates":[[[8.9497,46.96948],[8.97742,46.97926],[8.98126,46.98742],[9.0068,47.00663],[9.0359,47.01637],[9.05214,47.02495],[9.07755,47.03101],[9.08196,47.02811],[9.08252,47.02422],[9.08701,47.0164],[9.10042,47.02068],[9.11125,47.01411],[9.13413,47.04004],[9.13816,47.03924],[9.15634,47.03016],[9.18053,47.02606],[9.19779,47.03744],[9.21995,47.03322],[9.23493,47.0297],[9.25121,46.9984],[9.24672,46.97204],[9.23538,46.94923],[9.25285,46.92701],[9.24889,46.91633],[9.22769,46.90741],[9.21303,46.89196],[9.19606,46.88147],[9.15632,46.88193],[9.14896,46.87622],[9.13893,46.86457],[9.13431,46.86046],[9.11132,46.85035],[9.0949,46.87089],[9.06561,46.87489],[9.05316,46.87179],[9.04533,46.86518],[9.03456,46.83503],[9.00896,46.8112],[8.95677,46.80593],[8.92826,46.79646],[8.91476,46.81111],[8.89825,46.81431],[8.87762,46.81442],[8.88138,46.8293],[8.87117,46.84212],[8.95604,46.87535],[8.95356,46.89882],[8.95339,46.90077],[8.94727,46.90712],[8.93527,46.91981],[8.96338,46.92825],[8.95514,46.93896],[8.9717,46.95993],[8.9497,46.96948]]]}},{"type":"Feature","properties":{"vogeId":1632,"vogeName":"Glarus"},"geometry":{"type":"Polygon","coordinates":[[[9.13413,47.04004],[9.11125,47.01411],[9.10042,47.02068],[9.08701,47.0164],[9.08252,47.02422],[9.08196,47.02811],[9.07755,47.03101],[9.05214,47.02495],[9.0359,47.01637],[9.0068,47.00663],[8.98126,46.98742],[8.97742,46.97926],[8.9497,46.96948],[8.92669,46.99933],[8.91052,47.01701],[8.89486,47.02094],[8.90084,47.03385],[8.92465,47.03951],[8.94812,47.04936],[8.97489,47.04811],[8.99189,47.05937],[9.0261,47.06562],[9.03684,47.07816],[9.06129,47.0817],[9.06147,47.07289],[9.07927,47.07264],[9.10868,47.06878],[9.11516,47.06003],[9.12915,47.06057],[9.12858,47.04968],[9.13413,47.04004]]]}},{"type":"Feature","properties":{"vogeId":1701,"vogeName":"Baar"},"geometry":{"type":"Polygon","coordinates":[[[8.54327,47.22202],[8.57435,47.2168],[8.55744,47.19696],[8.55915,47.19262],[8.55832,47.18531],[8.55578,47.18235],[8.55662,47.17921],[8.55974,47.17754],[8.56052,47.17171],[8.56017,47.16544],[8.56307,47.15303],[8.55598,47.14877],[8.54152,47.15906],[8.52469,47.18623],[8.4997,47.18975],[8.49833,47.212],[8.54327,47.22202]]]}},{"type":"Feature","properties":{"vogeId":1702,"vogeName":"Cham"},"geometry":{"type":"Polygon","coordinates":[[[8.41694,47.23361],[8.42172,47.22327],[8.44635,47.22336],[8.47996,47.20858],[8.4692,47.20092],[8.47703,47.18533],[8.4756,47.18146],[8.46268,47.17889],[8.45422,47.17374],[8.42563,47.19026],[8.41144,47.22963],[8.41694,47.23361]]]}},{"type":"Feature","properties":{"vogeId":1703,"vogeName":"H\u00fcnenberg"},"geometry":{"type":"Polygon","coordinates":[[[8.40805,47.2422],[8.4115,47.24515],[8.41086,47.24754],[8.414,47.24603],[8.41396,47.24379],[8.41685,47.24108],[8.41522,47.2384],[8.41721,47.2363],[8.41694,47.23361],[8.41144,47.22963],[8.42563,47.19026],[8.45422,47.17374],[8.45326,47.17032],[8.45591,47.16731],[8.44694,47.15873],[8.41417,47.15648],[8.41442,47.15737],[8.41607,47.16124],[8.41503,47.16632],[8.41134,47.17456],[8.40526,47.17536],[8.40191,47.17762],[8.40021,47.18346],[8.40144,47.18912],[8.40628,47.19445],[8.40022,47.20913],[8.40011,47.2157],[8.39635,47.22006],[8.39509,47.22544],[8.3972,47.22945],[8.4073,47.23787],[8.40805,47.2422]]]}},{"type":"Feature","properties":{"vogeId":1704,"vogeName":"Menzingen"},"geometry":{"type":"Polygon","coordinates":[[[8.6032,47.20308],[8.60753,47.20497],[8.61532,47.19937],[8.61881,47.19396],[8.61808,47.19158],[8.62121,47.19021],[8.62161,47.18752],[8.62865,47.17938],[8.62497,47.17629],[8.62423,47.17331],[8.63139,47.17055],[8.63817,47.17093],[8.63923,47.16793],[8.64397,47.16773],[8.65215,47.17018],[8.66074,47.17039],[8.66569,47.15974],[8.65827,47.15146],[8.59461,47.15048],[8.56928,47.14804],[8.56307,47.15303],[8.56017,47.16544],[8.56052,47.17171],[8.55974,47.17754],[8.55662,47.17921],[8.55578,47.18235],[8.55832,47.18531],[8.57589,47.1935],[8.59042,47.18679],[8.60579,47.18723],[8.6032,47.20308]]]}},{"type":"Feature","properties":{"vogeId":1705,"vogeName":"Neuheim"},"geometry":{"type":"Polygon","coordinates":[[[8.57435,47.2168],[8.57889,47.2178],[8.58383,47.21625],[8.58216,47.21224],[8.58459,47.20983],[8.59502,47.21152],[8.59826,47.20447],[8.6032,47.20308],[8.60579,47.18723],[8.59042,47.18679],[8.57589,47.1935],[8.55832,47.18531],[8.55915,47.19262],[8.55744,47.19696],[8.57435,47.2168]]]}},{"type":"Feature","properties":{"vogeId":1706,"vogeName":"Ober\u00e4geri"},"geometry":{"type":"Polygon","coordinates":[[[8.66569,47.15974],[8.69218,47.16348],[8.70115,47.1513],[8.68816,47.14607],[8.68704,47.13667],[8.67167,47.1158],[8.64929,47.10335],[8.63734,47.09332],[8.60755,47.09229],[8.60581,47.10544],[8.61823,47.10621],[8.61049,47.1133],[8.62135,47.11483],[8.62516,47.11375],[8.62525,47.10763],[8.63056,47.10309],[8.63415,47.10216],[8.63938,47.10405],[8.6422,47.10894],[8.64232,47.11461],[8.63657,47.11975],[8.63355,47.1259],[8.62913,47.12968],[8.61905,47.13292],[8.6145,47.13162],[8.60801,47.13392],[8.6047,47.13724],[8.59837,47.13641],[8.59461,47.15048],[8.65827,47.15146],[8.66569,47.15974]]]}},{"type":"Feature","properties":{"vogeId":1707,"vogeName":"Risch"},"geometry":{"type":"Polygon","coordinates":[[[8.41417,47.15648],[8.44694,47.15873],[8.45591,47.16731],[8.4588,47.16519],[8.46164,47.15995],[8.46046,47.15757],[8.4636,47.1562],[8.46193,47.15144],[8.45778,47.14729],[8.45812,47.14147],[8.46574,47.13842],[8.47075,47.14091],[8.47389,47.13969],[8.47271,47.13716],[8.46468,47.13052],[8.46451,47.12156],[8.46717,47.11885],[8.45498,47.11821],[8.44935,47.13095],[8.42032,47.12269],[8.4154,47.12453],[8.4171,47.13123],[8.4123,47.14052],[8.41575,47.14378],[8.41515,47.14826],[8.41277,47.15365],[8.41417,47.15648]]]}},{"type":"Feature","properties":{"vogeId":1708,"vogeName":"Steinhausen"},"geometry":{"type":"Polygon","coordinates":[[[8.48927,47.21074],[8.49833,47.212],[8.4997,47.18975],[8.47703,47.18533],[8.4692,47.20092],[8.47996,47.20858],[8.48927,47.21074]]]}},{"type":"Feature","properties":{"vogeId":1709,"vogeName":"Unter\u00e4geri"},"geometry":{"type":"Polygon","coordinates":[[[8.56307,47.15303],[8.56928,47.14804],[8.59461,47.15048],[8.59837,47.13641],[8.59096,47.13827],[8.58778,47.13741],[8.59021,47.135],[8.59491,47.13301],[8.5977,47.12671],[8.59202,47.12453],[8.59199,47.12304],[8.60166,47.12175],[8.61152,47.11881],[8.62135,47.11483],[8.61049,47.1133],[8.61823,47.10621],[8.60581,47.10544],[8.60755,47.09229],[8.58735,47.08577],[8.57266,47.08383],[8.56637,47.09583],[8.55978,47.11455],[8.54506,47.1229],[8.54364,47.14113],[8.55598,47.14877],[8.56307,47.15303]]]}},{"type":"Feature","properties":{"vogeId":1710,"vogeName":"Walchwil"},"geometry":{"type":"Polygon","coordinates":[[[8.49869,47.11618],[8.51786,47.12734],[8.54506,47.1229],[8.55978,47.11455],[8.56637,47.09583],[8.52207,47.08999],[8.51833,47.0945],[8.51188,47.09889],[8.5077,47.10445],[8.5028,47.10748],[8.49869,47.11618]]]}},{"type":"Feature","properties":{"vogeId":1711,"vogeName":"Zug"},"geometry":{"type":"Polygon","coordinates":[[[8.47703,47.18533],[8.4997,47.18975],[8.52469,47.18623],[8.54152,47.15906],[8.55598,47.14877],[8.54364,47.14113],[8.54506,47.1229],[8.51786,47.12734],[8.49869,47.11618],[8.49471,47.12024],[8.49411,47.12428],[8.4971,47.12679],[8.49714,47.12918],[8.49921,47.13095],[8.50287,47.1333],[8.50474,47.13657],[8.50404,47.14717],[8.50937,47.15384],[8.50918,47.15593],[8.51393,47.16753],[8.51173,47.17038],[8.50722,47.17087],[8.50232,47.17375],[8.49894,47.17453],[8.49538,47.1771],[8.48681,47.17763],[8.48227,47.17603],[8.48163,47.17842],[8.4756,47.18146],[8.47703,47.18533]]]}},{"type":"Feature","properties":{"vogeId":2008,"vogeName":"Ch\u00e2tillon (FR)"},"geometry":{"type":"Polygon","coordinates":[[[6.82163,46.83165],[6.8301,46.83618],[6.83535,46.82829],[6.82485,46.8248],[6.82163,46.83165]]]}},{"type":"Feature","properties":{"vogeId":2011,"vogeName":"Cugy (FR)"},"geometry":{"type":"Polygon","coordinates":[[[6.88113,46.82614],[6.90538,46.82387],[6.90754,46.81015],[6.89761,46.79413],[6.88034,46.79479],[6.87496,46.79462],[6.8669,46.79353],[6.86046,46.80872],[6.87967,46.81628],[6.88116,46.82375],[6.88113,46.82614]]]}},{"type":"Feature","properties":{"vogeId":2016,"vogeName":"F\u00e9tigny"},"geometry":{"type":"Polygon","coordinates":[[[6.89761,46.79413],[6.90754,46.81015],[6.93157,46.80578],[6.92604,46.79829],[6.92113,46.79603],[6.91696,46.78616],[6.91097,46.77972],[6.90533,46.78357],[6.89761,46.79413]]]}},{"type":"Feature","properties":{"vogeId":2022,"vogeName":"Gletterens"},"geometry":{"type":"Polygon","coordinates":[[[6.92299,46.90588],[6.92591,46.9056],[6.92791,46.908],[6.92856,46.91054],[6.93528,46.91251],[6.94976,46.90138],[6.93864,46.88954],[6.92603,46.89262],[6.92299,46.90588]]]}},{"type":"Feature","properties":{"vogeId":2025,"vogeName":"Lully (FR)"},"geometry":{"type":"Polygon","coordinates":[[[6.82714,46.82049],[6.83992,46.82115],[6.84528,46.82327],[6.83773,46.83651],[6.85585,46.84064],[6.85794,46.83408],[6.85318,46.81869],[6.85184,46.81793],[6.83423,46.80829],[6.82145,46.80852],[6.81648,46.81103],[6.81844,46.81626],[6.82714,46.82049]]]}},{"type":"Feature","properties":{"vogeId":2027,"vogeName":"M\u00e9ni\u00e8res"},"geometry":{"type":"Polygon","coordinates":[[[6.87496,46.79462],[6.88034,46.79479],[6.89761,46.79413],[6.90533,46.78357],[6.87695,46.77597],[6.86408,46.78441],[6.87574,46.78477],[6.87496,46.79462]]]}},{"type":"Feature","properties":{"vogeId":2029,"vogeName":"Montagny (FR)"},"geometry":{"type":"Polygon","coordinates":[[[6.95839,46.79022],[6.96476,46.80547],[6.95813,46.81933],[6.96523,46.82831],[6.97896,46.82299],[6.99235,46.83051],[6.99818,46.83083],[7.00724,46.81997],[7.02341,46.81779],[7.02657,46.81422],[7.0156,46.81299],[7.00963,46.80117],[7.01214,46.79566],[6.99404,46.78977],[6.99072,46.78468],[6.98003,46.77628],[6.96873,46.78728],[6.95839,46.79022]]]}},{"type":"Feature","properties":{"vogeId":2035,"vogeName":"Nuvilly"},"geometry":{"type":"Polygon","coordinates":[[[6.84016,46.79951],[6.85309,46.78555],[6.84308,46.77863],[6.82544,46.77317],[6.81755,46.77715],[6.81439,46.77893],[6.84016,46.79951]]]}},{"type":"Feature","properties":{"vogeId":2038,"vogeName":"Pr\u00e9vondavaux"},"geometry":{"type":"Polygon","coordinates":[[[6.79362,46.73583],[6.81576,46.73804],[6.81738,46.73327],[6.8114,46.72787],[6.80626,46.72694],[6.79307,46.72568],[6.78787,46.72938],[6.79362,46.73583]]]}},{"type":"Feature","properties":{"vogeId":2041,"vogeName":"Saint-Aubin (FR)"},"geometry":{"type":"Polygon","coordinates":[[[6.98407,46.90779],[7.00938,46.88908],[6.99397,46.87902],[6.98727,46.87496],[6.97369,46.8873],[6.96227,46.88412],[6.95632,46.89558],[6.96435,46.90233],[6.98407,46.90779]]]}},{"type":"Feature","properties":{"vogeId":2043,"vogeName":"S\u00e9vaz"},"geometry":{"type":"Polygon","coordinates":[[[6.87798,46.82791],[6.86646,46.83472],[6.86258,46.84097],[6.87731,46.8491],[6.88272,46.84674],[6.87798,46.82791]]]}},{"type":"Feature","properties":{"vogeId":2044,"vogeName":"Surpierre"},"geometry":{"type":"Polygon","coordinates":[[[6.88215,46.74973],[6.86665,46.73279],[6.86399,46.73009],[6.86603,46.72801],[6.86226,46.72441],[6.85172,46.72644],[6.83889,46.73249],[6.82811,46.73542],[6.81738,46.73327],[6.81576,46.73804],[6.82903,46.75304],[6.83722,46.76129],[6.8463,46.77119],[6.85209,46.7745],[6.86297,46.76321],[6.86793,46.76025],[6.87244,46.75759],[6.88215,46.74973]]]}},{"type":"Feature","properties":{"vogeId":2045,"vogeName":"Vallon"},"geometry":{"type":"Polygon","coordinates":[[[6.94976,46.90138],[6.95632,46.89558],[6.96227,46.88412],[6.96869,46.86802],[6.95906,46.86604],[6.93864,46.88954],[6.94976,46.90138]]]}},{"type":"Feature","properties":{"vogeId":2050,"vogeName":"Les Montets"},"geometry":{"type":"Polygon","coordinates":[[[6.87496,46.79462],[6.87574,46.78477],[6.86408,46.78441],[6.85309,46.78555],[6.84016,46.79951],[6.83677,46.80173],[6.83423,46.80829],[6.85184,46.81793],[6.85318,46.81869],[6.85794,46.83408],[6.86646,46.83472],[6.87798,46.82791],[6.88113,46.82614],[6.88116,46.82375],[6.87967,46.81628],[6.86046,46.80872],[6.8669,46.79353],[6.87496,46.79462]]]}},{"type":"Feature","properties":{"vogeId":2051,"vogeName":"Delley-Portalban"},"geometry":{"type":"Polygon","coordinates":[[[6.96166,46.92754],[6.98735,46.91825],[6.98407,46.90779],[6.96435,46.90233],[6.95632,46.89558],[6.94976,46.90138],[6.93528,46.91251],[6.95026,46.92048],[6.95449,46.92438],[6.96166,46.92754]]]}},{"type":"Feature","properties":{"vogeId":2053,"vogeName":"Belmont-Broye"},"geometry":{"type":"Polygon","coordinates":[[[6.9815,46.86733],[6.98885,46.87348],[6.98727,46.87496],[6.99397,46.87902],[7.00704,46.8731],[7.01618,46.88075],[7.03216,46.87588],[7.03902,46.85934],[7.02965,46.85259],[7.03507,46.84679],[7.05028,46.8546],[7.05524,46.85029],[7.05398,46.83939],[7.04687,46.82907],[7.02341,46.81779],[7.00724,46.81997],[6.99818,46.83083],[6.99235,46.83051],[6.98509,46.84063],[6.97265,46.85207],[6.9815,46.86733]]]}},{"type":"Feature","properties":{"vogeId":2054,"vogeName":"Estavayer"},"geometry":{"type":"MultiPolygon","coordinates":[[[[6.77305,46.75138],[6.78631,46.74773],[6.78444,46.73548],[6.77074,46.72062],[6.75863,46.72204],[6.74866,46.73183],[6.77305,46.75138]]],[[[6.81648,46.81103],[6.82145,46.80852],[6.83423,46.80829],[6.83677,46.80173],[6.84016,46.79951],[6.81439,46.77893],[6.79798,46.78287],[6.78353,46.79174],[6.80711,46.80754],[6.81648,46.81103]]],[[[6.86646,46.83472],[6.85794,46.83408],[6.85585,46.84064],[6.83773,46.83651],[6.84528,46.82327],[6.83992,46.82115],[6.82714,46.82049],[6.82485,46.8248],[6.83535,46.82829],[6.8301,46.83618],[6.82163,46.83165],[6.80766,46.83725],[6.81234,46.83996],[6.81816,46.84059],[6.83135,46.84469],[6.84581,46.85581],[6.85295,46.86003],[6.8581,46.86095],[6.85965,46.86334],[6.86412,46.86531],[6.86881,46.86742],[6.8728,46.87207],[6.89105,46.88723],[6.91088,46.88046],[6.92085,46.87125],[6.91735,46.86213],[6.92999,46.85398],[6.91929,46.84721],[6.90774,46.83462],[6.90538,46.82387],[6.88113,46.82614],[6.87798,46.82791],[6.88272,46.84674],[6.87731,46.8491],[6.86258,46.84097],[6.86646,46.83472]]]]}},{"type":"Feature","properties":{"vogeId":2055,"vogeName":"Cheyres-Ch\u00e2bles"},"geometry":{"type":"Polygon","coordinates":[[[6.76718,46.80896],[6.79275,46.82716],[6.80766,46.83725],[6.82163,46.83165],[6.82485,46.8248],[6.82714,46.82049],[6.81844,46.81626],[6.81648,46.81103],[6.80711,46.80754],[6.78353,46.79174],[6.77819,46.78828],[6.7739,46.79153],[6.7841,46.80055],[6.7769,46.8026],[6.76718,46.80896]]]}},{"type":"Feature","properties":{"vogeId":2061,"vogeName":"Auboranges"},"geometry":{"type":"Polygon","coordinates":[[[6.80113,46.59274],[6.81097,46.5922],[6.81413,46.58878],[6.81417,46.58565],[6.81221,46.58116],[6.81314,46.57833],[6.79935,46.57407],[6.79487,46.57524],[6.79923,46.58347],[6.80113,46.59274]]]}},{"type":"Feature","properties":{"vogeId":2063,"vogeName":"Billens-Hennens"},"geometry":{"type":"Polygon","coordinates":[[[6.89341,46.69993],[6.90914,46.69314],[6.89385,46.67859],[6.87175,46.67341],[6.86456,46.67666],[6.8772,46.68702],[6.88477,46.69109],[6.89341,46.69993]]]}},{"type":"Feature","properties":{"vogeId":2066,"vogeName":"Chapelle (Gl\u00e2ne)"},"geometry":{"type":"Polygon","coordinates":[[[6.84708,46.59791],[6.84235,46.58207],[6.84058,46.58012],[6.83483,46.57531],[6.83035,46.57618],[6.8328,46.59679],[6.83388,46.60008],[6.84708,46.59791]]]}},{"type":"Feature","properties":{"vogeId":2067,"vogeName":"Le Ch\u00e2telard"},"geometry":{"type":"Polygon","coordinates":[[[6.97052,46.68505],[6.9942,46.68903],[7.01194,46.68014],[7.02181,46.67734],[7.01274,46.66373],[7.00405,46.65952],[6.96857,46.67669],[6.97052,46.68505]]]}},{"type":"Feature","properties":{"vogeId":2068,"vogeName":"Ch\u00e2tonnaye"},"geometry":{"type":"Polygon","coordinates":[[[6.91428,46.76287],[6.92902,46.76741],[6.95553,46.75932],[6.96232,46.75203],[6.9463,46.73943],[6.94323,46.73329],[6.93627,46.73446],[6.94132,46.74523],[6.93072,46.75384],[6.92178,46.75171],[6.91056,46.7533],[6.91428,46.76287]]]}},{"type":"Feature","properties":{"vogeId":2072,"vogeName":"Ecublens (FR)"},"geometry":{"type":"Polygon","coordinates":[[[6.80343,46.64469],[6.80904,46.64248],[6.81067,46.63682],[6.80758,46.63322],[6.80853,46.6289],[6.80968,46.62622],[6.80792,46.62397],[6.80972,46.62249],[6.80975,46.6198],[6.81356,46.61863],[6.8127,46.61623],[6.81674,46.61432],[6.81609,46.61282],[6.81545,46.61028],[6.81446,46.59878],[6.81159,46.59623],[6.81384,46.59445],[6.81097,46.5922],[6.80113,46.59274],[6.79837,46.59974],[6.80342,46.60768],[6.79724,46.63824],[6.80343,46.64469]]]}},{"type":"Feature","properties":{"vogeId":2079,"vogeName":"Grangettes"},"geometry":{"type":"Polygon","coordinates":[[[6.96377,46.68891],[6.97052,46.68505],[6.96857,46.67669],[7.00405,46.65952],[6.99982,46.65756],[6.99536,46.65665],[6.95381,46.67633],[6.96377,46.68891]]]}},{"type":"Feature","properties":{"vogeId":2086,"vogeName":"Massonnens"},"geometry":{"type":"Polygon","coordinates":[[[6.96228,46.70517],[6.98104,46.71017],[6.98694,46.70049],[6.9942,46.68903],[6.97052,46.68505],[6.96377,46.68891],[6.96306,46.69323],[6.96228,46.70517]]]}},{"type":"Feature","properties":{"vogeId":2087,"vogeName":"M\u00e9zi\u00e8res (FR)"},"geometry":{"type":"Polygon","coordinates":[[[6.9598,46.70755],[6.96228,46.70517],[6.96306,46.69323],[6.94748,46.68466],[6.94419,46.67748],[6.93042,46.66682],[6.92483,46.6668],[6.90982,46.66867],[6.90999,46.67479],[6.92501,46.69486],[6.93399,46.69087],[6.9598,46.70755]]]}},{"type":"Feature","properties":{"vogeId":2089,"vogeName":"Montet (Gl\u00e2ne)"},"geometry":{"type":"Polygon","coordinates":[[[6.80473,46.64798],[6.81836,46.64836],[6.81897,46.63403],[6.80853,46.6289],[6.80758,46.63322],[6.81067,46.63682],[6.80904,46.64248],[6.80343,46.64469],[6.80473,46.64798]]]}},{"type":"Feature","properties":{"vogeId":2096,"vogeName":"Romont (FR)"},"geometry":{"type":"Polygon","coordinates":[[[6.91936,46.72379],[6.92363,46.72186],[6.93924,46.70477],[6.95462,46.71125],[6.9598,46.70755],[6.93399,46.69087],[6.92501,46.69486],[6.90999,46.67479],[6.90574,46.67462],[6.89385,46.67859],[6.90914,46.69314],[6.89341,46.69993],[6.89226,46.70246],[6.89802,46.70831],[6.91936,46.72379]]]}},{"type":"Feature","properties":{"vogeId":2097,"vogeName":"Rue"},"geometry":{"type":"Polygon","coordinates":[[[6.83035,46.57618],[6.82543,46.5772],[6.82089,46.58389],[6.81417,46.58565],[6.81413,46.58878],[6.81097,46.5922],[6.81384,46.59445],[6.81159,46.59623],[6.81446,46.59878],[6.81545,46.61028],[6.81609,46.61282],[6.81674,46.61432],[6.8127,46.61623],[6.81356,46.61863],[6.80975,46.6198],[6.80972,46.62249],[6.80792,46.62397],[6.80968,46.62622],[6.80853,46.6289],[6.81897,46.63403],[6.82278,46.63316],[6.83938,46.62757],[6.83925,46.61966],[6.85159,46.6151],[6.84363,46.607],[6.84973,46.60136],[6.84708,46.59791],[6.83388,46.60008],[6.8328,46.59679],[6.83035,46.57618]]]}},{"type":"Feature","properties":{"vogeId":2099,"vogeName":"Siviriez"},"geometry":{"type":"Polygon","coordinates":[[[6.88835,46.62543],[6.88432,46.62631],[6.88099,46.62405],[6.86513,46.62338],[6.86216,46.62918],[6.86427,46.64084],[6.85933,46.6432],[6.85361,46.65556],[6.86809,46.66085],[6.87175,46.67341],[6.89385,46.67859],[6.90574,46.67462],[6.90999,46.67479],[6.90982,46.66867],[6.92483,46.6668],[6.91809,46.64677],[6.90845,46.64881],[6.90424,46.64536],[6.89558,46.64009],[6.88835,46.62543]]]}},{"type":"Feature","properties":{"vogeId":2102,"vogeName":"Ursy"},"geometry":{"type":"Polygon","coordinates":[[[6.88099,46.62405],[6.87286,46.61103],[6.8542,46.60093],[6.84973,46.60136],[6.84363,46.607],[6.85159,46.6151],[6.83925,46.61966],[6.83938,46.62757],[6.82278,46.63316],[6.81897,46.63403],[6.81836,46.64836],[6.82806,46.66035],[6.84416,46.66088],[6.85002,46.65688],[6.85361,46.65556],[6.85933,46.6432],[6.86427,46.64084],[6.86216,46.62918],[6.86513,46.62338],[6.88099,46.62405]]]}},{"type":"Feature","properties":{"vogeId":2113,"vogeName":"Vuisternens-devant-Romont"},"geometry":{"type":"Polygon","coordinates":[[[6.90722,46.61507],[6.89708,46.62338],[6.88835,46.62543],[6.89558,46.64009],[6.90424,46.64536],[6.90845,46.64881],[6.91809,46.64677],[6.92483,46.6668],[6.93042,46.66682],[6.94419,46.67748],[6.94748,46.68466],[6.96306,46.69323],[6.96377,46.68891],[6.95381,46.67633],[6.99536,46.65665],[6.98531,46.65452],[6.96782,46.66027],[6.96155,46.66188],[6.94688,46.65242],[6.94589,46.63779],[6.95063,46.63303],[6.95164,46.6199],[6.94183,46.61717],[6.92015,46.61842],[6.90722,46.61507]]]}},{"type":"Feature","properties":{"vogeId":2114,"vogeName":"Villorsonnens"},"geometry":{"type":"Polygon","coordinates":[[[6.98999,46.73707],[7.0066,46.73281],[7.00663,46.72818],[7.00665,46.72669],[7.01029,46.71954],[7.00497,46.71265],[7.01041,46.70387],[7.01555,46.70478],[7.01802,46.7033],[7.02706,46.69214],[7.04054,46.68442],[7.02181,46.67734],[7.01194,46.68014],[6.9942,46.68903],[6.98694,46.70049],[6.98104,46.71017],[6.97829,46.71777],[6.96819,46.72101],[6.9757,46.73298],[6.98999,46.73707]]]}},{"type":"Feature","properties":{"vogeId":2115,"vogeName":"Torny"},"geometry":{"type":"Polygon","coordinates":[[[6.95839,46.79022],[6.96873,46.78728],[6.98003,46.77628],[6.97498,46.76432],[6.97951,46.75822],[6.97842,46.75449],[6.96232,46.75203],[6.95553,46.75932],[6.92902,46.76741],[6.93875,46.78148],[6.95839,46.79022]]]}},{"type":"Feature","properties":{"vogeId":2117,"vogeName":"Villaz"},"geometry":{"type":"Polygon","coordinates":[[[6.98999,46.73707],[6.9757,46.73298],[6.96819,46.72101],[6.97829,46.71777],[6.98104,46.71017],[6.96228,46.70517],[6.9598,46.70755],[6.95462,46.71125],[6.93924,46.70477],[6.92363,46.72186],[6.93541,46.73087],[6.93627,46.73446],[6.94323,46.73329],[6.9463,46.73943],[6.96232,46.75203],[6.97842,46.75449],[6.98025,46.75091],[6.98999,46.73707]]]}},{"type":"Feature","properties":{"vogeId":2121,"vogeName":"Haut-Intyamon"},"geometry":{"type":"Polygon","coordinates":[[[7.00105,46.53413],[7.01077,46.54581],[7.03422,46.54381],[7.06752,46.53616],[7.0678,46.52795],[7.09325,46.524],[7.09426,46.5052],[7.11038,46.4948],[7.10397,46.48643],[7.07454,46.48633],[7.06273,46.4863],[7.03941,46.47487],[7.03103,46.4641],[7.02286,46.45377],[7.01757,46.44733],[6.98401,46.43795],[6.97978,46.46405],[6.98482,46.47452],[6.99225,46.49201],[6.9944,46.50127],[7.00663,46.5052],[7.00052,46.51697],[7.00105,46.53413]]]}},{"type":"Feature","properties":{"vogeId":2122,"vogeName":"Pont-en-Ogoz"},"geometry":{"type":"Polygon","coordinates":[[[7.08984,46.70727],[7.08985,46.70548],[7.09298,46.70609],[7.09478,46.70445],[7.09479,46.70206],[7.09167,46.70071],[7.0908,46.69593],[7.09193,46.694],[7.09753,46.69342],[7.09979,46.69088],[7.1038,46.69343],[7.10581,46.69284],[7.10337,46.6909],[7.10338,46.68791],[7.10048,46.68716],[7.09848,46.68461],[7.09469,46.68356],[7.08668,46.67682],[7.08604,46.67219],[7.0836,46.6689],[7.07914,46.66694],[7.07534,46.66678],[7.0753,46.67245],[7.04233,46.68518],[7.04589,46.68758],[7.04743,46.69072],[7.06444,46.69048],[7.06686,46.6966],[7.07821,46.70589],[7.08467,46.70935],[7.08984,46.70727]]]}},{"type":"Feature","properties":{"vogeId":2123,"vogeName":"Botterens"},"geometry":{"type":"Polygon","coordinates":[[[7.11682,46.61168],[7.10608,46.61329],[7.10513,46.62284],[7.1044,46.63299],[7.10192,46.63582],[7.13501,46.63367],[7.1328,46.63038],[7.12634,46.62619],[7.11682,46.61168]]]}},{"type":"Feature","properties":{"vogeId":2124,"vogeName":"Broc"},"geometry":{"type":"Polygon","coordinates":[[[7.09379,46.61445],[7.09625,46.61416],[7.10004,46.61507],[7.10341,46.61254],[7.10608,46.61329],[7.11682,46.61168],[7.12019,46.60826],[7.1358,46.61278],[7.1396,46.61175],[7.1544,46.60134],[7.10648,46.58524],[7.09319,46.60355],[7.09379,46.61445]]]}},{"type":"Feature","properties":{"vogeId":2125,"vogeName":"Bulle"},"geometry":{"type":"Polygon","coordinates":[[[7.07912,46.6356],[7.08383,46.63382],[7.07699,46.62067],[7.09379,46.61445],[7.09319,46.60355],[7.06891,46.59333],[7.04112,46.60682],[7.03511,46.60277],[7.04728,46.58923],[7.03573,46.57963],[7.03955,46.57636],[7.02487,46.56974],[7.01905,46.57107],[7.02725,46.5802],[7.02217,46.60182],[7.01393,46.59836],[7.00516,46.57833],[6.99615,46.58695],[6.99767,46.59218],[7.00629,46.6037],[7.03101,46.61365],[7.0338,46.62873],[7.0313,46.63454],[7.03662,46.64053],[7.07491,46.63096],[7.07912,46.6356]]]}},{"type":"Feature","properties":{"vogeId":2128,"vogeName":"Ch\u00e2tel-sur-Montsalvens"},"geometry":{"type":"Polygon","coordinates":[[[7.1328,46.63038],[7.1358,46.61278],[7.12019,46.60826],[7.11682,46.61168],[7.12634,46.62619],[7.1328,46.63038]]]}},{"type":"Feature","properties":{"vogeId":2129,"vogeName":"Corbi\u00e8res"},"geometry":{"type":"Polygon","coordinates":[[[7.10219,46.66388],[7.14742,46.65296],[7.14499,46.64892],[7.13501,46.63367],[7.10192,46.63582],[7.1012,46.64358],[7.09805,46.64625],[7.09732,46.65565],[7.0991,46.65835],[7.09818,46.66103],[7.10219,46.66388]]]}},{"type":"Feature","properties":{"vogeId":2130,"vogeName":"Cr\u00e9suz"},"geometry":{"type":"Polygon","coordinates":[[[7.1328,46.63038],[7.15316,46.62566],[7.1396,46.61175],[7.1358,46.61278],[7.1328,46.63038]]]}},{"type":"Feature","properties":{"vogeId":2131,"vogeName":"Echarlens"},"geometry":{"type":"Polygon","coordinates":[[[7.09015,46.65936],[7.09287,46.65355],[7.09093,46.64235],[7.0921,46.6343],[7.08383,46.63382],[7.07912,46.6356],[7.06383,46.64898],[7.07274,46.65409],[7.09015,46.65936]]]}},{"type":"Feature","properties":{"vogeId":2134,"vogeName":"Grandvillard"},"geometry":{"type":"Polygon","coordinates":[[[7.14695,46.53445],[7.14457,46.52057],[7.13774,46.50562],[7.11038,46.4948],[7.09426,46.5052],[7.09325,46.524],[7.0678,46.52795],[7.06752,46.53616],[7.07992,46.55023],[7.08723,46.55861],[7.14088,46.54265],[7.14695,46.53445]]]}},{"type":"Feature","properties":{"vogeId":2135,"vogeName":"Gruy\u00e8res"},"geometry":{"type":"Polygon","coordinates":[[[7.06891,46.59333],[7.09319,46.60355],[7.10648,46.58524],[7.1544,46.60134],[7.16183,46.59106],[7.09137,46.57385],[7.04788,46.56759],[7.04154,46.54891],[7.03422,46.54381],[7.01077,46.54581],[6.98191,46.5551],[6.99741,46.57039],[7.00162,46.57413],[7.00516,46.57833],[7.01393,46.59836],[7.02217,46.60182],[7.02725,46.5802],[7.01905,46.57107],[7.02487,46.56974],[7.03955,46.57636],[7.06517,46.58511],[7.06891,46.59333]]]}},{"type":"Feature","properties":{"vogeId":2137,"vogeName":"Hauteville"},"geometry":{"type":"Polygon","coordinates":[[[7.11795,46.68452],[7.15964,46.66866],[7.17529,46.67004],[7.16797,46.65689],[7.1561,46.66104],[7.14742,46.65296],[7.10219,46.66388],[7.09789,46.67163],[7.10301,46.67642],[7.10659,46.67598],[7.10947,46.67987],[7.10856,46.6833],[7.11393,46.68272],[7.11795,46.68452]]]}},{"type":"Feature","properties":{"vogeId":2138,"vogeName":"Jaun"},"geometry":{"type":"Polygon","coordinates":[[[7.27842,46.66098],[7.29382,46.66921],[7.31668,46.65028],[7.30307,46.64071],[7.31336,46.6367],[7.32083,46.59193],[7.2992,46.57937],[7.28133,46.58412],[7.26086,46.562],[7.23088,46.57837],[7.20906,46.56609],[7.19522,46.56591],[7.19403,46.58188],[7.20309,46.60339],[7.2689,46.62977],[7.28673,46.64875],[7.27842,46.66098]]]}},{"type":"Feature","properties":{"vogeId":2140,"vogeName":"Marsens"},"geometry":{"type":"Polygon","coordinates":[[[7.01274,46.66373],[7.06418,46.66316],[7.07534,46.66678],[7.07914,46.66694],[7.08184,46.66471],[7.08675,46.66517],[7.08874,46.66861],[7.0939,46.66744],[7.0948,46.66565],[7.09015,46.65936],[7.07274,46.65409],[7.06383,46.64898],[7.01104,46.65238],[7.00745,46.6546],[6.99982,46.65756],[7.00405,46.65952],[7.01274,46.66373]]]}},{"type":"Feature","properties":{"vogeId":2143,"vogeName":"Morlon"},"geometry":{"type":"Polygon","coordinates":[[[7.08383,46.63382],[7.0921,46.6343],[7.09079,46.62847],[7.09326,46.62773],[7.09193,46.62534],[7.09532,46.61878],[7.09625,46.61416],[7.09379,46.61445],[7.07699,46.62067],[7.08383,46.63382]]]}},{"type":"Feature","properties":{"vogeId":2145,"vogeName":"Le P\u00e2quier (FR)"},"geometry":{"type":"Polygon","coordinates":[[[7.06891,46.59333],[7.06517,46.58511],[7.03955,46.57636],[7.03573,46.57963],[7.04728,46.58923],[7.03511,46.60277],[7.04112,46.60682],[7.06891,46.59333]]]}},{"type":"Feature","properties":{"vogeId":2147,"vogeName":"Pont-la-Ville"},"geometry":{"type":"Polygon","coordinates":[[[7.11014,46.71793],[7.11393,46.72048],[7.12851,46.71529],[7.12037,46.6905],[7.11748,46.68795],[7.11435,46.6869],[7.11143,46.68853],[7.1105,46.69435],[7.1049,46.69597],[7.10489,46.69806],[7.10062,46.70104],[7.0979,46.7061],[7.09946,46.70775],[7.10817,46.70971],[7.10949,46.7142],[7.1135,46.71689],[7.11014,46.71793]]]}},{"type":"Feature","properties":{"vogeId":2148,"vogeName":"Riaz"},"geometry":{"type":"Polygon","coordinates":[[[7.01104,46.65238],[7.06383,46.64898],[7.07912,46.6356],[7.07491,46.63096],[7.03662,46.64053],[7.0313,46.63454],[7.0338,46.62873],[7.03068,46.62827],[7.02061,46.62958],[7.01314,46.64119],[7.01104,46.65238]]]}},{"type":"Feature","properties":{"vogeId":2149,"vogeName":"La Roche"},"geometry":{"type":"Polygon","coordinates":[[[7.12851,46.71529],[7.15582,46.71417],[7.18431,46.70021],[7.19259,46.70082],[7.21678,46.69565],[7.17529,46.67004],[7.15964,46.66866],[7.11795,46.68452],[7.12106,46.68707],[7.12195,46.68916],[7.12037,46.6905],[7.12851,46.71529]]]}},{"type":"Feature","properties":{"vogeId":2152,"vogeName":"S\u00e2les"},"geometry":{"type":"Polygon","coordinates":[[[7.01104,46.65238],[7.01314,46.64119],[6.98665,46.62885],[6.95708,46.61157],[6.96272,46.60472],[6.95181,46.60154],[6.94907,46.6072],[6.94183,46.61717],[6.95164,46.6199],[6.95063,46.63303],[6.94589,46.63779],[6.94688,46.65242],[6.96155,46.66188],[6.96782,46.66027],[6.98531,46.65452],[6.99536,46.65665],[6.99982,46.65756],[7.00745,46.6546],[7.01104,46.65238]]]}},{"type":"Feature","properties":{"vogeId":2153,"vogeName":"Sorens"},"geometry":{"type":"Polygon","coordinates":[[[7.04054,46.68442],[7.04233,46.68518],[7.0753,46.67245],[7.07534,46.66678],[7.06418,46.66316],[7.01274,46.66373],[7.02181,46.67734],[7.04054,46.68442]]]}},{"type":"Feature","properties":{"vogeId":2155,"vogeName":"Vaulruz"},"geometry":{"type":"Polygon","coordinates":[[[7.01314,46.64119],[7.02061,46.62958],[6.9792,46.61106],[6.98298,46.5869],[7.00162,46.57413],[6.99741,46.57039],[6.97565,46.58209],[6.96272,46.60472],[6.95708,46.61157],[6.98665,46.62885],[7.01314,46.64119]]]}},{"type":"Feature","properties":{"vogeId":2160,"vogeName":"Vuadens"},"geometry":{"type":"Polygon","coordinates":[[[7.02061,46.62958],[7.03068,46.62827],[7.0338,46.62873],[7.03101,46.61365],[7.00629,46.6037],[6.99767,46.59218],[6.99615,46.58695],[7.00516,46.57833],[7.00162,46.57413],[6.98298,46.5869],[6.9792,46.61106],[7.02061,46.62958]]]}},{"type":"Feature","properties":{"vogeId":2162,"vogeName":"Bas-Intyamon"},"geometry":{"type":"Polygon","coordinates":[[[7.16183,46.59106],[7.16478,46.58166],[7.14947,46.56327],[7.16674,46.54734],[7.14695,46.53445],[7.14088,46.54265],[7.08723,46.55861],[7.07992,46.55023],[7.06752,46.53616],[7.03422,46.54381],[7.04154,46.54891],[7.04788,46.56759],[7.09137,46.57385],[7.16183,46.59106]]]}},{"type":"Feature","properties":{"vogeId":2163,"vogeName":"Val-de-Charmey"},"geometry":{"type":"Polygon","coordinates":[[[7.21678,46.69565],[7.22278,46.70507],[7.23709,46.71032],[7.25104,46.68974],[7.24572,46.6757],[7.25401,46.67139],[7.25962,46.66558],[7.27842,46.66098],[7.28673,46.64875],[7.2689,46.62977],[7.20309,46.60339],[7.19403,46.58188],[7.19522,46.56591],[7.20906,46.56609],[7.23088,46.57837],[7.26086,46.562],[7.23679,46.55241],[7.22075,46.54507],[7.21187,46.53475],[7.1956,46.53039],[7.18953,46.54157],[7.17105,46.53272],[7.14457,46.52057],[7.14695,46.53445],[7.16674,46.54734],[7.14947,46.56327],[7.16478,46.58166],[7.16183,46.59106],[7.1544,46.60134],[7.1396,46.61175],[7.15316,46.62566],[7.1328,46.63038],[7.13501,46.63367],[7.14499,46.64892],[7.14742,46.65296],[7.1561,46.66104],[7.16797,46.65689],[7.17529,46.67004],[7.21678,46.69565]]]}},{"type":"Feature","properties":{"vogeId":2173,"vogeName":"Autigny"},"geometry":{"type":"Polygon","coordinates":[[[7.00308,46.75234],[7.01538,46.75478],[7.02196,46.74421],[7.05642,46.74806],[7.05292,46.73626],[7.03797,46.72994],[7.00663,46.72818],[7.0066,46.73281],[7.01282,46.7382],[7.00308,46.75234]]]}},{"type":"Feature","properties":{"vogeId":2174,"vogeName":"Avry"},"geometry":{"type":"Polygon","coordinates":[[[7.06727,46.79809],[7.08026,46.80142],[7.08349,46.7874],[7.06965,46.7781],[7.05846,46.77702],[7.05237,46.78163],[7.04455,46.77921],[7.03621,46.7853],[7.03794,46.79352],[7.04915,46.79385],[7.06727,46.79809]]]}},{"type":"Feature","properties":{"vogeId":2175,"vogeName":"Belfaux"},"geometry":{"type":"Polygon","coordinates":[[[7.09725,46.84371],[7.09484,46.8343],[7.12005,46.82019],[7.11223,46.81554],[7.08803,46.81234],[7.086,46.81412],[7.06631,46.80779],[7.06223,46.81419],[7.06802,46.82003],[7.07808,46.82499],[7.08544,46.83069],[7.07392,46.84229],[7.086,46.8489],[7.09725,46.84371]]]}},{"type":"Feature","properties":{"vogeId":2177,"vogeName":"Ch\u00e9nens"},"geometry":{"type":"Polygon","coordinates":[[[6.98025,46.75091],[7.00308,46.75234],[7.01282,46.7382],[7.0066,46.73281],[6.98999,46.73707],[6.98025,46.75091]]]}},{"type":"Feature","properties":{"vogeId":2183,"vogeName":"Corminboeuf"},"geometry":{"type":"Polygon","coordinates":[[[7.11223,46.81554],[7.11432,46.80301],[7.10475,46.79254],[7.08349,46.7874],[7.08026,46.80142],[7.06727,46.79809],[7.06631,46.80779],[7.086,46.81412],[7.08803,46.81234],[7.11223,46.81554]]]}},{"type":"Feature","properties":{"vogeId":2186,"vogeName":"Cottens (FR)"},"geometry":{"type":"Polygon","coordinates":[[[7.04352,46.76607],[7.04717,46.75743],[7.0604,46.75509],[7.05886,46.75225],[7.05642,46.74806],[7.02196,46.74421],[7.01538,46.75478],[7.0225,46.76167],[7.03214,46.76066],[7.04352,46.76607]]]}},{"type":"Feature","properties":{"vogeId":2194,"vogeName":"Ferpicloz"},"geometry":{"type":"Polygon","coordinates":[[[7.16793,46.7539],[7.17201,46.74376],[7.15343,46.74312],[7.15274,46.74595],[7.16793,46.7539]]]}},{"type":"Feature","properties":{"vogeId":2196,"vogeName":"Fribourg"},"geometry":{"type":"Polygon","coordinates":[[[7.13738,46.80875],[7.13894,46.81218],[7.14788,46.81668],[7.1566,46.82118],[7.16333,46.8206],[7.17186,46.81988],[7.18133,46.8093],[7.18157,46.80542],[7.18181,46.80318],[7.1758,46.79392],[7.16617,46.79285],[7.16127,46.78538],[7.14533,46.79026],[7.14034,46.80189],[7.13829,46.80651],[7.13738,46.80875]]]}},{"type":"Feature","properties":{"vogeId":2197,"vogeName":"Givisiez"},"geometry":{"type":"Polygon","coordinates":[[[7.12005,46.82019],[7.12452,46.82334],[7.13574,46.82247],[7.13894,46.81218],[7.13738,46.80875],[7.11432,46.80301],[7.11223,46.81554],[7.12005,46.82019]]]}},{"type":"Feature","properties":{"vogeId":2198,"vogeName":"Granges-Paccot"},"geometry":{"type":"Polygon","coordinates":[[[7.14507,46.83772],[7.14869,46.8337],[7.15588,46.83073],[7.16914,46.82569],[7.17186,46.81988],[7.16333,46.8206],[7.1566,46.82118],[7.14788,46.81668],[7.13894,46.81218],[7.13574,46.82247],[7.12452,46.82334],[7.12988,46.82738],[7.14507,46.83772]]]}},{"type":"Feature","properties":{"vogeId":2200,"vogeName":"Grolley"},"geometry":{"type":"Polygon","coordinates":[[[7.07392,46.84229],[7.08544,46.83069],[7.07808,46.82499],[7.06802,46.82003],[7.04687,46.82907],[7.05398,46.83939],[7.05524,46.85029],[7.071,46.84303],[7.07392,46.84229]]]}},{"type":"Feature","properties":{"vogeId":2206,"vogeName":"Marly"},"geometry":{"type":"Polygon","coordinates":[[[7.14533,46.79026],[7.16127,46.78538],[7.1804,46.77035],[7.17617,46.76422],[7.16182,46.76627],[7.14387,46.77056],[7.13025,46.76261],[7.12595,46.77036],[7.12212,46.77393],[7.1221,46.77632],[7.12656,46.78036],[7.13078,46.78694],[7.14156,46.78428],[7.14446,46.78608],[7.14533,46.79026]]]}},{"type":"Feature","properties":{"vogeId":2208,"vogeName":"Matran"},"geometry":{"type":"Polygon","coordinates":[[[7.08349,46.7874],[7.10475,46.79254],[7.10792,46.78702],[7.09142,46.77414],[7.06965,46.7781],[7.08349,46.7874]]]}},{"type":"Feature","properties":{"vogeId":2211,"vogeName":"Neyruz (FR)"},"geometry":{"type":"Polygon","coordinates":[[[7.05846,46.77702],[7.06965,46.7781],[7.09142,46.77414],[7.08741,46.7695],[7.0604,46.75509],[7.04717,46.75743],[7.04352,46.76607],[7.05846,46.77702]]]}},{"type":"Feature","properties":{"vogeId":2216,"vogeName":"Pierrafortscha"},"geometry":{"type":"Polygon","coordinates":[[[7.16127,46.78538],[7.16617,46.79285],[7.1758,46.79392],[7.19599,46.79143],[7.20008,46.7783],[7.18491,46.76409],[7.17617,46.76422],[7.1804,46.77035],[7.16127,46.78538]]]}},{"type":"Feature","properties":{"vogeId":2217,"vogeName":"Ponthaux"},"geometry":{"type":"Polygon","coordinates":[[[7.04687,46.82907],[7.06802,46.82003],[7.06223,46.81419],[7.06631,46.80779],[7.03762,46.8059],[7.02657,46.81422],[7.02341,46.81779],[7.04687,46.82907]]]}},{"type":"Feature","properties":{"vogeId":2220,"vogeName":"Le Mouret"},"geometry":{"type":"Polygon","coordinates":[[[7.21624,46.71729],[7.20575,46.7104],[7.20107,46.70756],[7.19616,46.70412],[7.19259,46.70082],[7.1762,46.71318],[7.17122,46.72361],[7.16517,46.72539],[7.14964,46.73938],[7.15343,46.74312],[7.17201,46.74376],[7.16793,46.7539],[7.16724,46.75718],[7.1901,46.75574],[7.19414,46.75336],[7.1964,46.75038],[7.21974,46.73774],[7.21624,46.71729]]]}},{"type":"Feature","properties":{"vogeId":2226,"vogeName":"Treyvaux"},"geometry":{"type":"Polygon","coordinates":[[[7.14964,46.73938],[7.16517,46.72539],[7.17122,46.72361],[7.1762,46.71318],[7.19259,46.70082],[7.18431,46.70021],[7.15582,46.71417],[7.12851,46.71529],[7.11393,46.72048],[7.11368,46.72346],[7.10941,46.72614],[7.11567,46.72899],[7.11161,46.73256],[7.11338,46.7363],[7.13464,46.73934],[7.14964,46.73938]]]}},{"type":"Feature","properties":{"vogeId":2228,"vogeName":"Villars-sur-Gl\u00e2ne"},"geometry":{"type":"Polygon","coordinates":[[[7.11432,46.80301],[7.13738,46.80875],[7.13829,46.80651],[7.14034,46.80189],[7.14533,46.79026],[7.14446,46.78608],[7.14156,46.78428],[7.13078,46.78694],[7.10792,46.78702],[7.10475,46.79254],[7.11432,46.80301]]]}},{"type":"Feature","properties":{"vogeId":2230,"vogeName":"Villarsel-sur-Marly"},"geometry":{"type":"Polygon","coordinates":[[[7.16182,46.76627],[7.17617,46.76422],[7.18491,46.76409],[7.1901,46.75574],[7.16724,46.75718],[7.16182,46.76627]]]}},{"type":"Feature","properties":{"vogeId":2233,"vogeName":"Hauterive (FR)"},"geometry":{"type":"Polygon","coordinates":[[[7.09805,46.75282],[7.0898,46.74682],[7.06967,46.74333],[7.05886,46.75225],[7.0604,46.75509],[7.08741,46.7695],[7.09142,46.77414],[7.10792,46.78702],[7.13078,46.78694],[7.12656,46.78036],[7.1221,46.77632],[7.12212,46.77393],[7.12595,46.77036],[7.11946,46.769],[7.11904,46.76362],[7.11345,46.76227],[7.11661,46.7581],[7.10923,46.75673],[7.10092,46.75924],[7.09601,46.75609],[7.09805,46.75282]]]}},{"type":"Feature","properties":{"vogeId":2234,"vogeName":"La Brillaz"},"geometry":{"type":"Polygon","coordinates":[[[7.03621,46.7853],[7.04455,46.77921],[7.05237,46.78163],[7.05846,46.77702],[7.04352,46.76607],[7.03214,46.76066],[7.0225,46.76167],[7.01538,46.75478],[7.00308,46.75234],[6.98025,46.75091],[6.97842,46.75449],[6.97951,46.75822],[7.00292,46.7719],[7.00852,46.77192],[7.01542,46.77851],[7.03355,46.78096],[7.03621,46.7853]]]}},{"type":"Feature","properties":{"vogeId":2235,"vogeName":"La Sonnaz"},"geometry":{"type":"Polygon","coordinates":[[[7.11157,46.84987],[7.12982,46.83693],[7.14591,46.84832],[7.14507,46.83772],[7.12988,46.82738],[7.12452,46.82334],[7.12005,46.82019],[7.09484,46.8343],[7.09725,46.84371],[7.10307,46.84581],[7.11157,46.84987]]]}},{"type":"Feature","properties":{"vogeId":2236,"vogeName":"Gibloux"},"geometry":{"type":"Polygon","coordinates":[[[7.05642,46.74806],[7.05886,46.75225],[7.06967,46.74333],[7.0898,46.74682],[7.09805,46.75282],[7.10544,46.75254],[7.11443,46.74809],[7.11155,46.74286],[7.10732,46.73941],[7.11338,46.7363],[7.11161,46.73256],[7.11567,46.72899],[7.10941,46.72614],[7.11368,46.72346],[7.11393,46.72048],[7.11014,46.71793],[7.10545,46.71612],[7.1039,46.71269],[7.10189,46.71149],[7.09876,46.71178],[7.09676,46.70923],[7.08984,46.70727],[7.08467,46.70935],[7.07821,46.70589],[7.06686,46.6966],[7.06444,46.69048],[7.04743,46.69072],[7.04589,46.68758],[7.04233,46.68518],[7.04054,46.68442],[7.02706,46.69214],[7.01802,46.7033],[7.01555,46.70478],[7.01041,46.70387],[7.00497,46.71265],[7.01029,46.71954],[7.00665,46.72669],[7.00663,46.72818],[7.03797,46.72994],[7.05292,46.73626],[7.05642,46.74806]]]}},{"type":"Feature","properties":{"vogeId":2237,"vogeName":"Prez"},"geometry":{"type":"Polygon","coordinates":[[[7.02657,46.81422],[7.03762,46.8059],[7.06631,46.80779],[7.06727,46.79809],[7.04915,46.79385],[7.03794,46.79352],[7.03621,46.7853],[7.03355,46.78096],[7.01542,46.77851],[7.00852,46.77192],[7.00292,46.7719],[6.97951,46.75822],[6.97498,46.76432],[6.98003,46.77628],[6.99072,46.78468],[6.99404,46.78977],[7.01214,46.79566],[7.00963,46.80117],[7.0156,46.81299],[7.02657,46.81422]]]}},{"type":"Feature","properties":{"vogeId":2238,"vogeName":"Bois-d'Amont"},"geometry":{"type":"Polygon","coordinates":[[[7.15343,46.74312],[7.14964,46.73938],[7.13464,46.73934],[7.11338,46.7363],[7.10732,46.73941],[7.11155,46.74286],[7.11443,46.74809],[7.10544,46.75254],[7.09805,46.75282],[7.09601,46.75609],[7.10092,46.75924],[7.10923,46.75673],[7.11661,46.7581],[7.11345,46.76227],[7.11904,46.76362],[7.11946,46.769],[7.12595,46.77036],[7.13025,46.76261],[7.14387,46.77056],[7.16182,46.76627],[7.16724,46.75718],[7.16793,46.7539],[7.15274,46.74595],[7.15343,46.74312]]]}},{"type":"Feature","properties":{"vogeId":2250,"vogeName":"Courgevaux"},"geometry":{"type":"Polygon","coordinates":[[[7.09951,46.91132],[7.11478,46.9139],[7.11866,46.90242],[7.09337,46.88862],[7.08998,46.89234],[7.10116,46.90013],[7.09148,46.90369],[7.0901,46.90771],[7.09951,46.91132]]]}},{"type":"Feature","properties":{"vogeId":2254,"vogeName":"Courtepin"},"geometry":{"type":"Polygon","coordinates":[[[7.18794,46.88215],[7.18596,46.87468],[7.17812,46.87034],[7.17612,46.86556],[7.17008,46.86241],[7.16787,46.85584],[7.15981,46.85149],[7.14591,46.84832],[7.12982,46.83693],[7.11157,46.84987],[7.11582,46.85197],[7.10653,46.86731],[7.09324,46.87474],[7.06679,46.86868],[7.06177,46.87971],[7.07446,46.89527],[7.08322,46.89605],[7.08998,46.89234],[7.09337,46.88862],[7.0997,46.88252],[7.11541,46.88391],[7.1228,46.88617],[7.1269,46.87677],[7.14038,46.87472],[7.13951,46.86979],[7.14178,46.86532],[7.1445,46.8604],[7.16242,46.86687],[7.16282,46.87612],[7.18165,46.88378],[7.18794,46.88215]]]}},{"type":"Feature","properties":{"vogeId":2257,"vogeName":"Cressier (FR)"},"geometry":{"type":"Polygon","coordinates":[[[7.1384,46.90845],[7.15617,46.90357],[7.16091,46.89835],[7.15352,46.8949],[7.1228,46.88617],[7.11541,46.88391],[7.12384,46.90124],[7.1384,46.90845]]]}},{"type":"Feature","properties":{"vogeId":2258,"vogeName":"Fr\u00e4schels"},"geometry":{"type":"Polygon","coordinates":[[[7.18718,46.99721],[7.19976,47.00172],[7.21527,47.00444],[7.22274,46.99385],[7.20971,46.98935],[7.18718,46.99721]]]}},{"type":"Feature","properties":{"vogeId":2261,"vogeName":"Greng"},"geometry":{"type":"Polygon","coordinates":[[[7.08445,46.91292],[7.08981,46.91771],[7.08844,46.92129],[7.09001,46.92249],[7.09406,46.92071],[7.09951,46.91132],[7.0901,46.90771],[7.08445,46.91292]]]}},{"type":"Feature","properties":{"vogeId":2262,"vogeName":"Gurmels"},"geometry":{"type":"MultiPolygon","coordinates":[[[[7.1228,46.88617],[7.15352,46.8949],[7.16091,46.89835],[7.17618,46.89958],[7.18532,46.91378],[7.17205,46.91808],[7.18795,46.92782],[7.20506,46.92159],[7.2033,46.91263],[7.18763,46.90036],[7.1955,46.89903],[7.19039,46.88648],[7.1931,46.88335],[7.18794,46.88215],[7.18165,46.88378],[7.16282,46.87612],[7.16242,46.86687],[7.1445,46.8604],[7.14178,46.86532],[7.13951,46.86979],[7.14038,46.87472],[7.1269,46.87677],[7.1228,46.88617]]],[[[7.23423,46.93164],[7.23424,46.9294],[7.21875,46.92445],[7.21649,46.92773],[7.2176,46.93236],[7.23015,46.93999],[7.23511,46.93791],[7.23423,46.93164]]]]}},{"type":"Feature","properties":{"vogeId":2265,"vogeName":"Kerzers"},"geometry":{"type":"Polygon","coordinates":[[[7.17864,46.99406],[7.18718,46.99721],[7.20971,46.98935],[7.22274,46.99385],[7.22928,46.99058],[7.23067,46.98059],[7.2226,46.9746],[7.19408,46.9638],[7.18057,46.9672],[7.16,46.9873],[7.171,46.99136],[7.17864,46.99406]]]}},{"type":"Feature","properties":{"vogeId":2266,"vogeName":"Kleinb\u00f6singen"},"geometry":{"type":"Polygon","coordinates":[[[7.1955,46.89903],[7.21752,46.89743],[7.20275,46.88502],[7.20074,46.88158],[7.1931,46.88335],[7.19039,46.88648],[7.1955,46.89903]]]}},{"type":"Feature","properties":{"vogeId":2271,"vogeName":"Meyriez"},"geometry":{"type":"Polygon","coordinates":[[[7.1008,46.92162],[7.1102,46.92747],[7.11428,46.92151],[7.10531,46.91835],[7.1008,46.92162]]]}},{"type":"Feature","properties":{"vogeId":2272,"vogeName":"Misery-Courtion"},"geometry":{"type":"Polygon","coordinates":[[[7.05028,46.8546],[7.05719,46.86104],[7.0583,46.86239],[7.06031,46.86359],[7.06679,46.86868],[7.09324,46.87474],[7.10653,46.86731],[7.11582,46.85197],[7.11157,46.84987],[7.10307,46.84581],[7.09725,46.84371],[7.086,46.8489],[7.07392,46.84229],[7.071,46.84303],[7.05524,46.85029],[7.05028,46.8546]]]}},{"type":"Feature","properties":{"vogeId":2274,"vogeName":"Muntelier"},"geometry":{"type":"Polygon","coordinates":[[[7.13234,46.94664],[7.14199,46.94994],[7.14338,46.94249],[7.12522,46.93363],[7.12049,46.93481],[7.13214,46.94261],[7.13234,46.94664]]]}},{"type":"Feature","properties":{"vogeId":2275,"vogeName":"Murten"},"geometry":{"type":"MultiPolygon","coordinates":[[[[7.11866,46.90242],[7.12384,46.90124],[7.11541,46.88391],[7.0997,46.88252],[7.09337,46.88862],[7.11866,46.90242]]],[[[7.08322,46.89605],[7.09148,46.90369],[7.10116,46.90013],[7.08998,46.89234],[7.08322,46.89605]]],[[[7.16091,46.89835],[7.15617,46.90357],[7.1384,46.90845],[7.1361,46.91695],[7.11478,46.9139],[7.09951,46.91132],[7.09406,46.92071],[7.1008,46.92162],[7.10531,46.91835],[7.11428,46.92151],[7.1102,46.92747],[7.12049,46.93481],[7.12522,46.93363],[7.14338,46.94249],[7.14199,46.94994],[7.13234,46.94664],[7.12194,46.95646],[7.15106,46.97698],[7.14652,46.98488],[7.15371,46.98624],[7.17522,46.95838],[7.16961,46.95509],[7.17391,46.95077],[7.18877,46.94543],[7.19505,46.94858],[7.20786,46.94905],[7.20386,46.93845],[7.18791,46.93737],[7.18795,46.92782],[7.17205,46.91808],[7.18532,46.91378],[7.17618,46.89958],[7.16091,46.89835]]]]}},{"type":"Feature","properties":{"vogeId":2276,"vogeName":"Ried bei Kerzers"},"geometry":{"type":"Polygon","coordinates":[[[7.20219,46.96128],[7.20786,46.94905],[7.19505,46.94858],[7.18877,46.94543],[7.17391,46.95077],[7.16961,46.95509],[7.17522,46.95838],[7.15371,46.98624],[7.16,46.9873],[7.18057,46.9672],[7.19408,46.9638],[7.19387,46.96111],[7.20219,46.96128]]]}},{"type":"Feature","properties":{"vogeId":2278,"vogeName":"Ulmiz"},"geometry":{"type":"Polygon","coordinates":[[[7.20386,46.93845],[7.2111,46.92712],[7.20506,46.92159],[7.18795,46.92782],[7.18791,46.93737],[7.20386,46.93845]]]}},{"type":"Feature","properties":{"vogeId":2284,"vogeName":"Mont-Vully"},"geometry":{"type":"Polygon","coordinates":[[[7.0388,46.97918],[7.04893,46.97862],[7.08179,46.97514],[7.08875,46.97681],[7.09371,46.97622],[7.13798,46.98351],[7.14652,46.98488],[7.15106,46.97698],[7.12194,46.95646],[7.11271,46.95763],[7.09409,46.951],[7.06359,46.94121],[7.05969,46.95179],[7.06091,46.96926],[7.03905,46.9756],[7.0388,46.97918]]]}},{"type":"Feature","properties":{"vogeId":2292,"vogeName":"Br\u00fcnisried"},"geometry":{"type":"Polygon","coordinates":[[[7.26891,46.76902],[7.27115,46.76858],[7.292,46.76383],[7.28328,46.75651],[7.28554,46.74979],[7.27772,46.7459],[7.26404,46.7517],[7.26891,46.76902]]]}},{"type":"Feature","properties":{"vogeId":2293,"vogeName":"D\u00fcdingen"},"geometry":{"type":"Polygon","coordinates":[[[7.18794,46.88215],[7.1931,46.88335],[7.20074,46.88158],[7.22279,46.87028],[7.22111,46.84132],[7.23216,46.82866],[7.18133,46.8093],[7.17186,46.81988],[7.16914,46.82569],[7.15588,46.83073],[7.14869,46.8337],[7.14507,46.83772],[7.14591,46.84832],[7.15981,46.85149],[7.16787,46.85584],[7.17008,46.86241],[7.17612,46.86556],[7.17812,46.87034],[7.18596,46.87468],[7.18794,46.88215]]]}},{"type":"Feature","properties":{"vogeId":2294,"vogeName":"Giffers"},"geometry":{"type":"Polygon","coordinates":[[[7.20197,46.75666],[7.20482,46.7695],[7.22141,46.76879],[7.25037,46.75108],[7.25105,46.75079],[7.24389,46.74779],[7.23856,46.73703],[7.22484,46.75119],[7.20197,46.75666]]]}},{"type":"Feature","properties":{"vogeId":2295,"vogeName":"B\u00f6singen"},"geometry":{"type":"Polygon","coordinates":[[[7.23052,46.90387],[7.23975,46.89807],[7.25682,46.89825],[7.2811,46.88948],[7.26023,46.88572],[7.24997,46.86645],[7.22279,46.87028],[7.20074,46.88158],[7.20275,46.88502],[7.21752,46.89743],[7.22379,46.90252],[7.23052,46.90387]]]}},{"type":"Feature","properties":{"vogeId":2296,"vogeName":"Heitenried"},"geometry":{"type":"Polygon","coordinates":[[[7.28996,46.85293],[7.30208,46.85205],[7.32972,46.83506],[7.31987,46.8252],[7.29342,46.8198],[7.27787,46.8441],[7.28996,46.85293]]]}},{"type":"Feature","properties":{"vogeId":2299,"vogeName":"Plaffeien"},"geometry":{"type":"Polygon","coordinates":[[[7.37657,46.67496],[7.37748,46.65615],[7.3529,46.64688],[7.34551,46.65523],[7.33031,46.65522],[7.32966,46.64164],[7.31336,46.6367],[7.30307,46.64071],[7.31668,46.65028],[7.29382,46.66921],[7.27842,46.66098],[7.25962,46.66558],[7.25401,46.67139],[7.27291,46.70575],[7.26729,46.71469],[7.25105,46.75079],[7.25037,46.75108],[7.26404,46.7517],[7.27772,46.7459],[7.28554,46.74979],[7.28328,46.75651],[7.292,46.76383],[7.2958,46.76548],[7.30414,46.74907],[7.29995,46.7225],[7.34967,46.7121],[7.34588,46.69896],[7.34969,46.69792],[7.38035,46.69018],[7.37657,46.67496]]]}},{"type":"Feature","properties":{"vogeId":2300,"vogeName":"Plasselb"},"geometry":{"type":"Polygon","coordinates":[[[7.23856,46.73703],[7.24389,46.74779],[7.25105,46.75079],[7.26729,46.71469],[7.27291,46.70575],[7.25401,46.67139],[7.24572,46.6757],[7.25104,46.68974],[7.23709,46.71032],[7.22278,46.70507],[7.21678,46.69565],[7.19259,46.70082],[7.19616,46.70412],[7.20107,46.70756],[7.20575,46.7104],[7.21624,46.71729],[7.22989,46.71911],[7.23856,46.73703]]]}},{"type":"Feature","properties":{"vogeId":2301,"vogeName":"Rechthalten"},"geometry":{"type":"Polygon","coordinates":[[[7.22274,46.77103],[7.24133,46.77525],[7.26891,46.76902],[7.26404,46.7517],[7.25037,46.75108],[7.22141,46.76879],[7.22274,46.77103]]]}},{"type":"Feature","properties":{"vogeId":2303,"vogeName":"St. Silvester"},"geometry":{"type":"Polygon","coordinates":[[[7.19414,46.75336],[7.20197,46.75666],[7.22484,46.75119],[7.23856,46.73703],[7.22989,46.71911],[7.21624,46.71729],[7.21974,46.73774],[7.1964,46.75038],[7.19414,46.75336]]]}},{"type":"Feature","properties":{"vogeId":2304,"vogeName":"St. Ursen"},"geometry":{"type":"Polygon","coordinates":[[[7.18181,46.80318],[7.21521,46.804],[7.22715,46.79029],[7.26234,46.7908],[7.27358,46.78037],[7.27115,46.76858],[7.26891,46.76902],[7.24133,46.77525],[7.22274,46.77103],[7.20008,46.7783],[7.19599,46.79143],[7.1758,46.79392],[7.18181,46.80318]]]}},{"type":"Feature","properties":{"vogeId":2305,"vogeName":"Schmitten (FR)"},"geometry":{"type":"Polygon","coordinates":[[[7.22279,46.87028],[7.24997,46.86645],[7.28098,46.85545],[7.26954,46.85141],[7.25459,46.829],[7.23216,46.82866],[7.22111,46.84132],[7.22279,46.87028]]]}},{"type":"Feature","properties":{"vogeId":2306,"vogeName":"Tafers"},"geometry":{"type":"Polygon","coordinates":[[[7.30359,46.78877],[7.29063,46.77189],[7.2958,46.76548],[7.292,46.76383],[7.27115,46.76858],[7.27358,46.78037],[7.26234,46.7908],[7.22715,46.79029],[7.21521,46.804],[7.18181,46.80318],[7.18157,46.80542],[7.18133,46.8093],[7.23216,46.82866],[7.25459,46.829],[7.26954,46.85141],[7.28098,46.85545],[7.28659,46.85427],[7.28996,46.85293],[7.27787,46.8441],[7.29342,46.8198],[7.31987,46.8252],[7.31989,46.81505],[7.30245,46.79369],[7.30359,46.78877]]]}},{"type":"Feature","properties":{"vogeId":2307,"vogeName":"Tentlingen"},"geometry":{"type":"Polygon","coordinates":[[[7.20008,46.7783],[7.22274,46.77103],[7.22141,46.76879],[7.20482,46.7695],[7.20197,46.75666],[7.19414,46.75336],[7.1901,46.75574],[7.18491,46.76409],[7.20008,46.7783]]]}},{"type":"Feature","properties":{"vogeId":2308,"vogeName":"Ueberstorf"},"geometry":{"type":"Polygon","coordinates":[[[7.34196,46.88791],[7.35341,46.88911],[7.35477,46.88344],[7.35929,46.86315],[7.33822,46.84955],[7.31642,46.86251],[7.30208,46.85205],[7.28996,46.85293],[7.28659,46.85427],[7.30268,46.88205],[7.34196,46.88791]]]}},{"type":"Feature","properties":{"vogeId":2309,"vogeName":"W\u00fcnnewil-Flamatt"},"geometry":{"type":"Polygon","coordinates":[[[7.2811,46.88948],[7.33499,46.89477],[7.34196,46.88791],[7.30268,46.88205],[7.28659,46.85427],[7.28098,46.85545],[7.24997,46.86645],[7.26023,46.88572],[7.2811,46.88948]]]}},{"type":"Feature","properties":{"vogeId":2321,"vogeName":"Attalens"},"geometry":{"type":"Polygon","coordinates":[[[6.86076,46.53037],[6.86322,46.52964],[6.86607,46.53443],[6.86471,46.53636],[6.8669,46.54055],[6.87496,46.53761],[6.87314,46.51984],[6.88169,46.51257],[6.85826,46.49319],[6.84822,46.49374],[6.83984,46.50593],[6.83272,46.505],[6.83018,46.51245],[6.84081,46.51892],[6.86044,46.51888],[6.86076,46.53037]]]}},{"type":"Feature","properties":{"vogeId":2323,"vogeName":"Bossonnens"},"geometry":{"type":"Polygon","coordinates":[[[6.83213,46.53768],[6.85083,46.54122],[6.85552,46.54094],[6.85646,46.53632],[6.85959,46.53574],[6.8583,46.53155],[6.86076,46.53037],[6.86044,46.51888],[6.84081,46.51892],[6.83213,46.53768]]]}},{"type":"Feature","properties":{"vogeId":2325,"vogeName":"Ch\u00e2tel-Saint-Denis"},"geometry":{"type":"Polygon","coordinates":[[[6.89416,46.55874],[6.90239,46.56132],[6.93077,46.55862],[6.96213,46.54547],[6.98755,46.54751],[6.99346,46.5347],[7.00105,46.53413],[7.00052,46.51697],[7.00663,46.5052],[6.9944,46.50127],[6.99225,46.49201],[6.98482,46.47452],[6.9682,46.48878],[6.96572,46.49235],[6.96168,46.49592],[6.96476,46.50011],[6.95917,46.50143],[6.95292,46.50304],[6.93413,46.50908],[6.91157,46.51316],[6.90406,46.50625],[6.89579,46.50771],[6.89768,46.51981],[6.8885,46.5226],[6.89686,46.55637],[6.89416,46.55874]]]}},{"type":"Feature","properties":{"vogeId":2328,"vogeName":"Granges (Veveyse)"},"geometry":{"type":"Polygon","coordinates":[[[6.83213,46.53768],[6.84081,46.51892],[6.83018,46.51245],[6.82439,46.51212],[6.81241,46.52593],[6.82383,46.54107],[6.83213,46.53768]]]}},{"type":"Feature","properties":{"vogeId":2333,"vogeName":"Remaufens"},"geometry":{"type":"Polygon","coordinates":[[[6.89416,46.55874],[6.89686,46.55637],[6.8885,46.5226],[6.88169,46.51257],[6.87314,46.51984],[6.87496,46.53761],[6.8669,46.54055],[6.86845,46.5416],[6.88726,46.55692],[6.89194,46.55769],[6.89416,46.55874]]]}},{"type":"Feature","properties":{"vogeId":2335,"vogeName":"Saint-Martin (FR)"},"geometry":{"type":"Polygon","coordinates":[[[6.88927,46.60051],[6.90452,46.59447],[6.9097,46.59001],[6.89729,46.58025],[6.90384,46.57327],[6.89806,46.57055],[6.88631,46.56289],[6.87173,46.56968],[6.86518,46.57621],[6.86382,46.57815],[6.85262,46.58197],[6.86792,46.5922],[6.88282,46.59779],[6.88927,46.60051]]]}},{"type":"Feature","properties":{"vogeId":2336,"vogeName":"Semsales"},"geometry":{"type":"Polygon","coordinates":[[[6.95181,46.60154],[6.96272,46.60472],[6.97565,46.58209],[6.99741,46.57039],[6.98191,46.5551],[7.01077,46.54581],[7.00105,46.53413],[6.99346,46.5347],[6.98755,46.54751],[6.96213,46.54547],[6.93077,46.55862],[6.90239,46.56132],[6.89806,46.57055],[6.90384,46.57327],[6.92334,46.58858],[6.92692,46.58725],[6.93185,46.58564],[6.93654,46.58566],[6.94562,46.59465],[6.95181,46.60154]]]}},{"type":"Feature","properties":{"vogeId":2337,"vogeName":"Le Flon"},"geometry":{"type":"Polygon","coordinates":[[[6.88835,46.62543],[6.89708,46.62338],[6.90722,46.61507],[6.8919,46.6059],[6.88927,46.60051],[6.88282,46.59779],[6.86792,46.5922],[6.85262,46.58197],[6.84235,46.58207],[6.84708,46.59791],[6.84973,46.60136],[6.8542,46.60093],[6.87286,46.61103],[6.88099,46.62405],[6.88432,46.62631],[6.88835,46.62543]]]}},{"type":"Feature","properties":{"vogeId":2338,"vogeName":"La Verrerie"},"geometry":{"type":"Polygon","coordinates":[[[6.94183,46.61717],[6.94907,46.6072],[6.95181,46.60154],[6.94562,46.59465],[6.93654,46.58566],[6.93185,46.58564],[6.92692,46.58725],[6.92334,46.58858],[6.90384,46.57327],[6.89729,46.58025],[6.9097,46.59001],[6.90452,46.59447],[6.88927,46.60051],[6.8919,46.6059],[6.90722,46.61507],[6.92015,46.61842],[6.94183,46.61717]]]}},{"type":"Feature","properties":{"vogeId":2401,"vogeName":"Egerkingen"},"geometry":{"type":"Polygon","coordinates":[[[7.7877,47.33827],[7.79337,47.33959],[7.80515,47.3397],[7.81772,47.32429],[7.81952,47.3222],[7.80203,47.3139],[7.78551,47.31395],[7.77474,47.32995],[7.7877,47.33827]]]}},{"type":"Feature","properties":{"vogeId":2402,"vogeName":"H\u00e4rkingen"},"geometry":{"type":"Polygon","coordinates":[[[7.80203,47.3139],[7.81952,47.3222],[7.84059,47.29452],[7.82243,47.28622],[7.80203,47.3139]]]}},{"type":"Feature","properties":{"vogeId":2403,"vogeName":"Kestenholz"},"geometry":{"type":"Polygon","coordinates":[[[7.75235,47.29554],[7.75757,47.29702],[7.77643,47.27458],[7.76781,47.27013],[7.75688,47.25807],[7.73835,47.25991],[7.73417,47.28066],[7.75235,47.29554]]]}},{"type":"Feature","properties":{"vogeId":2404,"vogeName":"Neuendorf"},"geometry":{"type":"Polygon","coordinates":[[[7.78551,47.31395],[7.80203,47.3139],[7.82243,47.28622],[7.81424,47.27998],[7.80023,47.28152],[7.78134,47.29934],[7.78551,47.31395]]]}},{"type":"Feature","properties":{"vogeId":2405,"vogeName":"Niederbuchsiten"},"geometry":{"type":"Polygon","coordinates":[[[7.75757,47.29702],[7.78134,47.29934],[7.80023,47.28152],[7.77643,47.27458],[7.75757,47.29702]]]}},{"type":"Feature","properties":{"vogeId":2406,"vogeName":"Oberbuchsiten"},"geometry":{"type":"Polygon","coordinates":[[[7.74548,47.32063],[7.77474,47.32995],[7.78551,47.31395],[7.78134,47.29934],[7.75757,47.29702],[7.75235,47.29554],[7.7298,47.30888],[7.74548,47.32063]]]}},{"type":"Feature","properties":{"vogeId":2407,"vogeName":"Oensingen"},"geometry":{"type":"Polygon","coordinates":[[[7.7298,47.30888],[7.75235,47.29554],[7.73417,47.28066],[7.73835,47.25991],[7.68492,47.29391],[7.7298,47.30888]]]}},{"type":"Feature","properties":{"vogeId":2408,"vogeName":"Wolfwil"},"geometry":{"type":"Polygon","coordinates":[[[7.80023,47.28152],[7.81424,47.27998],[7.8284,47.2665],[7.82522,47.26562],[7.81456,47.26133],[7.80577,47.26449],[7.80556,47.26688],[7.80353,47.26853],[7.79968,47.26734],[7.78536,47.25649],[7.76781,47.27013],[7.77643,47.27458],[7.80023,47.28152]]]}},{"type":"Feature","properties":{"vogeId":2421,"vogeName":"Aedermannsdorf"},"geometry":{"type":"Polygon","coordinates":[[[7.57142,47.32976],[7.57731,47.33289],[7.58137,47.32662],[7.60765,47.33225],[7.61934,47.30642],[7.61292,47.28106],[7.60704,47.28017],[7.59597,47.2869],[7.59918,47.30078],[7.57273,47.31081],[7.56301,47.31828],[7.56371,47.3232],[7.57142,47.32976]]]}},{"type":"Feature","properties":{"vogeId":2422,"vogeName":"Balsthal"},"geometry":{"type":"Polygon","coordinates":[[[7.67582,47.33512],[7.70861,47.32564],[7.72316,47.3368],[7.74548,47.32063],[7.7298,47.30888],[7.68492,47.29391],[7.67472,47.29095],[7.67582,47.33512]]]}},{"type":"Feature","properties":{"vogeId":2424,"vogeName":"Herbetswil"},"geometry":{"type":"Polygon","coordinates":[[[7.56301,47.31828],[7.57273,47.31081],[7.59918,47.30078],[7.59597,47.2869],[7.60704,47.28017],[7.58011,47.27633],[7.56879,47.27321],[7.55929,47.27217],[7.54689,47.29263],[7.51815,47.28773],[7.51454,47.29251],[7.53921,47.29786],[7.56301,47.31828]]]}},{"type":"Feature","properties":{"vogeId":2425,"vogeName":"Holderbank (SO)"},"geometry":{"type":"Polygon","coordinates":[[[7.75151,47.34434],[7.7877,47.33827],[7.77474,47.32995],[7.74548,47.32063],[7.72316,47.3368],[7.75151,47.34434]]]}},{"type":"Feature","properties":{"vogeId":2426,"vogeName":"Laupersdorf"},"geometry":{"type":"Polygon","coordinates":[[[7.62419,47.33461],[7.67582,47.33512],[7.67472,47.29095],[7.6609,47.2868],[7.65116,47.28293],[7.62419,47.33461]]]}},{"type":"Feature","properties":{"vogeId":2427,"vogeName":"Matzendorf"},"geometry":{"type":"Polygon","coordinates":[[[7.60765,47.33225],[7.62419,47.33461],[7.65116,47.28293],[7.64957,47.28234],[7.61292,47.28106],[7.61934,47.30642],[7.60765,47.33225]]]}},{"type":"Feature","properties":{"vogeId":2428,"vogeName":"M\u00fcmliswil-Ramiswil"},"geometry":{"type":"Polygon","coordinates":[[[7.68754,47.37121],[7.70046,47.37237],[7.72898,47.36693],[7.75151,47.34434],[7.72316,47.3368],[7.70861,47.32564],[7.67582,47.33512],[7.62419,47.33461],[7.60765,47.33225],[7.58137,47.32662],[7.57731,47.33289],[7.63762,47.35399],[7.64424,47.36726],[7.68754,47.37121]]]}},{"type":"Feature","properties":{"vogeId":2430,"vogeName":"Welschenrohr-G\u00e4nsbrunnen"},"geometry":{"type":"Polygon","coordinates":[[[7.49462,47.28819],[7.51454,47.29251],[7.51815,47.28773],[7.54689,47.29263],[7.55929,47.27217],[7.53033,47.26981],[7.51879,47.26027],[7.51607,47.25759],[7.50272,47.25371],[7.45298,47.25164],[7.42088,47.24283],[7.41636,47.25209],[7.42947,47.25731],[7.44575,47.26313],[7.46588,47.26477],[7.4781,47.2785],[7.48263,47.28506],[7.49462,47.28819]]]}},{"type":"Feature","properties":{"vogeId":2445,"vogeName":"Biezwil"},"geometry":{"type":"Polygon","coordinates":[[[7.40559,47.11837],[7.42769,47.12345],[7.43739,47.10897],[7.40966,47.10106],[7.40559,47.11837]]]}},{"type":"Feature","properties":{"vogeId":2455,"vogeName":"L\u00fcterkofen-Ichertswil"},"geometry":{"type":"Polygon","coordinates":[[[7.51053,47.17506],[7.52293,47.16088],[7.5218,47.15864],[7.49809,47.15328],[7.49222,47.15209],[7.47981,47.15538],[7.49563,47.17164],[7.50873,47.17536],[7.51053,47.17506]]]}},{"type":"Feature","properties":{"vogeId":2456,"vogeName":"L\u00fcterswil-G\u00e4chliwil"},"geometry":{"type":"Polygon","coordinates":[[[7.45317,47.11479],[7.44821,47.11285],[7.43739,47.10897],[7.42769,47.12345],[7.44009,47.12375],[7.43581,47.12882],[7.44325,47.13151],[7.4507,47.13091],[7.45566,47.12598],[7.45317,47.11479]]]}},{"type":"Feature","properties":{"vogeId":2457,"vogeName":"Messen"},"geometry":{"type":"Polygon","coordinates":[[[7.43739,47.10897],[7.44821,47.11285],[7.45317,47.11479],[7.46941,47.12016],[7.47482,47.1121],[7.46106,47.10822],[7.46737,47.09509],[7.47345,47.08957],[7.47052,47.08285],[7.46624,47.07867],[7.45452,47.07614],[7.44325,47.0745],[7.43514,47.08151],[7.43378,47.10047],[7.4153,47.09643],[7.41214,47.09554],[7.40966,47.10106],[7.43739,47.10897]]]}},{"type":"Feature","properties":{"vogeId":2461,"vogeName":"Schnottwil"},"geometry":{"type":"Polygon","coordinates":[[[7.3713,47.12253],[7.38664,47.12597],[7.40559,47.11837],[7.40966,47.10106],[7.41214,47.09554],[7.38216,47.09568],[7.3713,47.12253]]]}},{"type":"Feature","properties":{"vogeId":2463,"vogeName":"Unterramsern"},"geometry":{"type":"Polygon","coordinates":[[[7.49219,47.11702],[7.47978,47.11344],[7.47482,47.1121],[7.46941,47.12016],[7.48317,47.12434],[7.48588,47.12523],[7.49219,47.11702]]]}},{"type":"Feature","properties":{"vogeId":2464,"vogeName":"L\u00fcsslingen-Nennigkofen"},"geometry":{"type":"Polygon","coordinates":[[[7.48482,47.20224],[7.48889,47.20462],[7.49273,47.20477],[7.49769,47.20253],[7.50401,47.19641],[7.51079,47.19581],[7.51483,47.17909],[7.51053,47.17506],[7.50873,47.17536],[7.49563,47.17164],[7.47938,47.17359],[7.47578,47.19075],[7.48165,47.19209],[7.48481,47.19328],[7.48526,47.19537],[7.48346,47.19895],[7.48482,47.20224]]]}},{"type":"Feature","properties":{"vogeId":2465,"vogeName":"Buchegg"},"geometry":{"type":"Polygon","coordinates":[[[7.46941,47.12016],[7.45317,47.11479],[7.45566,47.12598],[7.4507,47.13091],[7.44325,47.13151],[7.43581,47.12882],[7.42182,47.13583],[7.42656,47.14106],[7.44122,47.14598],[7.43987,47.15046],[7.45454,47.15628],[7.47169,47.1524],[7.47981,47.15538],[7.49222,47.15209],[7.49809,47.15328],[7.5218,47.15864],[7.52968,47.15087],[7.51499,47.13536],[7.5046,47.12283],[7.49219,47.11702],[7.48588,47.12523],[7.48317,47.12434],[7.46941,47.12016]]]}},{"type":"Feature","properties":{"vogeId":2471,"vogeName":"B\u00e4ttwil"},"geometry":{"type":"Polygon","coordinates":[[[7.51052,47.50247],[7.51937,47.49694],[7.51458,47.48337],[7.49665,47.49024],[7.50119,47.49546],[7.51052,47.50247]]]}},{"type":"Feature","properties":{"vogeId":2472,"vogeName":"B\u00fcren (SO)"},"geometry":{"type":"Polygon","coordinates":[[[7.67027,47.46525],[7.67686,47.46643],[7.6911,47.45282],[7.68426,47.44747],[7.68218,47.43897],[7.68463,47.42866],[7.67261,47.43033],[7.65159,47.44723],[7.67027,47.46525]]]}},{"type":"Feature","properties":{"vogeId":2473,"vogeName":"Dornach"},"geometry":{"type":"Polygon","coordinates":[[[7.60747,47.48819],[7.60724,47.48939],[7.64105,47.48262],[7.64305,47.46978],[7.62623,47.46295],[7.60174,47.47104],[7.60629,47.47581],[7.60747,47.48819]]]}},{"type":"Feature","properties":{"vogeId":2474,"vogeName":"Gempen"},"geometry":{"type":"Polygon","coordinates":[[[7.65064,47.49454],[7.66609,47.4969],[7.66832,47.4863],[7.6685,47.47555],[7.68256,47.47254],[7.67686,47.46643],[7.67027,47.46525],[7.64305,47.46978],[7.64105,47.48262],[7.65583,47.48737],[7.65064,47.49454]]]}},{"type":"Feature","properties":{"vogeId":2475,"vogeName":"Hochwald"},"geometry":{"type":"Polygon","coordinates":[[[7.64305,47.46978],[7.67027,47.46525],[7.65159,47.44723],[7.625,47.43803],[7.61593,47.43834],[7.62623,47.46295],[7.64305,47.46978]]]}},{"type":"Feature","properties":{"vogeId":2476,"vogeName":"Hofstetten-Fl\u00fch"},"geometry":{"type":"Polygon","coordinates":[[[7.49665,47.49024],[7.51458,47.48337],[7.5291,47.47798],[7.53066,47.46127],[7.49502,47.45935],[7.48686,47.4698],[7.49505,47.48099],[7.48733,47.48219],[7.49665,47.49024]]]}},{"type":"Feature","properties":{"vogeId":2477,"vogeName":"Metzerlen-Mariastein"},"geometry":{"type":"Polygon","coordinates":[[[7.47075,47.4807],[7.48733,47.48219],[7.49505,47.48099],[7.48686,47.4698],[7.49502,47.45935],[7.48435,47.45727],[7.46256,47.45145],[7.45462,47.44922],[7.44577,47.46205],[7.45576,47.47071],[7.47075,47.4807]]]}},{"type":"Feature","properties":{"vogeId":2478,"vogeName":"Nuglar-St. Pantaleon"},"geometry":{"type":"Polygon","coordinates":[[[7.66832,47.4863],[7.6699,47.4854],[7.69986,47.48056],[7.71002,47.46935],[7.6986,47.45564],[7.6911,47.45282],[7.67686,47.46643],[7.68256,47.47254],[7.6685,47.47555],[7.66832,47.4863]]]}},{"type":"Feature","properties":{"vogeId":2479,"vogeName":"Rodersdorf"},"geometry":{"type":"Polygon","coordinates":[[[7.45576,47.47071],[7.43147,47.47966],[7.4208,47.4804],[7.43328,47.49712],[7.46281,47.48727],[7.47075,47.4807],[7.45576,47.47071]]]}},{"type":"Feature","properties":{"vogeId":2480,"vogeName":"Seewen"},"geometry":{"type":"Polygon","coordinates":[[[7.61593,47.43834],[7.625,47.43803],[7.65159,47.44723],[7.67261,47.43033],[7.68463,47.42866],[7.67391,47.41511],[7.663,47.40991],[7.63262,47.41011],[7.59998,47.41583],[7.61591,47.43267],[7.61593,47.43834]]]}},{"type":"Feature","properties":{"vogeId":2481,"vogeName":"Witterswil"},"geometry":{"type":"Polygon","coordinates":[[[7.51937,47.49694],[7.53186,47.49738],[7.53661,47.48499],[7.5291,47.47798],[7.51458,47.48337],[7.51937,47.49694]]]}},{"type":"Feature","properties":{"vogeId":2491,"vogeName":"Hauenstein-Ifenthal"},"geometry":{"type":"Polygon","coordinates":[[[7.87889,47.38362],[7.88025,47.38346],[7.86329,47.35995],[7.84878,47.35955],[7.84561,47.35927],[7.83366,47.36752],[7.83961,47.37421],[7.87889,47.38362]]]}},{"type":"Feature","properties":{"vogeId":2492,"vogeName":"Kienberg"},"geometry":{"type":"Polygon","coordinates":[[[7.95687,47.45522],[7.97461,47.45902],[7.98197,47.4463],[7.98724,47.42867],[7.9827,47.42839],[7.97016,47.42189],[7.96176,47.42192],[7.94677,47.44318],[7.95687,47.45522]]]}},{"type":"Feature","properties":{"vogeId":2493,"vogeName":"Lostorf"},"geometry":{"type":"Polygon","coordinates":[[[7.93668,47.40801],[7.95387,47.40331],[7.95715,47.39061],[7.9704,47.37801],[7.9674,47.37221],[7.93928,47.37084],[7.92849,47.37939],[7.89768,47.38101],[7.8934,47.38446],[7.90962,47.39842],[7.93668,47.40801]]]}},{"type":"Feature","properties":{"vogeId":2495,"vogeName":"Niederg\u00f6sgen"},"geometry":{"type":"Polygon","coordinates":[[[7.98545,47.38734],[8.00078,47.37951],[7.9943,47.36596],[7.98318,47.36497],[7.97142,47.36726],[7.96531,47.36714],[7.9674,47.37221],[7.9704,47.37801],[7.98545,47.38734]]]}},{"type":"Feature","properties":{"vogeId":2497,"vogeName":"Oberg\u00f6sgen"},"geometry":{"type":"Polygon","coordinates":[[[7.93928,47.37084],[7.9674,47.37221],[7.96531,47.36714],[7.96255,47.36387],[7.96589,47.35729],[7.96337,47.35476],[7.95928,47.35374],[7.94687,47.35857],[7.94075,47.3586],[7.93928,47.37084]]]}},{"type":"Feature","properties":{"vogeId":2499,"vogeName":"St\u00fcsslingen"},"geometry":{"type":"Polygon","coordinates":[[[7.98545,47.38734],[7.9704,47.37801],[7.95715,47.39061],[7.95387,47.40331],[7.93668,47.40801],[7.9406,47.41411],[7.95674,47.41881],[7.96936,47.4107],[7.97702,47.40514],[7.98513,47.40018],[7.98545,47.38734]]]}},{"type":"Feature","properties":{"vogeId":2500,"vogeName":"Trimbach"},"geometry":{"type":"Polygon","coordinates":[[[7.88025,47.38346],[7.8934,47.38446],[7.89768,47.38101],[7.90236,47.37189],[7.91865,47.36884],[7.91318,47.36587],[7.90861,47.36097],[7.90653,47.35635],[7.87687,47.35871],[7.86329,47.35995],[7.88025,47.38346]]]}},{"type":"Feature","properties":{"vogeId":2501,"vogeName":"Winznau"},"geometry":{"type":"Polygon","coordinates":[[[7.89768,47.38101],[7.92849,47.37939],[7.93928,47.37084],[7.94075,47.3586],[7.92896,47.3576],[7.92356,47.3615],[7.92225,47.36658],[7.91865,47.36884],[7.90236,47.37189],[7.89768,47.38101]]]}},{"type":"Feature","properties":{"vogeId":2502,"vogeName":"Wisen (SO)"},"geometry":{"type":"Polygon","coordinates":[[[7.87972,47.40167],[7.88861,47.40731],[7.90962,47.39842],[7.8934,47.38446],[7.88025,47.38346],[7.87889,47.38362],[7.86924,47.39544],[7.87972,47.40167]]]}},{"type":"Feature","properties":{"vogeId":2503,"vogeName":"Erlinsbach (SO)"},"geometry":{"type":"Polygon","coordinates":[[[8.02657,47.39565],[8.02745,47.39311],[8.02267,47.39164],[8.02079,47.38568],[8.01714,47.38301],[8.01082,47.38588],[8.00674,47.38605],[8.00356,47.38502],[8.00078,47.37951],[7.98545,47.38734],[7.98513,47.40018],[7.97702,47.40514],[7.96936,47.4107],[7.95674,47.41881],[7.96176,47.42192],[7.97016,47.42189],[8.00698,47.40813],[8.00873,47.40245],[8.01047,47.39498],[8.02657,47.39565]]]}},{"type":"Feature","properties":{"vogeId":2511,"vogeName":"Aeschi (SO)"},"geometry":{"type":"MultiPolygon","coordinates":[[[[7.67958,47.16304],[7.69178,47.1657],[7.70056,47.1618],[7.69036,47.15272],[7.67457,47.1541],[7.67958,47.16304]]],[[[7.65868,47.18667],[7.67109,47.18455],[7.67352,47.17216],[7.6726,47.16843],[7.65294,47.1625],[7.64688,47.17042],[7.64598,47.17177],[7.65868,47.18667]]]]}},{"type":"Feature","properties":{"vogeId":2513,"vogeName":"Biberist"},"geometry":{"type":"Polygon","coordinates":[[[7.5135,47.19655],[7.52389,47.19699],[7.5449,47.20205],[7.57785,47.19157],[7.57782,47.17769],[7.56223,47.17577],[7.55883,47.16816],[7.53896,47.16325],[7.54057,47.18011],[7.52297,47.18849],[7.51935,47.18177],[7.51483,47.17909],[7.51079,47.19581],[7.5135,47.19655]]]}},{"type":"Feature","properties":{"vogeId":2514,"vogeName":"Bolken"},"geometry":{"type":"Polygon","coordinates":[[[7.64586,47.20027],[7.64745,47.20176],[7.66235,47.20098],[7.67451,47.19096],[7.67109,47.18455],[7.65868,47.18667],[7.64586,47.20027]]]}},{"type":"Feature","properties":{"vogeId":2516,"vogeName":"Deitingen"},"geometry":{"type":"Polygon","coordinates":[[[7.58744,47.22767],[7.59422,47.22945],[7.60665,47.22794],[7.61206,47.22435],[7.62066,47.22896],[7.64055,47.22968],[7.6403,47.22192],[7.64884,47.21101],[7.60342,47.20571],[7.60118,47.21317],[7.60099,47.22511],[7.58856,47.22468],[7.58744,47.22767]]]}},{"type":"Feature","properties":{"vogeId":2517,"vogeName":"Derendingen"},"geometry":{"type":"Polygon","coordinates":[[[7.60118,47.21317],[7.60342,47.20571],[7.60541,47.19243],[7.59928,47.18214],[7.58639,47.17454],[7.57782,47.17769],[7.57785,47.19157],[7.5799,47.19664],[7.57901,47.20052],[7.60118,47.21317]]]}},{"type":"Feature","properties":{"vogeId":2518,"vogeName":"Etziken"},"geometry":{"type":"Polygon","coordinates":[[[7.63363,47.18955],[7.64586,47.20027],[7.65868,47.18667],[7.64598,47.17177],[7.639,47.1764],[7.64219,47.1861],[7.63363,47.18955]]]}},{"type":"Feature","properties":{"vogeId":2519,"vogeName":"Gerlafingen"},"geometry":{"type":"Polygon","coordinates":[[[7.57782,47.17769],[7.58639,47.17454],[7.58661,47.17395],[7.57961,47.17231],[7.57485,47.16441],[7.55883,47.16816],[7.56223,47.17577],[7.57782,47.17769]]]}},{"type":"Feature","properties":{"vogeId":2520,"vogeName":"Halten"},"geometry":{"type":"Polygon","coordinates":[[[7.60196,47.17437],[7.6252,47.16911],[7.62676,47.16269],[7.6157,47.16212],[7.59721,47.16826],[7.60196,47.17437]]]}},{"type":"Feature","properties":{"vogeId":2523,"vogeName":"Horriwil"},"geometry":{"type":"Polygon","coordinates":[[[7.61284,47.18674],[7.63069,47.1891],[7.62683,47.18299],[7.639,47.1764],[7.64598,47.17177],[7.63717,47.17089],[7.61214,47.17854],[7.61284,47.18674]]]}},{"type":"Feature","properties":{"vogeId":2524,"vogeName":"H\u00fcniken"},"geometry":{"type":"Polygon","coordinates":[[[7.63069,47.1891],[7.63363,47.18955],[7.64219,47.1861],[7.639,47.1764],[7.62683,47.18299],[7.63069,47.1891]]]}},{"type":"Feature","properties":{"vogeId":2525,"vogeName":"Kriegstetten"},"geometry":{"type":"Polygon","coordinates":[[[7.58639,47.17454],[7.59928,47.18214],[7.60196,47.17437],[7.59721,47.16826],[7.5866,47.17036],[7.58661,47.17395],[7.58639,47.17454]]]}},{"type":"Feature","properties":{"vogeId":2526,"vogeName":"Lohn-Ammannsegg"},"geometry":{"type":"Polygon","coordinates":[[[7.51053,47.17506],[7.51483,47.17909],[7.51935,47.18177],[7.52297,47.18849],[7.54057,47.18011],[7.53896,47.16325],[7.52293,47.16088],[7.51053,47.17506]]]}},{"type":"Feature","properties":{"vogeId":2527,"vogeName":"Luterbach"},"geometry":{"type":"Polygon","coordinates":[[[7.57115,47.21948],[7.57681,47.2247],[7.58744,47.22767],[7.58856,47.22468],[7.60099,47.22511],[7.60118,47.21317],[7.57901,47.20052],[7.57678,47.21171],[7.57115,47.21948]]]}},{"type":"Feature","properties":{"vogeId":2528,"vogeName":"Obergerlafingen"},"geometry":{"type":"Polygon","coordinates":[[[7.58661,47.17395],[7.5866,47.17036],[7.59016,47.15156],[7.58609,47.14753],[7.57485,47.16441],[7.57961,47.17231],[7.58661,47.17395]]]}},{"type":"Feature","properties":{"vogeId":2529,"vogeName":"Oekingen"},"geometry":{"type":"Polygon","coordinates":[[[7.60541,47.19243],[7.61284,47.18674],[7.61214,47.17854],[7.63717,47.17089],[7.6252,47.16911],[7.60196,47.17437],[7.59928,47.18214],[7.60541,47.19243]]]}},{"type":"Feature","properties":{"vogeId":2530,"vogeName":"Recherswil"},"geometry":{"type":"Polygon","coordinates":[[[7.5866,47.17036],[7.59721,47.16826],[7.6157,47.16212],[7.61928,47.1545],[7.60483,47.15273],[7.59016,47.15156],[7.5866,47.17036]]]}},{"type":"Feature","properties":{"vogeId":2532,"vogeName":"Subingen"},"geometry":{"type":"Polygon","coordinates":[[[7.64884,47.21101],[7.64951,47.21011],[7.64745,47.20176],[7.64586,47.20027],[7.63363,47.18955],[7.63069,47.1891],[7.61284,47.18674],[7.60541,47.19243],[7.60342,47.20571],[7.64884,47.21101]]]}},{"type":"Feature","properties":{"vogeId":2534,"vogeName":"Zuchwil"},"geometry":{"type":"Polygon","coordinates":[[[7.56368,47.21725],[7.57115,47.21948],[7.57678,47.21171],[7.57901,47.20052],[7.5799,47.19664],[7.57785,47.19157],[7.5449,47.20205],[7.55238,47.21189],[7.55397,47.21547],[7.55736,47.21726],[7.56368,47.21725]]]}},{"type":"Feature","properties":{"vogeId":2535,"vogeName":"Drei H\u00f6fe"},"geometry":{"type":"Polygon","coordinates":[[[7.65294,47.1625],[7.65267,47.15161],[7.64476,47.14908],[7.62198,47.15315],[7.61928,47.1545],[7.6157,47.16212],[7.62676,47.16269],[7.6252,47.16911],[7.63717,47.17089],[7.64598,47.17177],[7.64688,47.17042],[7.65294,47.1625]]]}},{"type":"Feature","properties":{"vogeId":2541,"vogeName":"Balm bei G\u00fcnsberg"},"geometry":{"type":"Polygon","coordinates":[[[7.55929,47.27217],[7.56879,47.27321],[7.56538,47.26724],[7.55,47.26577],[7.55067,47.26218],[7.56264,47.25486],[7.55494,47.24636],[7.51879,47.26027],[7.53033,47.26981],[7.55929,47.27217]]]}},{"type":"Feature","properties":{"vogeId":2542,"vogeName":"Bellach"},"geometry":{"type":"Polygon","coordinates":[[[7.48823,47.22417],[7.50201,47.22043],[7.50494,47.21566],[7.51623,47.21252],[7.5135,47.19655],[7.51079,47.19581],[7.50401,47.19641],[7.49769,47.20253],[7.49273,47.20477],[7.48889,47.20462],[7.48482,47.20224],[7.47602,47.21537],[7.48823,47.22417]]]}},{"type":"Feature","properties":{"vogeId":2543,"vogeName":"Bettlach"},"geometry":{"type":"Polygon","coordinates":[[[7.40936,47.23239],[7.43919,47.21657],[7.43535,47.1924],[7.4498,47.18508],[7.44867,47.18225],[7.44529,47.17986],[7.44168,47.17971],[7.43897,47.18255],[7.43716,47.18493],[7.43264,47.18434],[7.43084,47.1812],[7.38971,47.22029],[7.40936,47.23239]]]}},{"type":"Feature","properties":{"vogeId":2544,"vogeName":"Feldbrunnen-St. Niklaus"},"geometry":{"type":"Polygon","coordinates":[[[7.54313,47.22011],[7.54362,47.23727],[7.54995,47.23905],[7.56368,47.21725],[7.55736,47.21726],[7.55397,47.21547],[7.55238,47.21189],[7.54313,47.22011]]]}},{"type":"Feature","properties":{"vogeId":2545,"vogeName":"Flumenthal"},"geometry":{"type":"Polygon","coordinates":[[[7.58543,47.23842],[7.59721,47.24497],[7.61729,47.23389],[7.62066,47.22896],[7.61206,47.22435],[7.60665,47.22794],[7.59422,47.22945],[7.58543,47.23842]]]}},{"type":"Feature","properties":{"vogeId":2546,"vogeName":"Grenchen"},"geometry":{"type":"Polygon","coordinates":[[[7.34045,47.21757],[7.41184,47.24059],[7.40936,47.23239],[7.38971,47.22029],[7.43084,47.1812],[7.43129,47.17673],[7.42836,47.17344],[7.42068,47.1724],[7.4173,47.16941],[7.41594,47.16523],[7.4103,47.1621],[7.40127,47.16284],[7.39315,47.1603],[7.38254,47.16149],[7.39021,47.16866],[7.38071,47.18358],[7.36557,47.19446],[7.3545,47.19147],[7.34477,47.20728],[7.34045,47.21757]]]}},{"type":"Feature","properties":{"vogeId":2547,"vogeName":"G\u00fcnsberg"},"geometry":{"type":"Polygon","coordinates":[[[7.56879,47.27321],[7.58011,47.27633],[7.58439,47.27214],[7.595,47.26377],[7.58663,47.2614],[7.58976,47.2511],[7.58026,47.24947],[7.57892,47.25424],[7.56264,47.25486],[7.55067,47.26218],[7.55,47.26577],[7.56538,47.26724],[7.56879,47.27321]]]}},{"type":"Feature","properties":{"vogeId":2548,"vogeName":"Hubersdorf"},"geometry":{"type":"Polygon","coordinates":[[[7.58976,47.2511],[7.597,47.25079],[7.59721,47.24497],[7.58543,47.23842],[7.58025,47.24275],[7.58026,47.24947],[7.58976,47.2511]]]}},{"type":"Feature","properties":{"vogeId":2549,"vogeName":"Kammersrohr"},"geometry":{"type":"Polygon","coordinates":[[[7.58976,47.2511],[7.58663,47.2614],[7.595,47.26377],[7.597,47.25079],[7.58976,47.2511]]]}},{"type":"Feature","properties":{"vogeId":2550,"vogeName":"Langendorf"},"geometry":{"type":"Polygon","coordinates":[[[7.50201,47.22043],[7.52552,47.23087],[7.52505,47.21923],[7.51466,47.21804],[7.51623,47.21252],[7.50494,47.21566],[7.50201,47.22043]]]}},{"type":"Feature","properties":{"vogeId":2551,"vogeName":"Lommiswil"},"geometry":{"type":"Polygon","coordinates":[[[7.46519,47.24373],[7.48823,47.22417],[7.47602,47.21537],[7.4584,47.21702],[7.45049,47.24015],[7.46519,47.24373]]]}},{"type":"Feature","properties":{"vogeId":2553,"vogeName":"Oberdorf (SO)"},"geometry":{"type":"Polygon","coordinates":[[[7.51607,47.25759],[7.52552,47.23087],[7.50201,47.22043],[7.48823,47.22417],[7.46519,47.24373],[7.45298,47.25164],[7.50272,47.25371],[7.51607,47.25759]]]}},{"type":"Feature","properties":{"vogeId":2554,"vogeName":"Riedholz"},"geometry":{"type":"Polygon","coordinates":[[[7.56264,47.25486],[7.57892,47.25424],[7.58026,47.24947],[7.58025,47.24275],[7.58543,47.23842],[7.59422,47.22945],[7.58744,47.22767],[7.57681,47.2247],[7.57115,47.21948],[7.56368,47.21725],[7.54995,47.23905],[7.55718,47.24009],[7.55494,47.24636],[7.56264,47.25486]]]}},{"type":"Feature","properties":{"vogeId":2555,"vogeName":"R\u00fcttenen"},"geometry":{"type":"Polygon","coordinates":[[[7.51607,47.25759],[7.51879,47.26027],[7.55494,47.24636],[7.55718,47.24009],[7.54995,47.23905],[7.54362,47.23727],[7.54313,47.22011],[7.52505,47.21923],[7.52552,47.23087],[7.51607,47.25759]]]}},{"type":"Feature","properties":{"vogeId":2556,"vogeName":"Selzach"},"geometry":{"type":"Polygon","coordinates":[[[7.42088,47.24283],[7.45298,47.25164],[7.46519,47.24373],[7.45049,47.24015],[7.4584,47.21702],[7.47602,47.21537],[7.48482,47.20224],[7.48346,47.19895],[7.48526,47.19537],[7.48481,47.19328],[7.48165,47.19209],[7.47578,47.19075],[7.45658,47.18896],[7.45116,47.18971],[7.44913,47.18822],[7.4498,47.18508],[7.43535,47.1924],[7.43919,47.21657],[7.40936,47.23239],[7.41184,47.24059],[7.42088,47.24283]]]}},{"type":"Feature","properties":{"vogeId":2571,"vogeName":"Boningen"},"geometry":{"type":"Polygon","coordinates":[[[7.85091,47.31254],[7.88036,47.31452],[7.88123,47.31034],[7.87263,47.31052],[7.86059,47.30549],[7.85165,47.29],[7.8496,47.28852],[7.84059,47.29452],[7.85091,47.31254]]]}},{"type":"Feature","properties":{"vogeId":2572,"vogeName":"D\u00e4niken"},"geometry":{"type":"Polygon","coordinates":[[[7.96531,47.36714],[7.97142,47.36726],[7.97135,47.3601],[7.98561,47.35854],[7.99009,47.35359],[7.98518,47.3384],[7.96479,47.33774],[7.95928,47.35374],[7.96337,47.35476],[7.96589,47.35729],[7.96255,47.36387],[7.96531,47.36714]]]}},{"type":"Feature","properties":{"vogeId":2573,"vogeName":"Dulliken"},"geometry":{"type":"Polygon","coordinates":[[[7.92896,47.3576],[7.94075,47.3586],[7.94687,47.35857],[7.95928,47.35374],[7.96479,47.33774],[7.94798,47.3326],[7.93282,47.33326],[7.9341,47.34952],[7.92896,47.3576]]]}},{"type":"Feature","properties":{"vogeId":2574,"vogeName":"Eppenberg-W\u00f6schnau"},"geometry":{"type":"Polygon","coordinates":[[[8.01714,47.38301],[8.02079,47.38568],[8.02267,47.39164],[8.02745,47.39311],[8.03119,47.38279],[8.02766,47.37117],[8.02513,47.36775],[8.02016,47.36912],[8.01714,47.38301]]]}},{"type":"Feature","properties":{"vogeId":2575,"vogeName":"Fulenbach"},"geometry":{"type":"Polygon","coordinates":[[[7.84059,47.29452],[7.8496,47.28852],[7.84481,47.28346],[7.84408,47.27705],[7.84134,47.27407],[7.83384,47.26843],[7.8284,47.2665],[7.81424,47.27998],[7.82243,47.28622],[7.84059,47.29452]]]}},{"type":"Feature","properties":{"vogeId":2576,"vogeName":"Gretzenbach"},"geometry":{"type":"Polygon","coordinates":[[[7.97142,47.36726],[7.98318,47.36497],[7.9943,47.36596],[8.01919,47.36345],[8.01179,47.34976],[8.00099,47.33474],[7.99191,47.33254],[7.98518,47.3384],[7.99009,47.35359],[7.98561,47.35854],[7.97135,47.3601],[7.97142,47.36726]]]}},{"type":"Feature","properties":{"vogeId":2578,"vogeName":"Gunzgen"},"geometry":{"type":"Polygon","coordinates":[[[7.81772,47.32429],[7.83224,47.32768],[7.85091,47.31254],[7.84059,47.29452],[7.81952,47.3222],[7.81772,47.32429]]]}},{"type":"Feature","properties":{"vogeId":2579,"vogeName":"H\u00e4gendorf"},"geometry":{"type":"Polygon","coordinates":[[[7.80621,47.36238],[7.83366,47.36752],[7.84561,47.35927],[7.84054,47.34735],[7.85718,47.33207],[7.83224,47.32768],[7.81772,47.32429],[7.80515,47.3397],[7.79337,47.33959],[7.80621,47.36238]]]}},{"type":"Feature","properties":{"vogeId":2580,"vogeName":"Kappel (SO)"},"geometry":{"type":"Polygon","coordinates":[[[7.83224,47.32768],[7.85718,47.33207],[7.87183,47.32351],[7.88039,47.3184],[7.88036,47.31452],[7.85091,47.31254],[7.83224,47.32768]]]}},{"type":"Feature","properties":{"vogeId":2581,"vogeName":"Olten"},"geometry":{"type":"Polygon","coordinates":[[[7.91865,47.36884],[7.92225,47.36658],[7.92356,47.3615],[7.92896,47.3576],[7.92326,47.35315],[7.92136,47.34331],[7.91586,47.33661],[7.90683,47.33949],[7.89929,47.33116],[7.89606,47.32505],[7.89739,47.32162],[7.8976,47.31953],[7.89191,47.31627],[7.89189,47.31373],[7.88734,47.31106],[7.88123,47.31034],[7.88036,47.31452],[7.88039,47.3184],[7.88679,47.32554],[7.87687,47.35871],[7.90653,47.35635],[7.90861,47.36097],[7.91318,47.36587],[7.91865,47.36884]]]}},{"type":"Feature","properties":{"vogeId":2582,"vogeName":"Rickenbach (SO)"},"geometry":{"type":"Polygon","coordinates":[[[7.84561,47.35927],[7.84878,47.35955],[7.87524,47.32573],[7.87183,47.32351],[7.85718,47.33207],[7.84054,47.34735],[7.84561,47.35927]]]}},{"type":"Feature","properties":{"vogeId":2583,"vogeName":"Sch\u00f6nenwerd"},"geometry":{"type":"Polygon","coordinates":[[[8.00078,47.37951],[8.00356,47.38502],[8.00674,47.38605],[8.01082,47.38588],[8.01714,47.38301],[8.02016,47.36912],[8.02513,47.36775],[8.02306,47.36477],[8.01919,47.36345],[7.9943,47.36596],[8.00078,47.37951]]]}},{"type":"Feature","properties":{"vogeId":2584,"vogeName":"Starrkirch-Wil"},"geometry":{"type":"Polygon","coordinates":[[[7.91586,47.33661],[7.92136,47.34331],[7.92326,47.35315],[7.92896,47.3576],[7.9341,47.34952],[7.93282,47.33326],[7.91812,47.33541],[7.91586,47.33661]]]}},{"type":"Feature","properties":{"vogeId":2585,"vogeName":"Walterswil (SO)"},"geometry":{"type":"Polygon","coordinates":[[[7.96479,47.33774],[7.98518,47.3384],[7.99191,47.33254],[7.96372,47.32104],[7.94851,47.31722],[7.94798,47.3326],[7.96479,47.33774]]]}},{"type":"Feature","properties":{"vogeId":2586,"vogeName":"Wangen bei Olten"},"geometry":{"type":"Polygon","coordinates":[[[7.84878,47.35955],[7.86329,47.35995],[7.87687,47.35871],[7.88679,47.32554],[7.88039,47.3184],[7.87183,47.32351],[7.87524,47.32573],[7.84878,47.35955]]]}},{"type":"Feature","properties":{"vogeId":2601,"vogeName":"Solothurn"},"geometry":{"type":"Polygon","coordinates":[[[7.52505,47.21923],[7.54313,47.22011],[7.55238,47.21189],[7.5449,47.20205],[7.52389,47.19699],[7.5135,47.19655],[7.51623,47.21252],[7.51466,47.21804],[7.52505,47.21923]]]}},{"type":"Feature","properties":{"vogeId":2611,"vogeName":"B\u00e4rschwil"},"geometry":{"type":"Polygon","coordinates":[[[7.46005,47.40102],[7.46504,47.40251],[7.46798,47.40146],[7.4732,47.40042],[7.47773,47.40146],[7.47886,47.39012],[7.49087,47.38564],[7.49425,47.37071],[7.48768,47.36967],[7.45845,47.37117],[7.45369,47.37341],[7.43602,47.37819],[7.43738,47.38087],[7.44304,47.40221],[7.44645,47.40102],[7.45007,47.40072],[7.44985,47.40311],[7.45415,47.40356],[7.46005,47.40102]]]}},{"type":"Feature","properties":{"vogeId":2612,"vogeName":"Beinwil (SO)"},"geometry":{"type":"Polygon","coordinates":[[[7.61592,47.36626],[7.63001,47.37758],[7.64111,47.37831],[7.64424,47.36726],[7.63762,47.35399],[7.57731,47.33289],[7.57142,47.32976],[7.55221,47.3453],[7.53681,47.35024],[7.53955,47.36009],[7.55405,47.35918],[7.57016,47.37155],[7.61592,47.36626]]]}},{"type":"Feature","properties":{"vogeId":2613,"vogeName":"Breitenbach"},"geometry":{"type":"Polygon","coordinates":[[[7.52627,47.41188],[7.5807,47.41481],[7.585,47.41137],[7.58544,47.4054],[7.56637,47.39543],[7.52897,47.40098],[7.52627,47.41188]]]}},{"type":"Feature","properties":{"vogeId":2614,"vogeName":"B\u00fcsserach"},"geometry":{"type":"Polygon","coordinates":[[[7.52897,47.40098],[7.56637,47.39543],[7.57792,47.39109],[7.56929,47.38498],[7.52123,47.38025],[7.51716,47.38861],[7.52897,47.40098]]]}},{"type":"Feature","properties":{"vogeId":2615,"vogeName":"Erschwil"},"geometry":{"type":"Polygon","coordinates":[[[7.52123,47.38025],[7.56929,47.38498],[7.57016,47.37155],[7.55405,47.35918],[7.53955,47.36009],[7.51873,47.37204],[7.52123,47.38025]]]}},{"type":"Feature","properties":{"vogeId":2616,"vogeName":"Fehren"},"geometry":{"type":"Polygon","coordinates":[[[7.56637,47.39543],[7.58544,47.4054],[7.59017,47.3951],[7.57792,47.39109],[7.56637,47.39543]]]}},{"type":"Feature","properties":{"vogeId":2617,"vogeName":"Grindel"},"geometry":{"type":"Polygon","coordinates":[[[7.49245,47.38534],[7.51716,47.38861],[7.52123,47.38025],[7.51873,47.37204],[7.49425,47.37071],[7.49087,47.38564],[7.49245,47.38534]]]}},{"type":"Feature","properties":{"vogeId":2618,"vogeName":"Himmelried"},"geometry":{"type":"Polygon","coordinates":[[[7.60502,47.43343],[7.61591,47.43267],[7.59998,47.41583],[7.585,47.41137],[7.5807,47.41481],[7.56825,47.42214],[7.56874,47.43751],[7.58709,47.42958],[7.59979,47.42822],[7.60502,47.43343]]]}},{"type":"Feature","properties":{"vogeId":2619,"vogeName":"Kleinl\u00fctzel"},"geometry":{"type":"Polygon","coordinates":[[[7.42104,47.44593],[7.43783,47.44638],[7.45552,47.42803],[7.44735,47.41445],[7.38068,47.41667],[7.38112,47.43204],[7.42104,47.44593]]]}},{"type":"Feature","properties":{"vogeId":2620,"vogeName":"Meltingen"},"geometry":{"type":"Polygon","coordinates":[[[7.57792,47.39109],[7.59017,47.3951],[7.60167,47.37598],[7.61254,47.37298],[7.61592,47.36626],[7.57016,47.37155],[7.56929,47.38498],[7.57792,47.39109]]]}},{"type":"Feature","properties":{"vogeId":2621,"vogeName":"Nunningen"},"geometry":{"type":"Polygon","coordinates":[[[7.585,47.41137],[7.59998,47.41583],[7.63262,47.41011],[7.6418,47.38055],[7.64111,47.37831],[7.63001,47.37758],[7.61592,47.36626],[7.61254,47.37298],[7.61959,47.37939],[7.60514,47.39762],[7.58544,47.4054],[7.585,47.41137]]]}},{"type":"Feature","properties":{"vogeId":2622,"vogeName":"Zullwil"},"geometry":{"type":"Polygon","coordinates":[[[7.59017,47.3951],[7.58544,47.4054],[7.60514,47.39762],[7.61959,47.37939],[7.61254,47.37298],[7.60167,47.37598],[7.59017,47.3951]]]}},{"type":"Feature","properties":{"vogeId":2701,"vogeName":"Basel"},"geometry":{"type":"Polygon","coordinates":[[[7.62482,47.57949],[7.62433,47.57098],[7.63271,47.56157],[7.61769,47.55876],[7.62039,47.54965],[7.62241,47.54219],[7.6224,47.5401],[7.61491,47.54071],[7.60533,47.53072],[7.59484,47.5194],[7.58984,47.52045],[7.58374,47.5309],[7.58718,47.54194],[7.57854,47.54255],[7.55581,47.54436],[7.56083,47.55182],[7.56448,47.55734],[7.55449,47.56436],[7.55951,47.56988],[7.55724,47.57361],[7.56635,47.57778],[7.585,47.57567],[7.58683,47.58208],[7.58913,47.58999],[7.60118,47.58803],[7.60459,47.58474],[7.60502,47.57788],[7.61685,47.57726],[7.62482,47.57949]]]}},{"type":"Feature","properties":{"vogeId":2702,"vogeName":"Bettingen"},"geometry":{"type":"Polygon","coordinates":[[[7.68124,47.58103],[7.69098,47.57235],[7.68799,47.5643],[7.6814,47.5667],[7.67776,47.56611],[7.67524,47.56239],[7.66729,47.56375],[7.65386,47.56064],[7.66279,47.57509],[7.68124,47.58103]]]}},{"type":"Feature","properties":{"vogeId":2703,"vogeName":"Riehen"},"geometry":{"type":"Polygon","coordinates":[[[7.62482,47.57949],[7.63668,47.58797],[7.64558,47.59691],[7.66536,47.59255],[7.67997,47.60177],[7.6895,47.59608],[7.6733,47.58552],[7.68124,47.58103],[7.66279,47.57509],[7.65386,47.56064],[7.6459,47.56065],[7.63271,47.56157],[7.62433,47.57098],[7.62482,47.57949]]]}},{"type":"Feature","properties":{"vogeId":2761,"vogeName":"Aesch (BL)"},"geometry":{"type":"Polygon","coordinates":[[[7.56567,47.48541],[7.56749,47.48511],[7.57679,47.48092],[7.60747,47.48819],[7.60629,47.47581],[7.60174,47.47104],[7.60285,47.46313],[7.55973,47.46721],[7.56567,47.48541]]]}},{"type":"Feature","properties":{"vogeId":2762,"vogeName":"Allschwil"},"geometry":{"type":"Polygon","coordinates":[[[7.55449,47.56436],[7.56448,47.55734],[7.56083,47.55182],[7.55581,47.54436],[7.54783,47.53393],[7.531,47.52693],[7.51578,47.53291],[7.5042,47.54321],[7.51785,47.54753],[7.52877,47.55424],[7.55449,47.56436]]]}},{"type":"Feature","properties":{"vogeId":2763,"vogeName":"Arlesheim"},"geometry":{"type":"Polygon","coordinates":[[[7.60752,47.50416],[7.61321,47.50937],[7.64725,47.49917],[7.65064,47.49454],[7.65583,47.48737],[7.64105,47.48262],[7.60724,47.48939],[7.60591,47.49879],[7.60752,47.50416]]]}},{"type":"Feature","properties":{"vogeId":2764,"vogeName":"Biel-Benken"},"geometry":{"type":"Polygon","coordinates":[[[7.51052,47.50247],[7.50575,47.50919],[7.4969,47.51382],[7.49372,47.51904],[7.50009,47.52217],[7.50713,47.51575],[7.51508,47.51813],[7.52371,47.51529],[7.53575,47.51394],[7.53642,47.50499],[7.53186,47.49738],[7.51937,47.49694],[7.51052,47.50247]]]}},{"type":"Feature","properties":{"vogeId":2765,"vogeName":"Binningen"},"geometry":{"type":"Polygon","coordinates":[[[7.54783,47.53393],[7.55581,47.54436],[7.57854,47.54255],[7.58718,47.54194],[7.58374,47.5309],[7.55918,47.5278],[7.54783,47.53393]]]}},{"type":"Feature","properties":{"vogeId":2766,"vogeName":"Birsfelden"},"geometry":{"type":"Polygon","coordinates":[[[7.63271,47.56157],[7.64541,47.5523],[7.62241,47.54219],[7.62039,47.54965],[7.61769,47.55876],[7.63271,47.56157]]]}},{"type":"Feature","properties":{"vogeId":2767,"vogeName":"Bottmingen"},"geometry":{"type":"Polygon","coordinates":[[[7.55918,47.5278],[7.58374,47.5309],[7.58984,47.52045],[7.58141,47.51091],[7.55918,47.5278]]]}},{"type":"Feature","properties":{"vogeId":2768,"vogeName":"Ettingen"},"geometry":{"type":"Polygon","coordinates":[[[7.53661,47.48499],[7.56567,47.48541],[7.55973,47.46721],[7.55449,47.4605],[7.54951,47.46379],[7.53066,47.46127],[7.5291,47.47798],[7.53661,47.48499]]]}},{"type":"Feature","properties":{"vogeId":2769,"vogeName":"M\u00fcnchenstein"},"geometry":{"type":"Polygon","coordinates":[[[7.59484,47.5194],[7.60533,47.53072],[7.61491,47.54071],[7.6224,47.5401],[7.62189,47.52324],[7.64705,47.50529],[7.64725,47.49917],[7.61321,47.50937],[7.60752,47.50416],[7.59484,47.5194]]]}},{"type":"Feature","properties":{"vogeId":2770,"vogeName":"Muttenz"},"geometry":{"type":"Polygon","coordinates":[[[7.62241,47.54219],[7.64541,47.5523],[7.67557,47.53359],[7.66609,47.4969],[7.65064,47.49454],[7.64725,47.49917],[7.64705,47.50529],[7.62189,47.52324],[7.6224,47.5401],[7.62241,47.54219]]]}},{"type":"Feature","properties":{"vogeId":2771,"vogeName":"Oberwil (BL)"},"geometry":{"type":"Polygon","coordinates":[[[7.54783,47.53393],[7.55918,47.5278],[7.58141,47.51091],[7.58299,47.50792],[7.53642,47.50499],[7.53575,47.51394],[7.52371,47.51529],[7.52508,47.52126],[7.531,47.52693],[7.54783,47.53393]]]}},{"type":"Feature","properties":{"vogeId":2772,"vogeName":"Pfeffingen"},"geometry":{"type":"Polygon","coordinates":[[[7.55973,47.46721],[7.60285,47.46313],[7.60874,47.45984],[7.60714,47.4573],[7.59782,47.45135],[7.59758,47.44836],[7.60075,47.44508],[7.60006,47.44314],[7.59688,47.4418],[7.59168,47.44718],[7.58397,47.44987],[7.5776,47.44481],[7.55449,47.4605],[7.55973,47.46721]]]}},{"type":"Feature","properties":{"vogeId":2773,"vogeName":"Reinach (BL)"},"geometry":{"type":"Polygon","coordinates":[[[7.58984,47.52045],[7.59484,47.5194],[7.60752,47.50416],[7.60591,47.49879],[7.60724,47.48939],[7.60747,47.48819],[7.57679,47.48092],[7.56749,47.48511],[7.5907,47.50165],[7.58299,47.50792],[7.58141,47.51091],[7.58984,47.52045]]]}},{"type":"Feature","properties":{"vogeId":2774,"vogeName":"Sch\u00f6nenbuch"},"geometry":{"type":"Polygon","coordinates":[[[7.5042,47.54321],[7.51578,47.53291],[7.50942,47.52963],[7.50123,47.52978],[7.49693,47.53859],[7.5042,47.54321]]]}},{"type":"Feature","properties":{"vogeId":2775,"vogeName":"Therwil"},"geometry":{"type":"Polygon","coordinates":[[[7.53642,47.50499],[7.58299,47.50792],[7.5907,47.50165],[7.56749,47.48511],[7.56567,47.48541],[7.53661,47.48499],[7.53186,47.49738],[7.53642,47.50499]]]}},{"type":"Feature","properties":{"vogeId":2781,"vogeName":"Blauen"},"geometry":{"type":"Polygon","coordinates":[[[7.53066,47.46127],[7.54951,47.46379],[7.55449,47.4605],[7.54676,47.45484],[7.54607,47.44783],[7.51611,47.44099],[7.50545,47.44502],[7.48435,47.45727],[7.49502,47.45935],[7.53066,47.46127]]]}},{"type":"Feature","properties":{"vogeId":2782,"vogeName":"Brislach"},"geometry":{"type":"Polygon","coordinates":[[[7.54901,47.44379],[7.55604,47.44349],[7.56217,47.4411],[7.56874,47.43751],[7.56825,47.42214],[7.5807,47.41481],[7.52627,47.41188],[7.52242,47.41397],[7.52311,47.42367],[7.53742,47.435],[7.54219,47.43559],[7.54673,47.43872],[7.54538,47.44111],[7.54901,47.44379]]]}},{"type":"Feature","properties":{"vogeId":2783,"vogeName":"Burg im Leimental"},"geometry":{"type":"Polygon","coordinates":[[[7.44577,47.46205],[7.45462,47.44922],[7.43783,47.44638],[7.42104,47.44593],[7.43011,47.45966],[7.44577,47.46205]]]}},{"type":"Feature","properties":{"vogeId":2784,"vogeName":"Dittingen"},"geometry":{"type":"Polygon","coordinates":[[[7.46256,47.45145],[7.48435,47.45727],[7.50545,47.44502],[7.51246,47.43039],[7.51109,47.42577],[7.48478,47.42936],[7.4823,47.4422],[7.46256,47.45145]]]}},{"type":"Feature","properties":{"vogeId":2785,"vogeName":"Duggingen"},"geometry":{"type":"Polygon","coordinates":[[[7.60285,47.46313],[7.60174,47.47104],[7.62623,47.46295],[7.61593,47.43834],[7.61591,47.43267],[7.60502,47.43343],[7.59391,47.43494],[7.59688,47.4418],[7.60006,47.44314],[7.60075,47.44508],[7.59758,47.44836],[7.59782,47.45135],[7.60714,47.4573],[7.60874,47.45984],[7.60285,47.46313]]]}},{"type":"Feature","properties":{"vogeId":2786,"vogeName":"Grellingen"},"geometry":{"type":"Polygon","coordinates":[[[7.5776,47.44481],[7.58397,47.44987],[7.59168,47.44718],[7.59688,47.4418],[7.59391,47.43494],[7.60502,47.43343],[7.59979,47.42822],[7.58709,47.42958],[7.56874,47.43751],[7.57351,47.43959],[7.5776,47.44481]]]}},{"type":"Feature","properties":{"vogeId":2787,"vogeName":"Laufen"},"geometry":{"type":"Polygon","coordinates":[[[7.48478,47.42936],[7.51109,47.42577],[7.52311,47.42367],[7.52242,47.41397],[7.49859,47.401],[7.49245,47.38534],[7.49087,47.38564],[7.47886,47.39012],[7.47773,47.40146],[7.4732,47.40042],[7.46798,47.40146],[7.46504,47.40251],[7.46005,47.40102],[7.4562,47.41355],[7.48477,47.41459],[7.48478,47.42936]]]}},{"type":"Feature","properties":{"vogeId":2788,"vogeName":"Liesberg"},"geometry":{"type":"Polygon","coordinates":[[[7.37592,47.41413],[7.38068,47.41667],[7.44735,47.41445],[7.4562,47.41355],[7.46005,47.40102],[7.45415,47.40356],[7.44985,47.40311],[7.45007,47.40072],[7.44645,47.40102],[7.44304,47.40221],[7.43738,47.38087],[7.41177,47.38057],[7.41358,47.38953],[7.41335,47.3946],[7.37774,47.40936],[7.37592,47.41413]]]}},{"type":"Feature","properties":{"vogeId":2789,"vogeName":"Nenzlingen"},"geometry":{"type":"Polygon","coordinates":[[[7.54607,47.44783],[7.54676,47.45484],[7.55449,47.4605],[7.5776,47.44481],[7.57351,47.43959],[7.56874,47.43751],[7.56217,47.4411],[7.55604,47.44349],[7.54901,47.44379],[7.54607,47.44783]]]}},{"type":"Feature","properties":{"vogeId":2790,"vogeName":"Roggenburg"},"geometry":{"type":"Polygon","coordinates":[[[7.32622,47.43215],[7.32779,47.44111],[7.338,47.44082],[7.34708,47.43575],[7.38112,47.43204],[7.38068,47.41667],[7.37592,47.41413],[7.36322,47.41472],[7.35732,47.41502],[7.35958,47.42054],[7.32622,47.43215]]]}},{"type":"Feature","properties":{"vogeId":2791,"vogeName":"R\u00f6schenz"},"geometry":{"type":"Polygon","coordinates":[[[7.45462,47.44922],[7.46256,47.45145],[7.4823,47.4422],[7.48478,47.42936],[7.48477,47.41459],[7.4562,47.41355],[7.44735,47.41445],[7.45552,47.42803],[7.43783,47.44638],[7.45462,47.44922]]]}},{"type":"Feature","properties":{"vogeId":2792,"vogeName":"Wahlen"},"geometry":{"type":"Polygon","coordinates":[[[7.52242,47.41397],[7.52627,47.41188],[7.52897,47.40098],[7.51716,47.38861],[7.49245,47.38534],[7.49859,47.401],[7.52242,47.41397]]]}},{"type":"Feature","properties":{"vogeId":2793,"vogeName":"Zwingen"},"geometry":{"type":"Polygon","coordinates":[[[7.54607,47.44783],[7.54901,47.44379],[7.54538,47.44111],[7.54673,47.43872],[7.54219,47.43559],[7.53742,47.435],[7.52311,47.42367],[7.51109,47.42577],[7.51246,47.43039],[7.50545,47.44502],[7.51611,47.44099],[7.54607,47.44783]]]}},{"type":"Feature","properties":{"vogeId":2821,"vogeName":"Arisdorf"},"geometry":{"type":"Polygon","coordinates":[[[7.74893,47.52506],[7.78911,47.51838],[7.79174,47.50345],[7.78921,47.49943],[7.78147,47.49676],[7.77167,47.49052],[7.7504,47.50357],[7.74617,47.5185],[7.74893,47.52506]]]}},{"type":"Feature","properties":{"vogeId":2822,"vogeName":"Augst"},"geometry":{"type":"Polygon","coordinates":[[[7.69649,47.53518],[7.71356,47.53962],[7.73397,47.53121],[7.72827,47.52795],[7.72142,47.52229],[7.71057,47.53276],[7.69828,47.52966],[7.69649,47.53518]]]}},{"type":"Feature","properties":{"vogeId":2823,"vogeName":"Bubendorf"},"geometry":{"type":"Polygon","coordinates":[[[7.73611,47.4666],[7.75084,47.46298],[7.75988,47.45579],[7.75888,47.44161],[7.75752,47.44132],[7.74842,47.43657],[7.74087,47.42555],[7.72952,47.42334],[7.7225,47.42649],[7.72256,47.43753],[7.7099,47.44726],[7.71582,47.45113],[7.73611,47.4666]]]}},{"type":"Feature","properties":{"vogeId":2824,"vogeName":"Frenkendorf"},"geometry":{"type":"Polygon","coordinates":[[[7.71868,47.51917],[7.72221,47.49916],[7.69131,47.49744],[7.6699,47.4854],[7.66832,47.4863],[7.66609,47.4969],[7.70272,47.50816],[7.71868,47.51917]]]}},{"type":"Feature","properties":{"vogeId":2825,"vogeName":"F\u00fcllinsdorf"},"geometry":{"type":"Polygon","coordinates":[[[7.72142,47.52229],[7.72827,47.52795],[7.74617,47.5185],[7.7504,47.50357],[7.74446,47.49761],[7.72221,47.49916],[7.71868,47.51917],[7.72142,47.52229]]]}},{"type":"Feature","properties":{"vogeId":2826,"vogeName":"Giebenach"},"geometry":{"type":"Polygon","coordinates":[[[7.72827,47.52795],[7.73397,47.53121],[7.74893,47.52506],[7.74617,47.5185],[7.72827,47.52795]]]}},{"type":"Feature","properties":{"vogeId":2827,"vogeName":"Hersberg"},"geometry":{"type":"Polygon","coordinates":[[[7.78921,47.49943],[7.79033,47.49599],[7.79184,47.48405],[7.78547,47.48243],[7.77731,47.48469],[7.77167,47.49052],[7.78147,47.49676],[7.78921,47.49943]]]}},{"type":"Feature","properties":{"vogeId":2828,"vogeName":"Lausen"},"geometry":{"type":"Polygon","coordinates":[[[7.77731,47.48469],[7.78547,47.48243],[7.7768,47.47574],[7.77849,47.45678],[7.75988,47.45579],[7.75084,47.46298],[7.7539,47.48073],[7.77731,47.48469]]]}},{"type":"Feature","properties":{"vogeId":2829,"vogeName":"Liestal"},"geometry":{"type":"Polygon","coordinates":[[[7.72221,47.49916],[7.74446,47.49761],[7.7504,47.50357],[7.77167,47.49052],[7.77731,47.48469],[7.7539,47.48073],[7.75084,47.46298],[7.73611,47.4666],[7.71002,47.46935],[7.69986,47.48056],[7.6699,47.4854],[7.69131,47.49744],[7.72221,47.49916]]]}},{"type":"Feature","properties":{"vogeId":2830,"vogeName":"Lupsingen"},"geometry":{"type":"Polygon","coordinates":[[[7.6911,47.45282],[7.6986,47.45564],[7.71582,47.45113],[7.7099,47.44726],[7.68463,47.42866],[7.68218,47.43897],[7.68426,47.44747],[7.6911,47.45282]]]}},{"type":"Feature","properties":{"vogeId":2831,"vogeName":"Pratteln"},"geometry":{"type":"Polygon","coordinates":[[[7.67557,47.53359],[7.68602,47.53267],[7.69649,47.53518],[7.69828,47.52966],[7.71057,47.53276],[7.72142,47.52229],[7.71868,47.51917],[7.70272,47.50816],[7.66609,47.4969],[7.67557,47.53359]]]}},{"type":"Feature","properties":{"vogeId":2832,"vogeName":"Ramlinsburg"},"geometry":{"type":"Polygon","coordinates":[[[7.75988,47.45579],[7.77849,47.45678],[7.77845,47.45021],[7.77705,47.44425],[7.75888,47.44161],[7.75988,47.45579]]]}},{"type":"Feature","properties":{"vogeId":2833,"vogeName":"Seltisberg"},"geometry":{"type":"Polygon","coordinates":[[[7.71002,47.46935],[7.73611,47.4666],[7.71582,47.45113],[7.6986,47.45564],[7.71002,47.46935]]]}},{"type":"Feature","properties":{"vogeId":2834,"vogeName":"Ziefen"},"geometry":{"type":"Polygon","coordinates":[[[7.68463,47.42866],[7.7099,47.44726],[7.72256,47.43753],[7.7225,47.42649],[7.69771,47.41267],[7.67391,47.41511],[7.68463,47.42866]]]}},{"type":"Feature","properties":{"vogeId":2841,"vogeName":"Anwil"},"geometry":{"type":"Polygon","coordinates":[[[7.94014,47.46216],[7.95083,47.4642],[7.95687,47.45522],[7.94677,47.44318],[7.93427,47.4413],[7.92845,47.44908],[7.92256,47.4506],[7.94014,47.46216]]]}},{"type":"Feature","properties":{"vogeId":2842,"vogeName":"B\u00f6ckten"},"geometry":{"type":"Polygon","coordinates":[[[7.83471,47.47824],[7.83697,47.47704],[7.84159,47.45673],[7.82438,47.46186],[7.83471,47.47824]]]}},{"type":"Feature","properties":{"vogeId":2843,"vogeName":"Buckten"},"geometry":{"type":"Polygon","coordinates":[[[7.84449,47.42075],[7.8497,47.41999],[7.85869,47.40862],[7.83552,47.40362],[7.83971,47.41793],[7.84449,47.42075]]]}},{"type":"Feature","properties":{"vogeId":2844,"vogeName":"Buus"},"geometry":{"type":"Polygon","coordinates":[[[7.86346,47.52365],[7.87663,47.52271],[7.87564,47.51316],[7.89421,47.50578],[7.89531,47.50219],[7.87048,47.49318],[7.86568,47.48857],[7.84597,47.49581],[7.84128,47.50657],[7.86346,47.52365]]]}},{"type":"Feature","properties":{"vogeId":2845,"vogeName":"Diepflingen"},"geometry":{"type":"Polygon","coordinates":[[[7.84359,47.4518],[7.84943,47.44297],[7.83125,47.4399],[7.83154,47.44796],[7.84359,47.4518]]]}},{"type":"Feature","properties":{"vogeId":2846,"vogeName":"Gelterkinden"},"geometry":{"type":"Polygon","coordinates":[[[7.83697,47.47704],[7.86015,47.4789],[7.88314,47.45881],[7.87879,47.4542],[7.87828,47.44749],[7.85934,47.43428],[7.85121,47.43879],[7.84943,47.44297],[7.84359,47.4518],[7.84159,47.45673],[7.83697,47.47704]]]}},{"type":"Feature","properties":{"vogeId":2847,"vogeName":"H\u00e4felfingen"},"geometry":{"type":"Polygon","coordinates":[[[7.8497,47.41999],[7.86354,47.41964],[7.87128,47.42424],[7.88208,47.41375],[7.88861,47.40731],[7.87972,47.40167],[7.85869,47.40862],[7.8497,47.41999]]]}},{"type":"Feature","properties":{"vogeId":2848,"vogeName":"Hemmiken"},"geometry":{"type":"Polygon","coordinates":[[[7.87048,47.49318],[7.89531,47.50219],[7.90477,47.49215],[7.90493,47.48484],[7.89534,47.47876],[7.87048,47.49318]]]}},{"type":"Feature","properties":{"vogeId":2849,"vogeName":"Itingen"},"geometry":{"type":"Polygon","coordinates":[[[7.77849,47.45678],[7.7768,47.47574],[7.79472,47.47344],[7.80055,47.46328],[7.78871,47.45779],[7.78799,47.45078],[7.77845,47.45021],[7.77849,47.45678]]]}},{"type":"Feature","properties":{"vogeId":2850,"vogeName":"K\u00e4nerkinden"},"geometry":{"type":"Polygon","coordinates":[[[7.82748,47.42066],[7.83971,47.41793],[7.83552,47.40362],[7.82622,47.40291],[7.82748,47.42066]]]}},{"type":"Feature","properties":{"vogeId":2851,"vogeName":"Kilchberg (BL)"},"geometry":{"type":"Polygon","coordinates":[[[7.89701,47.43488],[7.90106,47.43188],[7.91053,47.42483],[7.8878,47.4197],[7.89039,47.43088],[7.89701,47.43488]]]}},{"type":"Feature","properties":{"vogeId":2852,"vogeName":"L\u00e4ufelfingen"},"geometry":{"type":"Polygon","coordinates":[[[7.83552,47.40362],[7.85869,47.40862],[7.87972,47.40167],[7.86924,47.39544],[7.87889,47.38362],[7.83961,47.37421],[7.83386,47.39423],[7.82622,47.40291],[7.83552,47.40362]]]}},{"type":"Feature","properties":{"vogeId":2853,"vogeName":"Maisprach"},"geometry":{"type":"Polygon","coordinates":[[[7.83331,47.5339],[7.85241,47.53533],[7.86346,47.52365],[7.84128,47.50657],[7.83203,47.51481],[7.83331,47.5339]]]}},{"type":"Feature","properties":{"vogeId":2854,"vogeName":"Nusshof"},"geometry":{"type":"Polygon","coordinates":[[[7.79033,47.49599],[7.79875,47.49895],[7.80737,47.49713],[7.80617,47.48848],[7.79184,47.48405],[7.79033,47.49599]]]}},{"type":"Feature","properties":{"vogeId":2855,"vogeName":"Oltingen"},"geometry":{"type":"Polygon","coordinates":[[[7.92256,47.4506],[7.92845,47.44908],[7.93427,47.4413],[7.94677,47.44318],[7.96176,47.42192],[7.95674,47.41881],[7.9406,47.41411],[7.9146,47.42347],[7.92444,47.43268],[7.92256,47.4506]]]}},{"type":"Feature","properties":{"vogeId":2856,"vogeName":"Ormalingen"},"geometry":{"type":"Polygon","coordinates":[[[7.86568,47.48857],[7.87048,47.49318],[7.89534,47.47876],[7.89406,47.46205],[7.89966,47.45353],[7.89033,47.44998],[7.88314,47.45881],[7.86015,47.4789],[7.86568,47.48857]]]}},{"type":"Feature","properties":{"vogeId":2857,"vogeName":"Rickenbach (BL)"},"geometry":{"type":"Polygon","coordinates":[[[7.84597,47.49581],[7.86568,47.48857],[7.86015,47.4789],[7.83697,47.47704],[7.83471,47.47824],[7.83292,47.48183],[7.84597,47.49581]]]}},{"type":"Feature","properties":{"vogeId":2858,"vogeName":"Rothenfluh"},"geometry":{"type":"Polygon","coordinates":[[[7.90493,47.48484],[7.94581,47.48542],[7.94014,47.46216],[7.92256,47.4506],[7.90924,47.45856],[7.89406,47.46205],[7.89534,47.47876],[7.90493,47.48484]]]}},{"type":"Feature","properties":{"vogeId":2859,"vogeName":"R\u00fcmlingen"},"geometry":{"type":"Polygon","coordinates":[[[7.85121,47.43879],[7.85934,47.43428],[7.87128,47.42424],[7.86354,47.41964],[7.8497,47.41999],[7.84449,47.42075],[7.85121,47.43879]]]}},{"type":"Feature","properties":{"vogeId":2860,"vogeName":"R\u00fcnenberg"},"geometry":{"type":"Polygon","coordinates":[[[7.87828,47.44749],[7.89701,47.43488],[7.89039,47.43088],[7.8878,47.4197],[7.88208,47.41375],[7.87128,47.42424],[7.85934,47.43428],[7.87828,47.44749]]]}},{"type":"Feature","properties":{"vogeId":2861,"vogeName":"Sissach"},"geometry":{"type":"Polygon","coordinates":[[[7.79184,47.48405],[7.80617,47.48848],[7.83292,47.48183],[7.83471,47.47824],[7.82438,47.46186],[7.81478,47.45353],[7.80097,47.4585],[7.78799,47.45078],[7.78871,47.45779],[7.80055,47.46328],[7.79472,47.47344],[7.7768,47.47574],[7.78547,47.48243],[7.79184,47.48405]]]}},{"type":"Feature","properties":{"vogeId":2862,"vogeName":"Tecknau"},"geometry":{"type":"Polygon","coordinates":[[[7.88314,47.45881],[7.89033,47.44998],[7.90572,47.44514],[7.89752,47.44234],[7.89727,47.43906],[7.90404,47.43471],[7.90106,47.43188],[7.89701,47.43488],[7.87828,47.44749],[7.87879,47.4542],[7.88314,47.45881]]]}},{"type":"Feature","properties":{"vogeId":2863,"vogeName":"Tenniken"},"geometry":{"type":"Polygon","coordinates":[[[7.82854,47.442],[7.83125,47.4399],[7.82796,47.42365],[7.78918,47.42586],[7.78716,47.4284],[7.81131,47.44385],[7.82854,47.442]]]}},{"type":"Feature","properties":{"vogeId":2864,"vogeName":"Th\u00fcrnen"},"geometry":{"type":"Polygon","coordinates":[[[7.82438,47.46186],[7.84159,47.45673],[7.84359,47.4518],[7.83154,47.44796],[7.83125,47.4399],[7.82854,47.442],[7.81478,47.45353],[7.82438,47.46186]]]}},{"type":"Feature","properties":{"vogeId":2865,"vogeName":"Wenslingen"},"geometry":{"type":"Polygon","coordinates":[[[7.89406,47.46205],[7.90924,47.45856],[7.92256,47.4506],[7.92444,47.43268],[7.9146,47.42347],[7.91053,47.42483],[7.90106,47.43188],[7.90404,47.43471],[7.89727,47.43906],[7.89752,47.44234],[7.90572,47.44514],[7.89033,47.44998],[7.89966,47.45353],[7.89406,47.46205]]]}},{"type":"Feature","properties":{"vogeId":2866,"vogeName":"Wintersingen"},"geometry":{"type":"Polygon","coordinates":[[[7.83203,47.51481],[7.84128,47.50657],[7.84597,47.49581],[7.83292,47.48183],[7.80617,47.48848],[7.80737,47.49713],[7.83203,47.51481]]]}},{"type":"Feature","properties":{"vogeId":2867,"vogeName":"Wittinsburg"},"geometry":{"type":"Polygon","coordinates":[[[7.83125,47.4399],[7.84943,47.44297],[7.85121,47.43879],[7.84449,47.42075],[7.83971,47.41793],[7.82748,47.42066],[7.82796,47.42365],[7.83125,47.4399]]]}},{"type":"Feature","properties":{"vogeId":2868,"vogeName":"Zeglingen"},"geometry":{"type":"Polygon","coordinates":[[[7.8878,47.4197],[7.91053,47.42483],[7.9146,47.42347],[7.9406,47.41411],[7.93668,47.40801],[7.90962,47.39842],[7.88861,47.40731],[7.88208,47.41375],[7.8878,47.4197]]]}},{"type":"Feature","properties":{"vogeId":2869,"vogeName":"Zunzgen"},"geometry":{"type":"Polygon","coordinates":[[[7.78799,47.45078],[7.80097,47.4585],[7.81478,47.45353],[7.82854,47.442],[7.81131,47.44385],[7.78716,47.4284],[7.77705,47.44425],[7.77845,47.45021],[7.78799,47.45078]]]}},{"type":"Feature","properties":{"vogeId":2881,"vogeName":"Arboldswil"},"geometry":{"type":"Polygon","coordinates":[[[7.7225,47.42649],[7.72952,47.42334],[7.73169,47.40647],[7.69588,47.40894],[7.69771,47.41267],[7.7225,47.42649]]]}},{"type":"Feature","properties":{"vogeId":2882,"vogeName":"Bennwil"},"geometry":{"type":"Polygon","coordinates":[[[7.76959,47.41219],[7.79114,47.41332],[7.78986,47.39004],[7.79023,47.37721],[7.77889,47.37694],[7.76723,47.39712],[7.76959,47.41219]]]}},{"type":"Feature","properties":{"vogeId":2883,"vogeName":"Bretzwil"},"geometry":{"type":"Polygon","coordinates":[[[7.63262,47.41011],[7.663,47.40991],[7.66658,47.39871],[7.66312,47.38409],[7.6418,47.38055],[7.63262,47.41011]]]}},{"type":"Feature","properties":{"vogeId":2884,"vogeName":"Diegten"},"geometry":{"type":"Polygon","coordinates":[[[7.78918,47.42586],[7.82796,47.42365],[7.82748,47.42066],[7.82622,47.40291],[7.83386,47.39423],[7.81552,47.39683],[7.78986,47.39004],[7.79114,47.41332],[7.78918,47.42586]]]}},{"type":"Feature","properties":{"vogeId":2885,"vogeName":"Eptingen"},"geometry":{"type":"Polygon","coordinates":[[[7.78986,47.39004],[7.81552,47.39683],[7.83386,47.39423],[7.83961,47.37421],[7.83366,47.36752],[7.80621,47.36238],[7.79023,47.37721],[7.78986,47.39004]]]}},{"type":"Feature","properties":{"vogeId":2886,"vogeName":"H\u00f6lstein"},"geometry":{"type":"Polygon","coordinates":[[[7.75888,47.44161],[7.77705,47.44425],[7.78716,47.4284],[7.78918,47.42586],[7.79114,47.41332],[7.76959,47.41219],[7.75805,47.41625],[7.76856,47.42831],[7.75752,47.44132],[7.75888,47.44161]]]}},{"type":"Feature","properties":{"vogeId":2887,"vogeName":"Lampenberg"},"geometry":{"type":"Polygon","coordinates":[[[7.74087,47.42555],[7.74842,47.43657],[7.75752,47.44132],[7.76856,47.42831],[7.75805,47.41625],[7.73945,47.4154],[7.74087,47.42555]]]}},{"type":"Feature","properties":{"vogeId":2888,"vogeName":"Langenbruck"},"geometry":{"type":"Polygon","coordinates":[[[7.77889,47.37694],[7.79023,47.37721],[7.80621,47.36238],[7.79337,47.33959],[7.7877,47.33827],[7.75151,47.34434],[7.72898,47.36693],[7.7589,47.36805],[7.77345,47.37621],[7.77889,47.37694]]]}},{"type":"Feature","properties":{"vogeId":2889,"vogeName":"Lauwil"},"geometry":{"type":"Polygon","coordinates":[[[7.6418,47.38055],[7.66312,47.38409],[7.66658,47.39871],[7.68492,47.39315],[7.68754,47.37121],[7.64424,47.36726],[7.64111,47.37831],[7.6418,47.38055]]]}},{"type":"Feature","properties":{"vogeId":2890,"vogeName":"Liedertswil"},"geometry":{"type":"Polygon","coordinates":[[[7.70691,47.39295],[7.72915,47.39722],[7.72772,47.38499],[7.71228,47.37891],[7.70691,47.39295]]]}},{"type":"Feature","properties":{"vogeId":2891,"vogeName":"Niederdorf"},"geometry":{"type":"Polygon","coordinates":[[[7.72952,47.42334],[7.74087,47.42555],[7.73945,47.4154],[7.75805,47.41625],[7.76959,47.41219],[7.76723,47.39712],[7.75793,47.39595],[7.75752,47.40312],[7.73324,47.4002],[7.73169,47.40647],[7.72952,47.42334]]]}},{"type":"Feature","properties":{"vogeId":2892,"vogeName":"Oberdorf (BL)"},"geometry":{"type":"Polygon","coordinates":[[[7.72915,47.39722],[7.73324,47.4002],[7.75752,47.40312],[7.75793,47.39595],[7.76723,47.39712],[7.77889,47.37694],[7.77345,47.37621],[7.74904,47.38837],[7.72772,47.38499],[7.72915,47.39722]]]}},{"type":"Feature","properties":{"vogeId":2893,"vogeName":"Reigoldswil"},"geometry":{"type":"Polygon","coordinates":[[[7.67391,47.41511],[7.69771,47.41267],[7.69588,47.40894],[7.70691,47.39295],[7.71228,47.37891],[7.70046,47.37237],[7.68754,47.37121],[7.68492,47.39315],[7.66658,47.39871],[7.663,47.40991],[7.67391,47.41511]]]}},{"type":"Feature","properties":{"vogeId":2894,"vogeName":"Titterten"},"geometry":{"type":"Polygon","coordinates":[[[7.69588,47.40894],[7.73169,47.40647],[7.73324,47.4002],[7.72915,47.39722],[7.70691,47.39295],[7.69588,47.40894]]]}},{"type":"Feature","properties":{"vogeId":2895,"vogeName":"Waldenburg"},"geometry":{"type":"Polygon","coordinates":[[[7.71228,47.37891],[7.72772,47.38499],[7.74904,47.38837],[7.77345,47.37621],[7.7589,47.36805],[7.72898,47.36693],[7.70046,47.37237],[7.71228,47.37891]]]}},{"type":"Feature","properties":{"vogeId":2901,"vogeName":"G\u00e4chlingen"},"geometry":{"type":"Polygon","coordinates":[[[8.48033,47.72583],[8.50526,47.74053],[8.52385,47.73453],[8.49792,47.72716],[8.51526,47.70507],[8.48957,47.69754],[8.48033,47.72583]]]}},{"type":"Feature","properties":{"vogeId":2903,"vogeName":"L\u00f6hningen"},"geometry":{"type":"Polygon","coordinates":[[[8.52666,47.70466],[8.5344,47.70414],[8.54387,47.72092],[8.56371,47.70983],[8.56129,47.6924],[8.54484,47.69061],[8.52887,47.69017],[8.52666,47.70466]]]}},{"type":"Feature","properties":{"vogeId":2904,"vogeName":"Neunkirch"},"geometry":{"type":"Polygon","coordinates":[[[8.51526,47.70507],[8.52666,47.70466],[8.52887,47.69017],[8.54484,47.69061],[8.54686,47.66746],[8.54162,47.65677],[8.52733,47.65959],[8.52356,47.6647],[8.52161,47.66949],[8.4922,47.66917],[8.46307,47.68286],[8.47971,47.6945],[8.48957,47.69754],[8.51526,47.70507]]]}},{"type":"Feature","properties":{"vogeId":2914,"vogeName":"B\u00fcttenhardt"},"geometry":{"type":"Polygon","coordinates":[[[8.64525,47.76497],[8.65713,47.7653],[8.65374,47.74698],[8.63802,47.73819],[8.6299,47.7426],[8.63372,47.76017],[8.64525,47.76497]]]}},{"type":"Feature","properties":{"vogeId":2915,"vogeName":"D\u00f6rflingen"},"geometry":{"type":"Polygon","coordinates":[[[8.70563,47.7218],[8.71794,47.72152],[8.72976,47.7196],[8.73629,47.71639],[8.72797,47.6929],[8.71788,47.69078],[8.69816,47.71472],[8.69583,47.72221],[8.70563,47.7218]]]}},{"type":"Feature","properties":{"vogeId":2917,"vogeName":"Lohn (SH)"},"geometry":{"type":"Polygon","coordinates":[[[8.65713,47.7653],[8.67022,47.76859],[8.68684,47.75707],[8.68262,47.74249],[8.65374,47.74698],[8.65713,47.7653]]]}},{"type":"Feature","properties":{"vogeId":2919,"vogeName":"Stetten (SH)"},"geometry":{"type":"Polygon","coordinates":[[[8.65374,47.74698],[8.68262,47.74249],[8.67977,47.73775],[8.64458,47.72559],[8.63802,47.73819],[8.65374,47.74698]]]}},{"type":"Feature","properties":{"vogeId":2920,"vogeName":"Thayngen"},"geometry":{"type":"Polygon","coordinates":[[[8.71794,47.72152],[8.70563,47.7218],[8.67977,47.73775],[8.68262,47.74249],[8.68684,47.75707],[8.67022,47.76859],[8.65713,47.7653],[8.64525,47.76497],[8.6514,47.77431],[8.64509,47.7881],[8.64967,47.7985],[8.65909,47.80079],[8.66208,47.79196],[8.6702,47.78724],[8.68114,47.78653],[8.6868,47.77468],[8.68758,47.7593],[8.70037,47.75946],[8.71421,47.76543],[8.72852,47.76229],[8.73518,47.7546],[8.74308,47.75123],[8.73949,47.74426],[8.72257,47.74325],[8.71296,47.73247],[8.71794,47.72152]]]}},{"type":"Feature","properties":{"vogeId":2931,"vogeName":"Bargen (SH)"},"geometry":{"type":"Polygon","coordinates":[[[8.57734,47.78162],[8.57336,47.78748],[8.56043,47.79179],[8.56306,47.80788],[8.5733,47.80628],[8.57522,47.79955],[8.58921,47.8024],[8.59533,47.79995],[8.60477,47.80314],[8.61386,47.80126],[8.62217,47.79491],[8.61751,47.78018],[8.57734,47.78162]]]}},{"type":"Feature","properties":{"vogeId":2932,"vogeName":"Beringen"},"geometry":{"type":"Polygon","coordinates":[[[8.54484,47.69061],[8.56129,47.6924],[8.56371,47.70983],[8.54387,47.72092],[8.55392,47.73246],[8.58573,47.72603],[8.60647,47.69434],[8.58283,47.68696],[8.58278,47.67413],[8.57156,47.6714],[8.56378,47.66999],[8.54686,47.66746],[8.54484,47.69061]]]}},{"type":"Feature","properties":{"vogeId":2933,"vogeName":"Buchberg"},"geometry":{"type":"Polygon","coordinates":[[[8.53723,47.58757],[8.56882,47.57533],[8.56344,47.55762],[8.5547,47.55278],[8.5465,47.5739],[8.5347,47.57551],[8.53723,47.58757]]]}},{"type":"Feature","properties":{"vogeId":2936,"vogeName":"Merishausen"},"geometry":{"type":"Polygon","coordinates":[[[8.57734,47.78162],[8.61751,47.78018],[8.62334,47.77564],[8.61951,47.76762],[8.63372,47.76017],[8.6299,47.7426],[8.60825,47.74371],[8.60608,47.73851],[8.56897,47.75306],[8.5663,47.778],[8.57734,47.78162]]]}},{"type":"Feature","properties":{"vogeId":2937,"vogeName":"Neuhausen am Rheinfall"},"geometry":{"type":"Polygon","coordinates":[[[8.60647,47.69434],[8.62511,47.69176],[8.6239,47.67834],[8.61388,47.67874],[8.60598,47.67196],[8.59802,47.67278],[8.59333,47.66671],[8.57772,47.6615],[8.56777,47.66502],[8.56378,47.66999],[8.57156,47.6714],[8.58278,47.67413],[8.58283,47.68696],[8.60647,47.69434]]]}},{"type":"Feature","properties":{"vogeId":2938,"vogeName":"R\u00fcdlingen"},"geometry":{"type":"Polygon","coordinates":[[[8.59565,47.60566],[8.59427,47.59492],[8.58464,47.59144],[8.56882,47.57533],[8.53723,47.58757],[8.54551,47.59197],[8.55678,47.59738],[8.56296,47.59941],[8.58114,47.59789],[8.59565,47.60566]]]}},{"type":"Feature","properties":{"vogeId":2939,"vogeName":"Schaffhausen"},"geometry":{"type":"Polygon","coordinates":[[[8.54877,47.74758],[8.56897,47.75306],[8.60608,47.73851],[8.60825,47.74371],[8.6299,47.7426],[8.63802,47.73819],[8.64458,47.72559],[8.67977,47.73775],[8.70563,47.7218],[8.69583,47.72221],[8.69816,47.71472],[8.68638,47.70858],[8.67195,47.7156],[8.66341,47.71136],[8.67633,47.69794],[8.66269,47.69003],[8.65899,47.68783],[8.64455,47.6941],[8.63242,47.69228],[8.62511,47.69176],[8.60647,47.69434],[8.58573,47.72603],[8.55392,47.73246],[8.54313,47.74002],[8.54877,47.74758]]]}},{"type":"Feature","properties":{"vogeId":2951,"vogeName":"Beggingen"},"geometry":{"type":"Polygon","coordinates":[[[8.52122,47.77321],[8.52772,47.77852],[8.55319,47.78439],[8.5663,47.778],[8.56897,47.75306],[8.54877,47.74758],[8.51181,47.75957],[8.52122,47.77321]]]}},{"type":"Feature","properties":{"vogeId":2952,"vogeName":"Schleitheim"},"geometry":{"type":"Polygon","coordinates":[[[8.52122,47.77321],[8.51181,47.75957],[8.54877,47.74758],[8.54313,47.74002],[8.52385,47.73453],[8.50526,47.74053],[8.48033,47.72583],[8.45712,47.72917],[8.45238,47.7316],[8.4484,47.7382],[8.45533,47.74291],[8.45568,47.74933],[8.46786,47.75355],[8.46894,47.76219],[8.48653,47.77412],[8.497,47.77268],[8.51032,47.77614],[8.52122,47.77321]]]}},{"type":"Feature","properties":{"vogeId":2953,"vogeName":"Siblingen"},"geometry":{"type":"Polygon","coordinates":[[[8.52385,47.73453],[8.54313,47.74002],[8.55392,47.73246],[8.54387,47.72092],[8.5344,47.70414],[8.52666,47.70466],[8.51526,47.70507],[8.49792,47.72716],[8.52385,47.73453]]]}},{"type":"Feature","properties":{"vogeId":2961,"vogeName":"Buch (SH)"},"geometry":{"type":"Polygon","coordinates":[[[8.79907,47.72716],[8.79347,47.70425],[8.76936,47.70691],[8.77014,47.71989],[8.78002,47.72261],[8.78472,47.72808],[8.79907,47.72716]]]}},{"type":"Feature","properties":{"vogeId":2962,"vogeName":"Hemishofen"},"geometry":{"type":"Polygon","coordinates":[[[8.84841,47.70344],[8.87286,47.70523],[8.87597,47.694],[8.85296,47.69458],[8.85168,47.68102],[8.83684,47.67135],[8.80534,47.67829],[8.81568,47.69011],[8.83709,47.6894],[8.84841,47.70344]]]}},{"type":"Feature","properties":{"vogeId":2963,"vogeName":"Ramsen"},"geometry":{"type":"Polygon","coordinates":[[[8.79907,47.72716],[8.79652,47.73451],[8.80896,47.73884],[8.81245,47.72387],[8.81962,47.71916],[8.82971,47.72083],[8.82885,47.71442],[8.84793,47.71121],[8.84841,47.70344],[8.83709,47.6894],[8.81568,47.69011],[8.80534,47.67829],[8.79867,47.67613],[8.79614,47.67526],[8.78909,47.67594],[8.79699,47.69033],[8.80573,47.69336],[8.79853,47.69717],[8.79347,47.70425],[8.79907,47.72716]]]}},{"type":"Feature","properties":{"vogeId":2964,"vogeName":"Stein am Rhein"},"geometry":{"type":"Polygon","coordinates":[[[8.83684,47.67135],[8.85168,47.68102],[8.86796,47.6759],[8.8754,47.65625],[8.86521,47.65832],[8.86111,47.65852],[8.86064,47.65793],[8.85971,47.65719],[8.86284,47.65492],[8.85158,47.65132],[8.85048,47.66163],[8.83684,47.67135]]]}},{"type":"Feature","properties":{"vogeId":2971,"vogeName":"Hallau"},"geometry":{"type":"Polygon","coordinates":[[[8.45494,47.72247],[8.47971,47.6945],[8.46307,47.68286],[8.45685,47.67963],[8.44471,47.68839],[8.42069,47.68382],[8.40225,47.6977],[8.41525,47.71043],[8.42439,47.71125],[8.44354,47.72302],[8.45494,47.72247]]]}},{"type":"Feature","properties":{"vogeId":2972,"vogeName":"Oberhallau"},"geometry":{"type":"Polygon","coordinates":[[[8.45712,47.72917],[8.48033,47.72583],[8.48957,47.69754],[8.47971,47.6945],[8.45494,47.72247],[8.45712,47.72917]]]}},{"type":"Feature","properties":{"vogeId":2973,"vogeName":"Trasadingen"},"geometry":{"type":"Polygon","coordinates":[[[8.42069,47.68382],[8.44885,47.65463],[8.44427,47.65318],[8.42667,47.66243],[8.41239,47.66643],[8.40619,47.67618],[8.42069,47.68382]]]}},{"type":"Feature","properties":{"vogeId":2974,"vogeName":"Wilchingen"},"geometry":{"type":"Polygon","coordinates":[[[8.52733,47.65959],[8.53188,47.64821],[8.53018,47.6433],[8.49587,47.64735],[8.49416,47.64169],[8.48006,47.64257],[8.47402,47.6365],[8.46321,47.64286],[8.46245,47.65078],[8.44885,47.65463],[8.42069,47.68382],[8.44471,47.68839],[8.45685,47.67963],[8.46307,47.68286],[8.4922,47.66917],[8.52161,47.66949],[8.52356,47.6647],[8.52733,47.65959]]]}},{"type":"Feature","properties":{"vogeId":3001,"vogeName":"Herisau"},"geometry":{"type":"Polygon","coordinates":[[[9.29425,47.39687],[9.32544,47.40039],[9.32224,47.37388],[9.3089,47.36842],[9.2943,47.37239],[9.26213,47.35962],[9.24063,47.37384],[9.22089,47.37325],[9.21878,47.38462],[9.23204,47.388],[9.2326,47.39784],[9.29425,47.39687]]]}},{"type":"Feature","properties":{"vogeId":3002,"vogeName":"Hundwil"},"geometry":{"type":"Polygon","coordinates":[[[9.3089,47.36842],[9.32224,47.37388],[9.35148,47.35504],[9.34341,47.34472],[9.30979,47.32273],[9.31838,47.30945],[9.31524,47.29756],[9.31366,47.29132],[9.32355,47.28295],[9.3425,47.2495],[9.32225,47.2461],[9.30868,47.25886],[9.31397,47.28072],[9.3045,47.28818],[9.31084,47.30764],[9.2911,47.33229],[9.29617,47.34788],[9.3089,47.36842]]]}},{"type":"Feature","properties":{"vogeId":3003,"vogeName":"Sch\u00f6nengrund"},"geometry":{"type":"Polygon","coordinates":[[[9.23356,47.332],[9.25363,47.32945],[9.2501,47.31891],[9.21781,47.30792],[9.20986,47.32102],[9.23356,47.332]]]}},{"type":"Feature","properties":{"vogeId":3004,"vogeName":"Schwellbrunn"},"geometry":{"type":"Polygon","coordinates":[[[9.19131,47.36265],[9.21013,47.36311],[9.22089,47.37325],[9.24063,47.37384],[9.26213,47.35962],[9.26926,47.34279],[9.25363,47.32945],[9.23356,47.332],[9.22485,47.34244],[9.20662,47.33913],[9.19898,47.34806],[9.19131,47.36265]]]}},{"type":"Feature","properties":{"vogeId":3005,"vogeName":"Stein (AR)"},"geometry":{"type":"Polygon","coordinates":[[[9.32544,47.40039],[9.3397,47.39956],[9.34363,47.39532],[9.35022,47.38312],[9.35887,47.3779],[9.36051,47.37295],[9.35746,47.37016],[9.36543,47.35854],[9.35148,47.35504],[9.32224,47.37388],[9.32544,47.40039]]]}},{"type":"Feature","properties":{"vogeId":3006,"vogeName":"Urn\u00e4sch"},"geometry":{"type":"Polygon","coordinates":[[[9.26926,47.34279],[9.29617,47.34788],[9.2911,47.33229],[9.31084,47.30764],[9.3045,47.28818],[9.31397,47.28072],[9.30868,47.25886],[9.29732,47.2574],[9.28511,47.26402],[9.27378,47.27017],[9.25726,47.26327],[9.23381,47.26542],[9.21706,47.2721],[9.20635,47.27645],[9.22432,47.29289],[9.21781,47.30792],[9.2501,47.31891],[9.25363,47.32945],[9.26926,47.34279]]]}},{"type":"Feature","properties":{"vogeId":3007,"vogeName":"Waldstatt"},"geometry":{"type":"Polygon","coordinates":[[[9.26213,47.35962],[9.2943,47.37239],[9.3089,47.36842],[9.29617,47.34788],[9.26926,47.34279],[9.26213,47.35962]]]}},{"type":"Feature","properties":{"vogeId":3021,"vogeName":"B\u00fchler"},"geometry":{"type":"Polygon","coordinates":[[[9.43421,47.392],[9.45149,47.39319],[9.45416,47.38583],[9.43115,47.3707],[9.41204,47.36879],[9.40127,47.37808],[9.43421,47.392]]]}},{"type":"Feature","properties":{"vogeId":3022,"vogeName":"Gais"},"geometry":{"type":"Polygon","coordinates":[[[9.45416,47.38583],[9.50794,47.39294],[9.50237,47.35438],[9.50301,47.3475],[9.47921,47.34718],[9.47655,47.35484],[9.45427,47.35284],[9.43574,47.36018],[9.43115,47.3707],[9.45416,47.38583]]]}},{"type":"Feature","properties":{"vogeId":3023,"vogeName":"Speicher"},"geometry":{"type":"Polygon","coordinates":[[[9.4349,47.43453],[9.45202,47.43125],[9.46284,47.41747],[9.45149,47.39319],[9.43421,47.392],[9.42571,47.40722],[9.4349,47.43453]]]}},{"type":"Feature","properties":{"vogeId":3024,"vogeName":"Teufen (AR)"},"geometry":{"type":"Polygon","coordinates":[[[9.3397,47.39956],[9.36328,47.40559],[9.37152,47.40769],[9.39757,47.40069],[9.42571,47.40722],[9.43421,47.392],[9.40127,47.37808],[9.38627,47.37699],[9.37712,47.38715],[9.35022,47.38312],[9.34363,47.39532],[9.3397,47.39956]]]}},{"type":"Feature","properties":{"vogeId":3025,"vogeName":"Trogen"},"geometry":{"type":"Polygon","coordinates":[[[9.46284,47.41747],[9.47194,47.41791],[9.47694,47.41245],[9.51081,47.40244],[9.50914,47.39456],[9.50794,47.39294],[9.45416,47.38583],[9.45149,47.39319],[9.46284,47.41747]]]}},{"type":"Feature","properties":{"vogeId":3031,"vogeName":"Grub (AR)"},"geometry":{"type":"Polygon","coordinates":[[[9.46794,47.43813],[9.49122,47.44145],[9.50833,47.44966],[9.52407,47.45161],[9.51458,47.42939],[9.50868,47.4295],[9.50577,47.43627],[9.47159,47.43255],[9.46794,47.43813]]]}},{"type":"Feature","properties":{"vogeId":3032,"vogeName":"Heiden"},"geometry":{"type":"Polygon","coordinates":[[[9.54591,47.46406],[9.55295,47.46423],[9.53742,47.44466],[9.55879,47.43397],[9.55847,47.43173],[9.54705,47.42985],[9.52659,47.42321],[9.51537,47.42639],[9.51458,47.42939],[9.52407,47.45161],[9.52622,47.45993],[9.54591,47.46406]]]}},{"type":"Feature","properties":{"vogeId":3033,"vogeName":"Lutzenberg"},"geometry":{"type":"MultiPolygon","coordinates":[[[[9.56176,47.46302],[9.57991,47.46269],[9.58908,47.45923],[9.58903,47.45789],[9.58768,47.45269],[9.56149,47.45631],[9.56176,47.46302]]],[[[9.53243,47.46788],[9.54453,47.46931],[9.54591,47.46406],[9.52622,47.45993],[9.52682,47.46381],[9.53243,47.46788]]]]}},{"type":"Feature","properties":{"vogeId":3034,"vogeName":"Rehetobel"},"geometry":{"type":"Polygon","coordinates":[[[9.45202,47.43125],[9.46794,47.43813],[9.47159,47.43255],[9.50577,47.43627],[9.50868,47.4295],[9.51458,47.42939],[9.51537,47.42639],[9.47194,47.41791],[9.46284,47.41747],[9.45202,47.43125]]]}},{"type":"Feature","properties":{"vogeId":3035,"vogeName":"Reute (AR)"},"geometry":{"type":"Polygon","coordinates":[[[9.54705,47.42985],[9.55847,47.43173],[9.58319,47.42008],[9.583,47.40963],[9.58297,47.40889],[9.56721,47.40052],[9.55548,47.39641],[9.54233,47.40814],[9.55125,47.40992],[9.56275,47.40822],[9.56697,47.41724],[9.55683,47.41907],[9.54705,47.42985]]]}},{"type":"Feature","properties":{"vogeId":3036,"vogeName":"Wald (AR)"},"geometry":{"type":"Polygon","coordinates":[[[9.51537,47.42639],[9.52659,47.42321],[9.52306,47.41401],[9.52879,47.40973],[9.51081,47.40244],[9.47694,47.41245],[9.47194,47.41791],[9.51537,47.42639]]]}},{"type":"Feature","properties":{"vogeId":3037,"vogeName":"Walzenhausen"},"geometry":{"type":"Polygon","coordinates":[[[9.58768,47.45269],[9.58903,47.45789],[9.62984,47.43995],[9.62617,47.43913],[9.6161,47.43708],[9.57943,47.43373],[9.56647,47.43875],[9.56463,47.44386],[9.58532,47.44482],[9.58768,47.45269]]]}},{"type":"Feature","properties":{"vogeId":3038,"vogeName":"Wolfhalden"},"geometry":{"type":"Polygon","coordinates":[[[9.55295,47.46423],[9.56176,47.46302],[9.56149,47.45631],[9.58768,47.45269],[9.58532,47.44482],[9.56463,47.44386],[9.56647,47.43875],[9.55879,47.43397],[9.53742,47.44466],[9.55295,47.46423]]]}},{"type":"Feature","properties":{"vogeId":3101,"vogeName":"Appenzell"},"geometry":{"type":"Polygon","coordinates":[[[9.43574,47.36018],[9.45427,47.35284],[9.47655,47.35484],[9.47921,47.34718],[9.42702,47.33913],[9.41264,47.33012],[9.40517,47.31159],[9.38117,47.30543],[9.37193,47.32529],[9.39319,47.33702],[9.39448,47.34118],[9.39754,47.34441],[9.39583,47.34713],[9.43574,47.36018]]]}},{"type":"Feature","properties":{"vogeId":3102,"vogeName":"Gonten"},"geometry":{"type":"Polygon","coordinates":[[[9.34341,47.34472],[9.38539,47.34671],[9.39206,47.34943],[9.39583,47.34713],[9.39754,47.34441],[9.39448,47.34118],[9.39319,47.33702],[9.37193,47.32529],[9.38117,47.30543],[9.32883,47.29152],[9.32355,47.28295],[9.31366,47.29132],[9.31524,47.29756],[9.31838,47.30945],[9.30979,47.32273],[9.34341,47.34472]]]}},{"type":"Feature","properties":{"vogeId":3104,"vogeName":"Schlatt-Haslen"},"geometry":{"type":"Polygon","coordinates":[[[9.35022,47.38312],[9.37712,47.38715],[9.38627,47.37699],[9.40127,47.37808],[9.41204,47.36879],[9.43115,47.3707],[9.43574,47.36018],[9.39583,47.34713],[9.39206,47.34943],[9.38539,47.34671],[9.34341,47.34472],[9.35148,47.35504],[9.36543,47.35854],[9.35746,47.37016],[9.36051,47.37295],[9.35887,47.3779],[9.35022,47.38312]]]}},{"type":"Feature","properties":{"vogeId":3111,"vogeName":"Oberegg"},"geometry":{"type":"MultiPolygon","coordinates":[[[[9.52659,47.42321],[9.54705,47.42985],[9.55683,47.41907],[9.56697,47.41724],[9.56275,47.40822],[9.55125,47.40992],[9.54233,47.40814],[9.55548,47.39641],[9.50914,47.39456],[9.51081,47.40244],[9.52879,47.40973],[9.52306,47.41401],[9.52659,47.42321]]],[[[9.56647,47.43875],[9.57943,47.43373],[9.6161,47.43708],[9.61266,47.43058],[9.58817,47.42551],[9.60473,47.41415],[9.583,47.40963],[9.58319,47.42008],[9.55847,47.43173],[9.55879,47.43397],[9.56647,47.43875]]]]}},{"type":"Feature","properties":{"vogeId":3112,"vogeName":"Schwende-R\u00fcte"},"geometry":{"type":"Polygon","coordinates":[[[9.38117,47.30543],[9.40517,47.31159],[9.41264,47.33012],[9.42702,47.33913],[9.47921,47.34718],[9.50301,47.3475],[9.50284,47.3372],[9.5001,47.32516],[9.49788,47.31445],[9.49619,47.30597],[9.48627,47.29525],[9.48515,47.28378],[9.4716,47.27252],[9.40084,47.23717],[9.38196,47.23391],[9.37043,47.24008],[9.3425,47.2495],[9.32355,47.28295],[9.32883,47.29152],[9.38117,47.30543]]]}},{"type":"Feature","properties":{"vogeId":3201,"vogeName":"H\u00e4ggenschwil"},"geometry":{"type":"Polygon","coordinates":[[[9.31701,47.5086],[9.32798,47.50394],[9.33167,47.51179],[9.33922,47.50689],[9.33764,47.50095],[9.36472,47.50185],[9.37441,47.49974],[9.36712,47.493],[9.3664,47.48555],[9.35445,47.48813],[9.35072,47.47924],[9.34611,47.47723],[9.34307,47.48101],[9.33713,47.48021],[9.32821,47.48483],[9.32212,47.48598],[9.32092,47.49062],[9.32046,47.4969],[9.31763,47.50038],[9.3103,47.49871],[9.30745,47.50174],[9.31701,47.5086]]]}},{"type":"Feature","properties":{"vogeId":3202,"vogeName":"Muolen"},"geometry":{"type":"Polygon","coordinates":[[[9.29364,47.52271],[9.33942,47.53152],[9.34356,47.52026],[9.35438,47.51769],[9.33922,47.50689],[9.33167,47.51179],[9.32798,47.50394],[9.31701,47.5086],[9.3034,47.51569],[9.29478,47.50956],[9.27968,47.51338],[9.29364,47.52271]]]}},{"type":"Feature","properties":{"vogeId":3203,"vogeName":"St. Gallen"},"geometry":{"type":"Polygon","coordinates":[[[9.42967,47.44044],[9.4349,47.43453],[9.42571,47.40722],[9.39757,47.40069],[9.37152,47.40769],[9.36328,47.40559],[9.3397,47.39956],[9.32544,47.40039],[9.29425,47.39687],[9.29568,47.41849],[9.30349,47.42105],[9.30868,47.41395],[9.31924,47.41736],[9.33782,47.42333],[9.35459,47.42902],[9.35718,47.43167],[9.36118,47.43548],[9.3579,47.43882],[9.36198,47.44502],[9.38066,47.45307],[9.38982,47.44291],[9.40197,47.45226],[9.42937,47.4506],[9.42967,47.44044]]]}},{"type":"Feature","properties":{"vogeId":3204,"vogeName":"Wittenbach"},"geometry":{"type":"Polygon","coordinates":[[[9.35072,47.47924],[9.35445,47.48813],[9.3664,47.48555],[9.3732,47.48528],[9.3709,47.47831],[9.3913,47.47722],[9.39929,47.47813],[9.41125,47.47598],[9.40197,47.45226],[9.38982,47.44291],[9.38066,47.45307],[9.36198,47.44502],[9.36285,47.45038],[9.3597,47.45103],[9.35846,47.45448],[9.35969,47.457],[9.36586,47.45809],[9.36399,47.4629],[9.36511,47.46885],[9.36134,47.47145],[9.36304,47.47441],[9.35878,47.47597],[9.35618,47.47303],[9.35194,47.47504],[9.35072,47.47924]]]}},{"type":"Feature","properties":{"vogeId":3211,"vogeName":"Berg (SG)"},"geometry":{"type":"MultiPolygon","coordinates":[[[[9.3732,47.48528],[9.38941,47.48128],[9.3913,47.47722],[9.3709,47.47831],[9.3732,47.48528]]],[[[9.42155,47.49641],[9.41593,47.49203],[9.42496,47.48441],[9.41125,47.47598],[9.39929,47.47813],[9.4094,47.49348],[9.41729,47.49812],[9.42155,47.49641]]]]}},{"type":"Feature","properties":{"vogeId":3212,"vogeName":"Eggersriet"},"geometry":{"type":"Polygon","coordinates":[[[9.52682,47.46381],[9.52622,47.45993],[9.52407,47.45161],[9.50833,47.44966],[9.49122,47.44145],[9.46794,47.43813],[9.45202,47.43125],[9.4349,47.43453],[9.42967,47.44044],[9.48186,47.45177],[9.52018,47.46228],[9.52682,47.46381]]]}},{"type":"Feature","properties":{"vogeId":3213,"vogeName":"Goldach"},"geometry":{"type":"Polygon","coordinates":[[[9.46425,47.48432],[9.47626,47.48934],[9.48187,47.48177],[9.48315,47.47354],[9.47817,47.46214],[9.44443,47.46467],[9.45403,47.47241],[9.46425,47.48432]]]}},{"type":"Feature","properties":{"vogeId":3214,"vogeName":"M\u00f6rschwil"},"geometry":{"type":"Polygon","coordinates":[[[9.42496,47.48441],[9.44339,47.48528],[9.45403,47.47241],[9.44443,47.46467],[9.42937,47.4506],[9.40197,47.45226],[9.41125,47.47598],[9.42496,47.48441]]]}},{"type":"Feature","properties":{"vogeId":3215,"vogeName":"Rorschach"},"geometry":{"type":"Polygon","coordinates":[[[9.48187,47.48177],[9.49723,47.47941],[9.51108,47.47946],[9.50556,47.4718],[9.48315,47.47354],[9.48187,47.48177]]]}},{"type":"Feature","properties":{"vogeId":3216,"vogeName":"Rorschacherberg"},"geometry":{"type":"Polygon","coordinates":[[[9.51108,47.47946],[9.52978,47.48137],[9.53243,47.46788],[9.52682,47.46381],[9.52018,47.46228],[9.48186,47.45177],[9.47817,47.46214],[9.48315,47.47354],[9.50556,47.4718],[9.51108,47.47946]]]}},{"type":"Feature","properties":{"vogeId":3217,"vogeName":"Steinach"},"geometry":{"type":"Polygon","coordinates":[[[9.43578,47.50646],[9.44945,47.5013],[9.44956,47.49219],[9.44339,47.48528],[9.42496,47.48441],[9.41593,47.49203],[9.42155,47.49641],[9.43578,47.50646]]]}},{"type":"Feature","properties":{"vogeId":3218,"vogeName":"T\u00fcbach"},"geometry":{"type":"Polygon","coordinates":[[[9.44339,47.48528],[9.44956,47.49219],[9.46425,47.48432],[9.45403,47.47241],[9.44339,47.48528]]]}},{"type":"Feature","properties":{"vogeId":3219,"vogeName":"Untereggen"},"geometry":{"type":"Polygon","coordinates":[[[9.44443,47.46467],[9.47817,47.46214],[9.48186,47.45177],[9.42967,47.44044],[9.42937,47.4506],[9.44443,47.46467]]]}},{"type":"Feature","properties":{"vogeId":3231,"vogeName":"Au (SG)"},"geometry":{"type":"Polygon","coordinates":[[[9.62984,47.43995],[9.65084,47.44284],[9.64438,47.4349],[9.64944,47.42555],[9.65111,47.41656],[9.63435,47.41718],[9.62914,47.40638],[9.62231,47.40576],[9.62464,47.41288],[9.62617,47.43913],[9.62984,47.43995]]]}},{"type":"Feature","properties":{"vogeId":3232,"vogeName":"Balgach"},"geometry":{"type":"Polygon","coordinates":[[[9.60473,47.41415],[9.62464,47.41288],[9.62231,47.40576],[9.62596,47.40077],[9.61984,47.38984],[9.60829,47.37916],[9.58297,47.40889],[9.583,47.40963],[9.60473,47.41415]]]}},{"type":"Feature","properties":{"vogeId":3233,"vogeName":"Berneck"},"geometry":{"type":"Polygon","coordinates":[[[9.6161,47.43708],[9.62617,47.43913],[9.62464,47.41288],[9.60473,47.41415],[9.58817,47.42551],[9.61266,47.43058],[9.6161,47.43708]]]}},{"type":"Feature","properties":{"vogeId":3234,"vogeName":"Diepoldsau"},"geometry":{"type":"Polygon","coordinates":[[[9.62596,47.40077],[9.64145,47.39137],[9.65152,47.40461],[9.67365,47.39134],[9.6725,47.38017],[9.65776,47.36926],[9.62431,47.36616],[9.63582,47.3758],[9.61984,47.38984],[9.62596,47.40077]]]}},{"type":"Feature","properties":{"vogeId":3235,"vogeName":"Rheineck"},"geometry":{"type":"Polygon","coordinates":[[[9.58425,47.48007],[9.59429,47.46451],[9.58908,47.45923],[9.57991,47.46269],[9.57458,47.47129],[9.58425,47.48007]]]}},{"type":"Feature","properties":{"vogeId":3236,"vogeName":"St. Margrethen"},"geometry":{"type":"Polygon","coordinates":[[[9.59429,47.46451],[9.60282,47.46196],[9.60633,47.46458],[9.60721,47.46949],[9.61179,47.47045],[9.61649,47.4632],[9.62239,47.45756],[9.6412,47.45676],[9.65629,47.45378],[9.65927,47.44895],[9.65084,47.44284],[9.62984,47.43995],[9.58903,47.45789],[9.58908,47.45923],[9.59429,47.46451]]]}},{"type":"Feature","properties":{"vogeId":3237,"vogeName":"Thal"},"geometry":{"type":"Polygon","coordinates":[[[9.58425,47.48007],[9.57458,47.47129],[9.57991,47.46269],[9.56176,47.46302],[9.55295,47.46423],[9.54591,47.46406],[9.54453,47.46931],[9.53243,47.46788],[9.52978,47.48137],[9.54242,47.48487],[9.5543,47.49809],[9.56099,47.5005],[9.56544,47.49251],[9.58425,47.48007]]]}},{"type":"Feature","properties":{"vogeId":3238,"vogeName":"Widnau"},"geometry":{"type":"Polygon","coordinates":[[[9.62231,47.40576],[9.62914,47.40638],[9.63435,47.41718],[9.65111,47.41656],[9.65152,47.40461],[9.64145,47.39137],[9.62596,47.40077],[9.62231,47.40576]]]}},{"type":"Feature","properties":{"vogeId":3251,"vogeName":"Altst\u00e4tten"},"geometry":{"type":"MultiPolygon","coordinates":[[[[9.49619,47.30597],[9.50143,47.30662],[9.52435,47.29069],[9.51913,47.27869],[9.54333,47.2784],[9.53339,47.27321],[9.5303,47.26938],[9.48515,47.28378],[9.48627,47.29525],[9.49619,47.30597]]],[[[9.50914,47.39456],[9.55548,47.39641],[9.5931,47.36795],[9.54093,47.32666],[9.52416,47.33786],[9.54053,47.33951],[9.53688,47.35614],[9.52575,47.36127],[9.50237,47.35438],[9.50794,47.39294],[9.50914,47.39456]]]]}},{"type":"Feature","properties":{"vogeId":3252,"vogeName":"Eichberg"},"geometry":{"type":"Polygon","coordinates":[[[9.50301,47.3475],[9.50237,47.35438],[9.52575,47.36127],[9.53688,47.35614],[9.54053,47.33951],[9.52416,47.33786],[9.50284,47.3372],[9.50301,47.3475]]]}},{"type":"Feature","properties":{"vogeId":3253,"vogeName":"Marbach (SG)"},"geometry":{"type":"Polygon","coordinates":[[[9.55548,47.39641],[9.56721,47.40052],[9.59016,47.39054],[9.5911,47.38007],[9.60311,47.37433],[9.5931,47.36795],[9.55548,47.39641]]]}},{"type":"Feature","properties":{"vogeId":3254,"vogeName":"Oberriet (SG)"},"geometry":{"type":"Polygon","coordinates":[[[9.60829,47.37916],[9.61984,47.38984],[9.63582,47.3758],[9.62431,47.36616],[9.6039,47.34908],[9.59939,47.34409],[9.59103,47.3223],[9.58694,47.31626],[9.58199,47.31142],[9.56537,47.30337],[9.5104,47.31034],[9.50143,47.30662],[9.49619,47.30597],[9.49788,47.31445],[9.5001,47.32516],[9.50284,47.3372],[9.52416,47.33786],[9.54093,47.32666],[9.5931,47.36795],[9.60311,47.37433],[9.60829,47.37916]]]}},{"type":"Feature","properties":{"vogeId":3255,"vogeName":"Rebstein"},"geometry":{"type":"Polygon","coordinates":[[[9.56721,47.40052],[9.58297,47.40889],[9.60829,47.37916],[9.60311,47.37433],[9.5911,47.38007],[9.59016,47.39054],[9.56721,47.40052]]]}},{"type":"Feature","properties":{"vogeId":3256,"vogeName":"R\u00fcthi (SG)"},"geometry":{"type":"Polygon","coordinates":[[[9.50143,47.30662],[9.5104,47.31034],[9.56537,47.30337],[9.55657,47.29846],[9.55415,47.29462],[9.55015,47.28499],[9.54774,47.2813],[9.54333,47.2784],[9.51913,47.27869],[9.52435,47.29069],[9.50143,47.30662]]]}},{"type":"Feature","properties":{"vogeId":3271,"vogeName":"Buchs (SG)"},"geometry":{"type":"Polygon","coordinates":[[[9.47934,47.20282],[9.49046,47.19799],[9.4879,47.19013],[9.48751,47.17416],[9.49519,47.1567],[9.50272,47.14687],[9.46922,47.14448],[9.46944,47.15627],[9.39785,47.13706],[9.39998,47.14598],[9.45862,47.16258],[9.47664,47.19704],[9.47934,47.20282]]]}},{"type":"Feature","properties":{"vogeId":3272,"vogeName":"Gams"},"geometry":{"type":"Polygon","coordinates":[[[9.40272,47.23296],[9.44781,47.21741],[9.48657,47.21463],[9.47934,47.20282],[9.47664,47.19704],[9.38787,47.19754],[9.39756,47.20917],[9.38842,47.22499],[9.40272,47.23296]]]}},{"type":"Feature","properties":{"vogeId":3273,"vogeName":"Grabs"},"geometry":{"type":"Polygon","coordinates":[[[9.38787,47.19754],[9.47664,47.19704],[9.45862,47.16258],[9.39998,47.14598],[9.39785,47.13706],[9.39447,47.13099],[9.36326,47.13525],[9.34849,47.14505],[9.3167,47.15259],[9.33774,47.17942],[9.38787,47.19754]]]}},{"type":"Feature","properties":{"vogeId":3274,"vogeName":"Sennwald"},"geometry":{"type":"Polygon","coordinates":[[[9.48515,47.28378],[9.5303,47.26938],[9.53051,47.26311],[9.52825,47.25747],[9.52168,47.2455],[9.51312,47.23461],[9.50389,47.22403],[9.50194,47.22033],[9.49984,47.2129],[9.49762,47.20802],[9.49046,47.19799],[9.47934,47.20282],[9.48657,47.21463],[9.44781,47.21741],[9.40272,47.23296],[9.40084,47.23717],[9.4716,47.27252],[9.48515,47.28378]]]}},{"type":"Feature","properties":{"vogeId":3275,"vogeName":"Sevelen"},"geometry":{"type":"Polygon","coordinates":[[[9.39785,47.13706],[9.46944,47.15627],[9.46922,47.14448],[9.50272,47.14687],[9.51039,47.13523],[9.51462,47.12202],[9.51638,47.11512],[9.4893,47.10904],[9.44524,47.11907],[9.40951,47.11043],[9.39447,47.13099],[9.39785,47.13706]]]}},{"type":"Feature","properties":{"vogeId":3276,"vogeName":"Wartau"},"geometry":{"type":"Polygon","coordinates":[[[9.40951,47.11043],[9.44524,47.11907],[9.4893,47.10904],[9.51638,47.11512],[9.51934,47.10432],[9.51925,47.09596],[9.51274,47.08518],[9.49202,47.07406],[9.47986,47.06845],[9.42893,47.06875],[9.41449,47.08049],[9.40213,47.08145],[9.38536,47.09771],[9.40951,47.11043]]]}},{"type":"Feature","properties":{"vogeId":3291,"vogeName":"Bad Ragaz"},"geometry":{"type":"Polygon","coordinates":[[[9.4916,47.03361],[9.51029,47.01013],[9.54545,46.97664],[9.52369,46.97256],[9.52415,46.98435],[9.49785,46.99707],[9.46327,46.98141],[9.4343,46.97669],[9.43219,46.9624],[9.41672,46.96386],[9.39492,46.96424],[9.39788,46.9715],[9.42862,46.98142],[9.4916,47.03361]]]}},{"type":"Feature","properties":{"vogeId":3292,"vogeName":"Flums"},"geometry":{"type":"Polygon","coordinates":[[[9.21995,47.03322],[9.21726,47.04714],[9.22648,47.06671],[9.26608,47.07161],[9.3022,47.10566],[9.36129,47.09946],[9.37485,47.08759],[9.38536,47.09771],[9.40213,47.08145],[9.39076,47.07254],[9.36358,47.06897],[9.34038,47.05039],[9.31413,47.05336],[9.30057,47.0394],[9.29898,47.01301],[9.25121,46.9984],[9.23493,47.0297],[9.21995,47.03322]]]}},{"type":"Feature","properties":{"vogeId":3293,"vogeName":"Mels"},"geometry":{"type":"Polygon","coordinates":[[[9.40213,47.08145],[9.41449,47.08049],[9.42893,47.06875],[9.41947,47.05667],[9.43806,47.04157],[9.47732,47.04909],[9.4851,47.04029],[9.46267,47.03113],[9.42621,47.03789],[9.41447,47.02496],[9.40162,47.0307],[9.37727,47.00499],[9.39788,46.9715],[9.39492,46.96424],[9.38251,46.95698],[9.3773,46.94349],[9.33868,46.94503],[9.31562,46.9481],[9.28985,46.94404],[9.25285,46.92701],[9.23538,46.94923],[9.24672,46.97204],[9.25121,46.9984],[9.29898,47.01301],[9.30057,47.0394],[9.31413,47.05336],[9.34038,47.05039],[9.36358,47.06897],[9.39076,47.07254],[9.40213,47.08145]]]}},{"type":"Feature","properties":{"vogeId":3294,"vogeName":"Pf\u00e4fers"},"geometry":{"type":"Polygon","coordinates":[[[9.39492,46.96424],[9.41672,46.96386],[9.43219,46.9624],[9.4343,46.97669],[9.46327,46.98141],[9.49785,46.99707],[9.52415,46.98435],[9.52369,46.97256],[9.51853,46.95564],[9.49934,46.9536],[9.49652,46.94469],[9.47924,46.91006],[9.4665,46.89999],[9.46728,46.89087],[9.45967,46.88563],[9.44669,46.87496],[9.44275,46.87757],[9.41447,46.89657],[9.37498,46.89799],[9.34185,46.90123],[9.29358,46.90889],[9.26591,46.908],[9.24889,46.91633],[9.25285,46.92701],[9.28985,46.94404],[9.31562,46.9481],[9.33868,46.94503],[9.3773,46.94349],[9.38251,46.95698],[9.39492,46.96424]]]}},{"type":"Feature","properties":{"vogeId":3295,"vogeName":"Quarten"},"geometry":{"type":"MultiPolygon","coordinates":[[[[9.18866,47.11655],[9.20955,47.11384],[9.21571,47.11584],[9.22062,47.11442],[9.22236,47.11245],[9.24971,47.11396],[9.25612,47.11685],[9.27789,47.11366],[9.2849,47.114],[9.29287,47.11626],[9.3022,47.10566],[9.26608,47.07161],[9.22648,47.06671],[9.21726,47.04714],[9.21995,47.03322],[9.19779,47.03744],[9.18053,47.02606],[9.15634,47.03016],[9.13816,47.03924],[9.18079,47.06159],[9.19268,47.06708],[9.19123,47.08471],[9.18866,47.11655]]],[[[9.22028,47.14472],[9.23825,47.14877],[9.24537,47.13926],[9.25184,47.1302],[9.21524,47.12883],[9.20802,47.12894],[9.18898,47.13296],[9.19105,47.14129],[9.22028,47.14472]]]]}},{"type":"Feature","properties":{"vogeId":3296,"vogeName":"Sargans"},"geometry":{"type":"Polygon","coordinates":[[[9.42893,47.06875],[9.47986,47.06845],[9.47243,47.06261],[9.47584,47.05165],[9.47732,47.04909],[9.43806,47.04157],[9.41947,47.05667],[9.42893,47.06875]]]}},{"type":"Feature","properties":{"vogeId":3297,"vogeName":"Vilters-Wangs"},"geometry":{"type":"Polygon","coordinates":[[[9.4851,47.04029],[9.4916,47.03361],[9.42862,46.98142],[9.39788,46.9715],[9.37727,47.00499],[9.40162,47.0307],[9.41447,47.02496],[9.42621,47.03789],[9.46267,47.03113],[9.4851,47.04029]]]}},{"type":"Feature","properties":{"vogeId":3298,"vogeName":"Walenstadt"},"geometry":{"type":"Polygon","coordinates":[[[9.23825,47.14877],[9.28746,47.15546],[9.3167,47.15259],[9.34849,47.14505],[9.36326,47.13525],[9.39447,47.13099],[9.40951,47.11043],[9.38536,47.09771],[9.37485,47.08759],[9.36129,47.09946],[9.3022,47.10566],[9.29287,47.11626],[9.29878,47.11751],[9.29937,47.12153],[9.30272,47.127],[9.30052,47.12867],[9.2773,47.1292],[9.2714,47.1284],[9.25184,47.1302],[9.24537,47.13926],[9.23825,47.14877]]]}},{"type":"Feature","properties":{"vogeId":3311,"vogeName":"Amden"},"geometry":{"type":"Polygon","coordinates":[[[9.12295,47.1859],[9.12975,47.17968],[9.16657,47.18674],[9.19783,47.18284],[9.21098,47.17741],[9.22741,47.18253],[9.23771,47.17326],[9.22159,47.16366],[9.22028,47.14472],[9.19105,47.14129],[9.18898,47.13296],[9.16078,47.13324],[9.15678,47.13509],[9.15092,47.13548],[9.14794,47.13403],[9.14526,47.13467],[9.1433,47.13708],[9.13179,47.13696],[9.12508,47.13899],[9.11335,47.13902],[9.10973,47.16042],[9.12295,47.1859]]]}},{"type":"Feature","properties":{"vogeId":3312,"vogeName":"Benken (SG)"},"geometry":{"type":"Polygon","coordinates":[[[8.97421,47.2129],[8.98362,47.21009],[9.03565,47.19699],[9.02352,47.17656],[9.00804,47.17215],[9.00491,47.17323],[8.98104,47.18341],[8.9703,47.17892],[8.96185,47.18381],[8.95778,47.19939],[8.97421,47.2129]]]}},{"type":"Feature","properties":{"vogeId":3313,"vogeName":"Kaltbrunn"},"geometry":{"type":"Polygon","coordinates":[[[9.00967,47.22795],[9.02829,47.22322],[9.02851,47.23053],[9.04339,47.22913],[9.04771,47.21489],[9.0642,47.22212],[9.08326,47.21005],[9.10521,47.21093],[9.1141,47.19901],[9.09605,47.18509],[9.06768,47.21028],[9.03565,47.19699],[8.98362,47.21009],[9.00967,47.22795]]]}},{"type":"Feature","properties":{"vogeId":3315,"vogeName":"Sch\u00e4nis"},"geometry":{"type":"Polygon","coordinates":[[[9.03565,47.19699],[9.06768,47.21028],[9.09605,47.18509],[9.1141,47.19901],[9.12295,47.1859],[9.10973,47.16042],[9.08962,47.15235],[9.06772,47.13012],[9.05047,47.14171],[9.00804,47.17215],[9.02352,47.17656],[9.03565,47.19699]]]}},{"type":"Feature","properties":{"vogeId":3316,"vogeName":"Weesen"},"geometry":{"type":"Polygon","coordinates":[[[9.06772,47.13012],[9.08962,47.15235],[9.10973,47.16042],[9.11335,47.13902],[9.10986,47.13563],[9.10576,47.1345],[9.10082,47.13517],[9.099,47.1346],[9.09895,47.13311],[9.08577,47.13016],[9.06772,47.13012]]]}},{"type":"Feature","properties":{"vogeId":3338,"vogeName":"Schmerikon"},"geometry":{"type":"Polygon","coordinates":[[[8.91771,47.22917],[8.95473,47.2351],[8.96598,47.21749],[8.95691,47.21642],[8.94136,47.21811],[8.94623,47.22238],[8.94651,47.22447],[8.91852,47.22543],[8.91771,47.22917]]]}},{"type":"Feature","properties":{"vogeId":3339,"vogeName":"Uznach"},"geometry":{"type":"Polygon","coordinates":[[[8.98045,47.24118],[9.00144,47.23239],[9.00967,47.22795],[8.98362,47.21009],[8.97421,47.2129],[8.97273,47.21636],[8.96961,47.21789],[8.96598,47.21749],[8.95473,47.2351],[8.95927,47.23579],[8.98045,47.24118]]]}},{"type":"Feature","properties":{"vogeId":3340,"vogeName":"Rapperswil-Jona"},"geometry":{"type":"Polygon","coordinates":[[[8.80903,47.24797],[8.82831,47.25043],[8.87023,47.24529],[8.91771,47.22917],[8.91852,47.22543],[8.91641,47.22277],[8.90802,47.22198],[8.89527,47.21841],[8.88322,47.21557],[8.8778,47.21564],[8.87492,47.21792],[8.86545,47.21878],[8.85899,47.22229],[8.84971,47.22181],[8.84807,47.21944],[8.8489,47.21675],[8.8439,47.21561],[8.83286,47.21709],[8.82621,47.22195],[8.81651,47.22266],[8.81211,47.22719],[8.81805,47.22966],[8.81551,47.2364],[8.80491,47.23743],[8.8002,47.23868],[8.79634,47.23812],[8.80903,47.24797]]]}},{"type":"Feature","properties":{"vogeId":3341,"vogeName":"Gommiswald"},"geometry":{"type":"Polygon","coordinates":[[[9.10521,47.21093],[9.08326,47.21005],[9.0642,47.22212],[9.04771,47.21489],[9.04339,47.22913],[9.02851,47.23053],[9.02829,47.22322],[9.00967,47.22795],[9.00144,47.23239],[8.98045,47.24118],[9.00942,47.26527],[9.04203,47.26676],[9.05313,47.25989],[9.07385,47.24959],[9.08544,47.24406],[9.10235,47.23531],[9.10521,47.21093]]]}},{"type":"Feature","properties":{"vogeId":3342,"vogeName":"Eschenbach (SG)"},"geometry":{"type":"Polygon","coordinates":[[[8.88513,47.25272],[8.93577,47.26058],[8.94856,47.28086],[8.93606,47.28684],[8.95715,47.30448],[8.97511,47.30708],[8.98497,47.31933],[9.02034,47.29811],[9.04782,47.28608],[9.04203,47.26676],[9.00942,47.26527],[8.98045,47.24118],[8.95927,47.23579],[8.95473,47.2351],[8.91771,47.22917],[8.87023,47.24529],[8.88513,47.25272]]]}},{"type":"Feature","properties":{"vogeId":3352,"vogeName":"Ebnat-Kappel"},"geometry":{"type":"Polygon","coordinates":[[[9.15089,47.28251],[9.19075,47.27669],[9.16541,47.24886],[9.14451,47.23155],[9.14992,47.21013],[9.12295,47.1859],[9.1141,47.19901],[9.10521,47.21093],[9.10235,47.23531],[9.08544,47.24406],[9.07385,47.24959],[9.0971,47.26285],[9.10255,47.27784],[9.15089,47.28251]]]}},{"type":"Feature","properties":{"vogeId":3359,"vogeName":"Wildhaus-Alt St. Johann"},"geometry":{"type":"Polygon","coordinates":[[[9.3167,47.15259],[9.28746,47.15546],[9.23825,47.14877],[9.22028,47.14472],[9.22159,47.16366],[9.23771,47.17326],[9.22741,47.18253],[9.23454,47.19302],[9.24933,47.19622],[9.25701,47.21595],[9.30333,47.22879],[9.32225,47.2461],[9.3425,47.2495],[9.37043,47.24008],[9.38196,47.23391],[9.40084,47.23717],[9.40272,47.23296],[9.38842,47.22499],[9.39756,47.20917],[9.38787,47.19754],[9.33774,47.17942],[9.3167,47.15259]]]}},{"type":"Feature","properties":{"vogeId":3360,"vogeName":"Nesslau"},"geometry":{"type":"Polygon","coordinates":[[[9.22741,47.18253],[9.21098,47.17741],[9.19783,47.18284],[9.16657,47.18674],[9.12975,47.17968],[9.12295,47.1859],[9.14992,47.21013],[9.14451,47.23155],[9.16541,47.24886],[9.19075,47.27669],[9.20635,47.27645],[9.21706,47.2721],[9.23381,47.26542],[9.25726,47.26327],[9.27378,47.27017],[9.28511,47.26402],[9.29732,47.2574],[9.30868,47.25886],[9.32225,47.2461],[9.30333,47.22879],[9.25701,47.21595],[9.24933,47.19622],[9.23454,47.19302],[9.22741,47.18253]]]}},{"type":"Feature","properties":{"vogeId":3372,"vogeName":"Hemberg"},"geometry":{"type":"Polygon","coordinates":[[[9.20986,47.32102],[9.21781,47.30792],[9.22432,47.29289],[9.20635,47.27645],[9.19075,47.27669],[9.15089,47.28251],[9.14671,47.30033],[9.15965,47.30865],[9.17024,47.31401],[9.20986,47.32102]]]}},{"type":"Feature","properties":{"vogeId":3374,"vogeName":"Lichtensteig"},"geometry":{"type":"Polygon","coordinates":[[[9.08137,47.33218],[9.09091,47.33324],[9.11672,47.31854],[9.09708,47.31315],[9.08422,47.32199],[9.08137,47.33218]]]}},{"type":"Feature","properties":{"vogeId":3375,"vogeName":"Oberhelfenschwil"},"geometry":{"type":"Polygon","coordinates":[[[9.11831,47.36911],[9.13899,47.34239],[9.12981,47.33864],[9.11718,47.33301],[9.12714,47.3257],[9.12307,47.31874],[9.11672,47.31854],[9.09091,47.33324],[9.08975,47.35415],[9.10695,47.36092],[9.10153,47.36861],[9.10849,47.37388],[9.11831,47.36911]]]}},{"type":"Feature","properties":{"vogeId":3378,"vogeName":"Neckertal"},"geometry":{"type":"Polygon","coordinates":[[[9.12307,47.31874],[9.12714,47.3257],[9.11718,47.33301],[9.12981,47.33864],[9.13899,47.34239],[9.11831,47.36911],[9.12584,47.37766],[9.12786,47.39136],[9.14429,47.38754],[9.15218,47.39339],[9.1639,47.38411],[9.18385,47.38411],[9.19131,47.36265],[9.19898,47.34806],[9.20662,47.33913],[9.22485,47.34244],[9.23356,47.332],[9.20986,47.32102],[9.17024,47.31401],[9.15965,47.30865],[9.14671,47.30033],[9.14164,47.3119],[9.12307,47.31874]]]}},{"type":"Feature","properties":{"vogeId":3379,"vogeName":"Wattwil"},"geometry":{"type":"Polygon","coordinates":[[[9.04919,47.33905],[9.057,47.33521],[9.0533,47.32526],[9.05915,47.32384],[9.07359,47.3296],[9.08137,47.33218],[9.08422,47.32199],[9.09708,47.31315],[9.11672,47.31854],[9.12307,47.31874],[9.14164,47.3119],[9.14671,47.30033],[9.15089,47.28251],[9.10255,47.27784],[9.0971,47.26285],[9.07385,47.24959],[9.05313,47.25989],[9.04203,47.26676],[9.04782,47.28608],[9.02034,47.29811],[9.02956,47.30365],[9.04919,47.33905]]]}},{"type":"Feature","properties":{"vogeId":3392,"vogeName":"Kirchberg (SG)"},"geometry":{"type":"Polygon","coordinates":[[[9.03799,47.44145],[9.05236,47.44379],[9.06258,47.43678],[9.06876,47.43087],[9.07665,47.42926],[9.07447,47.42482],[9.08298,47.42126],[9.07585,47.41793],[9.07794,47.41208],[9.07855,47.40998],[9.07384,47.40423],[9.06038,47.39427],[9.03494,47.37761],[9.01253,47.38627],[8.99383,47.37474],[8.97427,47.38037],[8.97142,47.39131],[8.97673,47.41064],[8.99043,47.41374],[8.98726,47.4293],[8.99923,47.43511],[9.01188,47.43345],[9.02211,47.44152],[9.03418,47.43538],[9.03799,47.44145]]]}},{"type":"Feature","properties":{"vogeId":3393,"vogeName":"L\u00fctisburg"},"geometry":{"type":"Polygon","coordinates":[[[9.07794,47.41208],[9.09977,47.41401],[9.10247,47.40591],[9.12084,47.40594],[9.14361,47.40173],[9.15218,47.39339],[9.14429,47.38754],[9.12786,47.39136],[9.12584,47.37766],[9.08395,47.39394],[9.08085,47.38905],[9.07664,47.38479],[9.06282,47.38498],[9.06038,47.39427],[9.07384,47.40423],[9.07855,47.40998],[9.07794,47.41208]]]}},{"type":"Feature","properties":{"vogeId":3394,"vogeName":"Mosnang"},"geometry":{"type":"Polygon","coordinates":[[[9.06038,47.39427],[9.06282,47.38498],[9.0574,47.37819],[9.06143,47.3544],[9.04187,47.34408],[9.04919,47.33905],[9.02956,47.30365],[9.02034,47.29811],[8.98497,47.31933],[8.97329,47.34621],[8.94355,47.37585],[8.97142,47.39131],[8.97427,47.38037],[8.99383,47.37474],[9.01253,47.38627],[9.03494,47.37761],[9.06038,47.39427]]]}},{"type":"Feature","properties":{"vogeId":3395,"vogeName":"B\u00fctschwil-Ganterschwil"},"geometry":{"type":"Polygon","coordinates":[[[9.06282,47.38498],[9.07664,47.38479],[9.08085,47.38905],[9.08395,47.39394],[9.12584,47.37766],[9.11831,47.36911],[9.10849,47.37388],[9.10153,47.36861],[9.10695,47.36092],[9.08975,47.35415],[9.09091,47.33324],[9.08137,47.33218],[9.07359,47.3296],[9.05915,47.32384],[9.0533,47.32526],[9.057,47.33521],[9.04919,47.33905],[9.04187,47.34408],[9.06143,47.3544],[9.0574,47.37819],[9.06282,47.38498]]]}},{"type":"Feature","properties":{"vogeId":3401,"vogeName":"Degersheim"},"geometry":{"type":"Polygon","coordinates":[[[9.14361,47.40173],[9.15587,47.40916],[9.18228,47.40533],[9.18754,47.39286],[9.21878,47.38462],[9.22089,47.37325],[9.21013,47.36311],[9.19131,47.36265],[9.18385,47.38411],[9.1639,47.38411],[9.15218,47.39339],[9.14361,47.40173]]]}},{"type":"Feature","properties":{"vogeId":3402,"vogeName":"Flawil"},"geometry":{"type":"Polygon","coordinates":[[[9.18325,47.428],[9.19891,47.41433],[9.21539,47.41199],[9.2326,47.39784],[9.23204,47.388],[9.21878,47.38462],[9.18754,47.39286],[9.18228,47.40533],[9.15587,47.40916],[9.18325,47.428]]]}},{"type":"Feature","properties":{"vogeId":3405,"vogeName":"Jonschwil"},"geometry":{"type":"Polygon","coordinates":[[[9.06288,47.44633],[9.06614,47.44926],[9.105,47.43602],[9.09862,47.42821],[9.11264,47.42666],[9.12084,47.40594],[9.10247,47.40591],[9.09977,47.41401],[9.07794,47.41208],[9.07585,47.41793],[9.08298,47.42126],[9.07447,47.42482],[9.07665,47.42926],[9.06876,47.43087],[9.06258,47.43678],[9.05236,47.44379],[9.06288,47.44633]]]}},{"type":"Feature","properties":{"vogeId":3407,"vogeName":"Oberuzwil"},"geometry":{"type":"Polygon","coordinates":[[[9.15388,47.43904],[9.18325,47.428],[9.15587,47.40916],[9.14361,47.40173],[9.12084,47.40594],[9.11264,47.42666],[9.09862,47.42821],[9.105,47.43602],[9.12613,47.43706],[9.15113,47.42416],[9.15651,47.429],[9.14599,47.43349],[9.15388,47.43904]]]}},{"type":"Feature","properties":{"vogeId":3408,"vogeName":"Uzwil"},"geometry":{"type":"Polygon","coordinates":[[[9.07906,47.4561],[9.11054,47.46087],[9.11791,47.46405],[9.12238,47.46189],[9.12585,47.45677],[9.1369,47.45452],[9.15226,47.4522],[9.15388,47.43904],[9.14599,47.43349],[9.15651,47.429],[9.15113,47.42416],[9.12613,47.43706],[9.105,47.43602],[9.06614,47.44926],[9.07333,47.45409],[9.07906,47.4561]]]}},{"type":"Feature","properties":{"vogeId":3422,"vogeName":"Niederb\u00fcren"},"geometry":{"type":"Polygon","coordinates":[[[9.20903,47.48],[9.23699,47.48091],[9.24535,47.45272],[9.23905,47.44103],[9.22426,47.44648],[9.192,47.44563],[9.1812,47.46251],[9.18422,47.46456],[9.20617,47.47602],[9.20903,47.48]]]}},{"type":"Feature","properties":{"vogeId":3423,"vogeName":"Niederhelfenschwil"},"geometry":{"type":"Polygon","coordinates":[[[9.16597,47.50394],[9.17756,47.49705],[9.20979,47.48924],[9.20903,47.48],[9.20617,47.47602],[9.18422,47.46456],[9.1812,47.46251],[9.16847,47.46211],[9.16419,47.47008],[9.15233,47.46847],[9.15183,47.45982],[9.12046,47.46595],[9.13366,47.47397],[9.129,47.48448],[9.15614,47.48796],[9.16597,47.50394]]]}},{"type":"Feature","properties":{"vogeId":3424,"vogeName":"Oberb\u00fcren"},"geometry":{"type":"Polygon","coordinates":[[[9.11791,47.46405],[9.12046,47.46595],[9.15183,47.45982],[9.15233,47.46847],[9.16419,47.47008],[9.16847,47.46211],[9.1812,47.46251],[9.192,47.44563],[9.22426,47.44648],[9.21301,47.43606],[9.21539,47.41199],[9.19891,47.41433],[9.18325,47.428],[9.15388,47.43904],[9.15226,47.4522],[9.1369,47.45452],[9.12585,47.45677],[9.12238,47.46189],[9.11791,47.46405]]]}},{"type":"Feature","properties":{"vogeId":3426,"vogeName":"Zuzwil (SG)"},"geometry":{"type":"Polygon","coordinates":[[[9.09101,47.48264],[9.129,47.48448],[9.13366,47.47397],[9.12046,47.46595],[9.11791,47.46405],[9.11054,47.46087],[9.07906,47.4561],[9.06423,47.46825],[9.09261,47.47546],[9.09101,47.48264]]]}},{"type":"Feature","properties":{"vogeId":3427,"vogeName":"Wil (SG)"},"geometry":{"type":"Polygon","coordinates":[[[9.0124,47.48941],[9.04213,47.49587],[9.05572,47.48732],[9.08049,47.49503],[9.09101,47.48264],[9.09261,47.47546],[9.06423,47.46825],[9.07906,47.4561],[9.07333,47.45409],[9.06614,47.44926],[9.06288,47.44633],[9.04358,47.45376],[9.02664,47.45668],[9.02798,47.46338],[9.01005,47.47123],[9.0124,47.48941]]]}},{"type":"Feature","properties":{"vogeId":3441,"vogeName":"Andwil (SG)"},"geometry":{"type":"Polygon","coordinates":[[[9.2632,47.4502],[9.28538,47.45508],[9.30117,47.43915],[9.29681,47.43116],[9.28622,47.427],[9.2609,47.43621],[9.2632,47.4502]]]}},{"type":"Feature","properties":{"vogeId":3442,"vogeName":"Gaiserwald"},"geometry":{"type":"Polygon","coordinates":[[[9.35846,47.45448],[9.3597,47.45103],[9.36285,47.45038],[9.36198,47.44502],[9.3579,47.43882],[9.36118,47.43548],[9.35718,47.43167],[9.35459,47.42902],[9.33782,47.42333],[9.31924,47.41736],[9.30868,47.41395],[9.30349,47.42105],[9.29681,47.43116],[9.30812,47.43023],[9.32059,47.44928],[9.35846,47.45448]]]}},{"type":"Feature","properties":{"vogeId":3443,"vogeName":"Gossau (SG)"},"geometry":{"type":"Polygon","coordinates":[[[9.24535,47.45272],[9.2632,47.4502],[9.2609,47.43621],[9.28622,47.427],[9.29681,47.43116],[9.30349,47.42105],[9.29568,47.41849],[9.29425,47.39687],[9.2326,47.39784],[9.21539,47.41199],[9.21301,47.43606],[9.22426,47.44648],[9.23905,47.44103],[9.24535,47.45272]]]}},{"type":"Feature","properties":{"vogeId":3444,"vogeName":"Waldkirch"},"geometry":{"type":"Polygon","coordinates":[[[9.32092,47.49062],[9.32212,47.48598],[9.32821,47.48483],[9.33713,47.48021],[9.34307,47.48101],[9.34611,47.47723],[9.35072,47.47924],[9.35194,47.47504],[9.35618,47.47303],[9.35878,47.47597],[9.36304,47.47441],[9.36134,47.47145],[9.36511,47.46885],[9.36399,47.4629],[9.36586,47.45809],[9.35969,47.457],[9.35846,47.45448],[9.32059,47.44928],[9.30812,47.43023],[9.29681,47.43116],[9.30117,47.43915],[9.28538,47.45508],[9.2632,47.4502],[9.24535,47.45272],[9.23699,47.48091],[9.2438,47.48081],[9.2513,47.47427],[9.28113,47.48306],[9.29842,47.47726],[9.32092,47.49062]]]}},{"type":"Feature","properties":{"vogeId":3506,"vogeName":"Vaz/Obervaz"},"geometry":{"type":"Polygon","coordinates":[[[9.51452,46.75282],[9.53496,46.75409],[9.54065,46.76787],[9.57465,46.74932],[9.59524,46.77103],[9.60195,46.7594],[9.59768,46.74246],[9.57798,46.72029],[9.55593,46.71772],[9.54151,46.6923],[9.52001,46.67463],[9.50925,46.67408],[9.51264,46.68656],[9.50156,46.6896],[9.50029,46.69127],[9.49458,46.69435],[9.49128,46.71352],[9.51194,46.72076],[9.50744,46.73772],[9.51452,46.75282]]]}},{"type":"Feature","properties":{"vogeId":3513,"vogeName":"Lantsch/Lenz"},"geometry":{"type":"Polygon","coordinates":[[[9.59768,46.74246],[9.61385,46.73783],[9.60813,46.7127],[9.595,46.70892],[9.58654,46.68221],[9.56828,46.67299],[9.54151,46.6923],[9.55593,46.71772],[9.57798,46.72029],[9.59768,46.74246]]]}},{"type":"Feature","properties":{"vogeId":3514,"vogeName":"Schmitten (GR)"},"geometry":{"type":"Polygon","coordinates":[[[9.66391,46.7294],[9.66907,46.72974],[9.6966,46.7077],[9.70184,46.68864],[9.69706,46.68679],[9.69055,46.68632],[9.68847,46.68472],[9.67715,46.68151],[9.67368,46.67874],[9.65353,46.72228],[9.66391,46.7294]]]}},{"type":"Feature","properties":{"vogeId":3542,"vogeName":"Albula/Alvra"},"geometry":{"type":"Polygon","coordinates":[[[9.49886,46.6247],[9.48881,46.64832],[9.5123,46.66029],[9.50925,46.67408],[9.52001,46.67463],[9.54151,46.6923],[9.56828,46.67299],[9.58654,46.68221],[9.595,46.70892],[9.60813,46.7127],[9.61385,46.73783],[9.68183,46.76174],[9.68664,46.76434],[9.69185,46.76035],[9.66258,46.73525],[9.66391,46.7294],[9.65353,46.72228],[9.67368,46.67874],[9.67198,46.67564],[9.66672,46.67275],[9.66254,46.6691],[9.65457,46.6603],[9.64651,46.61641],[9.62996,46.62151],[9.60349,46.64172],[9.58166,46.64378],[9.58332,46.64046],[9.58229,46.63705],[9.53632,46.64507],[9.51277,46.63177],[9.49886,46.6247]]]}},{"type":"Feature","properties":{"vogeId":3543,"vogeName":"Surses"},"geometry":{"type":"Polygon","coordinates":[[[9.64651,46.61641],[9.64989,46.61157],[9.7063,46.60299],[9.7057,46.58329],[9.71703,46.57665],[9.72642,46.55048],[9.71672,46.54261],[9.69485,46.5429],[9.70225,46.51154],[9.72775,46.50805],[9.72867,46.45069],[9.72203,46.44112],[9.70374,46.44059],[9.67276,46.42404],[9.63878,46.40454],[9.60749,46.40709],[9.60561,46.41026],[9.60664,46.44159],[9.59437,46.46348],[9.57016,46.46558],[9.55798,46.48477],[9.51998,46.49398],[9.53125,46.50288],[9.51841,46.517],[9.50343,46.51608],[9.49288,46.52612],[9.49786,46.55156],[9.50651,46.55589],[9.50176,46.56598],[9.49706,46.57741],[9.49503,46.58282],[9.49716,46.60353],[9.50445,46.61296],[9.49886,46.6247],[9.51277,46.63177],[9.53632,46.64507],[9.58229,46.63705],[9.58332,46.64046],[9.58166,46.64378],[9.60349,46.64172],[9.62996,46.62151],[9.64651,46.61641]]]}},{"type":"Feature","properties":{"vogeId":3544,"vogeName":"Berg\u00fcn Filisur"},"geometry":{"type":"Polygon","coordinates":[[[9.70184,46.68864],[9.71474,46.67599],[9.72457,46.68101],[9.71706,46.69401],[9.71895,46.69636],[9.7238,46.69984],[9.73213,46.70087],[9.7508,46.67675],[9.76475,46.67348],[9.77896,46.6708],[9.81913,46.68356],[9.83016,46.67497],[9.86051,46.69314],[9.88071,46.68435],[9.86435,46.65408],[9.88739,46.62432],[9.86376,46.61602],[9.86296,46.6032],[9.8322,46.59474],[9.83121,46.57251],[9.75064,46.5582],[9.72642,46.55048],[9.71703,46.57665],[9.7057,46.58329],[9.7063,46.60299],[9.64989,46.61157],[9.64651,46.61641],[9.65457,46.6603],[9.66254,46.6691],[9.66672,46.67275],[9.67198,46.67564],[9.67368,46.67874],[9.67715,46.68151],[9.68847,46.68472],[9.69055,46.68632],[9.69706,46.68679],[9.70184,46.68864]]]}},{"type":"Feature","properties":{"vogeId":3551,"vogeName":"Brusio"},"geometry":{"type":"Polygon","coordinates":[[[10.06074,46.24832],[10.08204,46.24783],[10.11198,46.28341],[10.10728,46.29174],[10.14241,46.30106],[10.1559,46.29521],[10.16478,46.27289],[10.17475,46.26787],[10.17649,46.25827],[10.16865,46.24816],[10.15515,46.24027],[10.14601,46.23048],[10.13634,46.22355],[10.11765,46.22265],[10.08594,46.22773],[10.07078,46.21718],[10.04229,46.22919],[10.06074,46.24832]]]}},{"type":"Feature","properties":{"vogeId":3561,"vogeName":"Poschiavo"},"geometry":{"type":"Polygon","coordinates":[[[9.95168,46.37713],[9.97048,46.3794],[9.98405,46.39821],[10.01865,46.41415],[10.0237,46.43136],[10.03922,46.42981],[10.04094,46.44232],[10.05789,46.44267],[10.05991,46.42919],[10.08019,46.42931],[10.08475,46.42234],[10.10237,46.42282],[10.10692,46.42928],[10.13278,46.43405],[10.14393,46.42975],[10.15212,46.41537],[10.16273,46.4181],[10.17016,46.40642],[10.16419,46.40298],[10.16773,46.38916],[10.15527,46.3805],[10.1455,46.38536],[10.12753,46.37757],[10.13293,46.36087],[10.11313,46.35193],[10.10799,46.33324],[10.11602,46.31572],[10.13954,46.30591],[10.14241,46.30106],[10.10728,46.29174],[10.11198,46.28341],[10.08204,46.24783],[10.06074,46.24832],[10.05631,46.26694],[10.03013,46.27681],[9.99618,46.28251],[9.98967,46.2952],[9.99791,46.30039],[9.99691,46.31221],[9.97739,46.3225],[9.98263,46.33478],[9.99504,46.34316],[9.99501,46.35197],[9.97789,46.35236],[9.95168,46.37713]]]}},{"type":"Feature","properties":{"vogeId":3572,"vogeName":"Falera"},"geometry":{"type":"Polygon","coordinates":[[[9.16546,46.87253],[9.23055,46.83794],[9.23387,46.82311],[9.24729,46.81544],[9.24294,46.79267],[9.22303,46.79387],[9.20603,46.80907],[9.18926,46.81739],[9.18371,46.833],[9.17125,46.85035],[9.16544,46.8582],[9.16546,46.87253]]]}},{"type":"Feature","properties":{"vogeId":3575,"vogeName":"Laax"},"geometry":{"type":"Polygon","coordinates":[[[9.14896,46.87622],[9.15632,46.88193],[9.19606,46.88147],[9.21303,46.89196],[9.25221,46.84148],[9.27506,46.82052],[9.29328,46.81545],[9.24294,46.79267],[9.24729,46.81544],[9.23387,46.82311],[9.23055,46.83794],[9.16546,46.87253],[9.14896,46.87622]]]}},{"type":"Feature","properties":{"vogeId":3581,"vogeName":"Sagogn"},"geometry":{"type":"Polygon","coordinates":[[[9.29328,46.81545],[9.30758,46.8073],[9.30079,46.80562],[9.30019,46.80115],[9.30231,46.79768],[9.30132,46.79516],[9.29816,46.79432],[9.29105,46.79637],[9.28187,46.79682],[9.27912,46.79507],[9.27792,46.7927],[9.26885,46.78971],[9.26339,46.78726],[9.25877,46.78331],[9.25224,46.78252],[9.24403,46.78489],[9.24294,46.79267],[9.29328,46.81545]]]}},{"type":"Feature","properties":{"vogeId":3582,"vogeName":"Schluein"},"geometry":{"type":"Polygon","coordinates":[[[9.20603,46.80907],[9.22303,46.79387],[9.24294,46.79267],[9.24403,46.78489],[9.23724,46.7832],[9.23128,46.77926],[9.21215,46.77688],[9.20488,46.78057],[9.21022,46.78616],[9.21328,46.79074],[9.19916,46.80454],[9.20603,46.80907]]]}},{"type":"Feature","properties":{"vogeId":3603,"vogeName":"Vals"},"geometry":{"type":"Polygon","coordinates":[[[9.233,46.57501],[9.20239,46.55385],[9.16324,46.54429],[9.15373,46.53279],[9.12381,46.52518],[9.10212,46.50908],[9.04974,46.51028],[9.04011,46.4937],[9.02318,46.50946],[9.02038,46.52801],[9.0167,46.53209],[9.02661,46.56569],[9.04388,46.58336],[9.05442,46.57739],[9.08174,46.57984],[9.12507,46.62279],[9.14266,46.62776],[9.14298,46.64522],[9.15458,46.65116],[9.1548,46.66519],[9.18319,46.66461],[9.1797,46.6675],[9.17888,46.66975],[9.1805,46.67137],[9.17841,46.67603],[9.17941,46.6793],[9.20591,46.68218],[9.21825,46.67661],[9.23481,46.6565],[9.24205,46.63891],[9.22857,46.62345],[9.24322,46.61352],[9.233,46.57501]]]}},{"type":"Feature","properties":{"vogeId":3618,"vogeName":"Lumnezia"},"geometry":{"type":"Polygon","coordinates":[[[9.23481,46.6565],[9.21825,46.67661],[9.20591,46.68218],[9.17941,46.6793],[9.17841,46.67603],[9.1805,46.67137],[9.17888,46.66975],[9.1797,46.6675],[9.18319,46.66461],[9.1548,46.66519],[9.15458,46.65116],[9.14298,46.64522],[9.14266,46.62776],[9.12507,46.62279],[9.08174,46.57984],[9.05442,46.57739],[9.04388,46.58336],[9.0341,46.59992],[9.00582,46.61106],[8.97319,46.6027],[8.96224,46.6027],[8.96424,46.61805],[8.95787,46.62992],[8.9691,46.63201],[9.00219,46.6244],[9.02523,46.6402],[9.01987,46.65595],[9.01779,46.67658],[9.08787,46.68559],[9.1038,46.70133],[9.11467,46.71266],[9.12602,46.72474],[9.14361,46.73582],[9.14878,46.73634],[9.15789,46.74128],[9.17864,46.74544],[9.19295,46.74463],[9.2174,46.74559],[9.21809,46.73961],[9.21421,46.73728],[9.21387,46.73385],[9.20789,46.72902],[9.20417,46.72475],[9.20212,46.71687],[9.22326,46.70609],[9.247,46.67989],[9.2455,46.66842],[9.23481,46.6565]]]}},{"type":"Feature","properties":{"vogeId":3619,"vogeName":"Ilanz/Glion"},"geometry":{"type":"Polygon","coordinates":[[[9.24403,46.78489],[9.25224,46.78252],[9.25877,46.78331],[9.26894,46.75941],[9.28933,46.74624],[9.29156,46.73292],[9.28415,46.71915],[9.29036,46.71741],[9.28664,46.70702],[9.27019,46.67758],[9.24579,46.65707],[9.23481,46.6565],[9.2455,46.66842],[9.247,46.67989],[9.22326,46.70609],[9.20212,46.71687],[9.20417,46.72475],[9.20789,46.72902],[9.21387,46.73385],[9.21421,46.73728],[9.21809,46.73961],[9.2174,46.74559],[9.19295,46.74463],[9.17864,46.74544],[9.17084,46.76079],[9.17415,46.76626],[9.16061,46.7702],[9.14451,46.77134],[9.13031,46.76871],[9.12757,46.77428],[9.1405,46.77931],[9.13769,46.78264],[9.12869,46.78143],[9.12015,46.79529],[9.09435,46.83851],[9.06561,46.87489],[9.0949,46.87089],[9.11132,46.85035],[9.13431,46.86046],[9.13893,46.86457],[9.14896,46.87622],[9.16546,46.87253],[9.16544,46.8582],[9.17125,46.85035],[9.18371,46.833],[9.18926,46.81739],[9.20603,46.80907],[9.19916,46.80454],[9.21328,46.79074],[9.21022,46.78616],[9.20488,46.78057],[9.21215,46.77688],[9.23128,46.77926],[9.23724,46.7832],[9.24403,46.78489]]]}},{"type":"Feature","properties":{"vogeId":3633,"vogeName":"F\u00fcrstenau"},"geometry":{"type":"Polygon","coordinates":[[[9.45827,46.72889],[9.45156,46.71095],[9.45025,46.71187],[9.44547,46.71583],[9.44005,46.72668],[9.45309,46.72809],[9.45827,46.72889]]]}},{"type":"Feature","properties":{"vogeId":3637,"vogeName":"Rothenbrunnen"},"geometry":{"type":"Polygon","coordinates":[[[9.40692,46.79473],[9.41457,46.79535],[9.42731,46.78214],[9.43449,46.77007],[9.42426,46.7601],[9.42316,46.76056],[9.42014,46.77002],[9.41377,46.78566],[9.40692,46.79473]]]}},{"type":"Feature","properties":{"vogeId":3638,"vogeName":"Scharans"},"geometry":{"type":"Polygon","coordinates":[[[9.45827,46.72889],[9.50744,46.73772],[9.51194,46.72076],[9.49128,46.71352],[9.49458,46.69435],[9.49037,46.69548],[9.48565,46.69496],[9.48167,46.69623],[9.47954,46.6991],[9.47459,46.6983],[9.47264,46.69997],[9.47385,46.70249],[9.47121,46.70373],[9.46585,46.70413],[9.46197,46.70793],[9.45156,46.71095],[9.45827,46.72889]]]}},{"type":"Feature","properties":{"vogeId":3640,"vogeName":"Sils im Domleschg"},"geometry":{"type":"Polygon","coordinates":[[[9.45025,46.71187],[9.45156,46.71095],[9.46197,46.70793],[9.46585,46.70413],[9.47121,46.70373],[9.47385,46.70249],[9.47264,46.69997],[9.47459,46.6983],[9.47954,46.6991],[9.48167,46.69623],[9.48565,46.69496],[9.49037,46.69548],[9.49458,46.69435],[9.50029,46.69127],[9.50156,46.6896],[9.46542,46.68069],[9.47554,46.67006],[9.45127,46.67318],[9.45068,46.67543],[9.45299,46.67748],[9.45373,46.67926],[9.45293,46.68166],[9.44901,46.68457],[9.44821,46.68712],[9.44364,46.69078],[9.44282,46.69274],[9.44497,46.69628],[9.44793,46.70385],[9.4479,46.70892],[9.45025,46.71187]]]}},{"type":"Feature","properties":{"vogeId":3661,"vogeName":"Cazis"},"geometry":{"type":"Polygon","coordinates":[[[9.42014,46.77002],[9.42316,46.76056],[9.42817,46.75062],[9.43756,46.73195],[9.44005,46.72668],[9.44547,46.71583],[9.42895,46.7112],[9.42746,46.71316],[9.41897,46.71376],[9.41535,46.70665],[9.35644,46.70572],[9.35601,46.71886],[9.3719,46.73726],[9.37635,46.74256],[9.38041,46.76204],[9.41091,46.76884],[9.42014,46.77002]]]}},{"type":"Feature","properties":{"vogeId":3662,"vogeName":"Flerden"},"geometry":{"type":"MultiPolygon","coordinates":[[[[9.39836,46.68261],[9.40206,46.66135],[9.3948,46.65849],[9.39016,46.67872],[9.39836,46.68261]]],[[[9.35644,46.70572],[9.41535,46.70665],[9.4149,46.69427],[9.38832,46.70204],[9.38035,46.6983],[9.35644,46.70572]]]]}},{"type":"Feature","properties":{"vogeId":3663,"vogeName":"Masein"},"geometry":{"type":"Polygon","coordinates":[[[9.42895,46.7112],[9.43457,46.69975],[9.42616,46.68407],[9.40985,46.67853],[9.4149,46.69427],[9.41535,46.70665],[9.41897,46.71376],[9.42746,46.71316],[9.42895,46.7112]]]}},{"type":"Feature","properties":{"vogeId":3668,"vogeName":"Thusis"},"geometry":{"type":"MultiPolygon","coordinates":[[[[9.50156,46.6896],[9.51264,46.68656],[9.50925,46.67408],[9.5123,46.66029],[9.48881,46.64832],[9.47554,46.67006],[9.46542,46.68069],[9.50156,46.6896]]],[[[9.44547,46.71583],[9.45025,46.71187],[9.4479,46.70892],[9.44793,46.70385],[9.44497,46.69628],[9.44282,46.69274],[9.44364,46.69078],[9.44821,46.68712],[9.44901,46.68457],[9.45293,46.68166],[9.45373,46.67926],[9.44011,46.6801],[9.4258,46.66825],[9.41069,46.66493],[9.40985,46.67853],[9.42616,46.68407],[9.43457,46.69975],[9.42895,46.7112],[9.44547,46.71583]]]]}},{"type":"Feature","properties":{"vogeId":3669,"vogeName":"Tschappina"},"geometry":{"type":"Polygon","coordinates":[[[9.35644,46.70572],[9.38035,46.6983],[9.39836,46.68261],[9.39016,46.67872],[9.3948,46.65849],[9.39006,46.65723],[9.36159,46.65547],[9.34268,46.63922],[9.33476,46.64308],[9.34179,46.66491],[9.32807,46.68171],[9.35644,46.70572]]]}},{"type":"Feature","properties":{"vogeId":3670,"vogeName":"Urmein"},"geometry":{"type":"Polygon","coordinates":[[[9.38035,46.6983],[9.38832,46.70204],[9.4149,46.69427],[9.40985,46.67853],[9.41069,46.66493],[9.40206,46.66135],[9.39836,46.68261],[9.38035,46.6983]]]}},{"type":"Feature","properties":{"vogeId":3672,"vogeName":"Safiental"},"geometry":{"type":"Polygon","coordinates":[[[9.25877,46.78331],[9.26339,46.78726],[9.26885,46.78971],[9.27792,46.7927],[9.27912,46.79507],[9.28187,46.79682],[9.29105,46.79637],[9.29816,46.79432],[9.30132,46.79516],[9.30231,46.79768],[9.30019,46.80115],[9.30079,46.80562],[9.30758,46.8073],[9.31122,46.80888],[9.31539,46.80628],[9.31851,46.80578],[9.32087,46.80917],[9.32355,46.80868],[9.32675,46.804],[9.33126,46.80467],[9.3432,46.79985],[9.35216,46.78059],[9.36913,46.77881],[9.38041,46.76204],[9.37635,46.74256],[9.3719,46.73726],[9.35601,46.71886],[9.35644,46.70572],[9.32807,46.68171],[9.34179,46.66491],[9.33476,46.64308],[9.34268,46.63922],[9.33701,46.63707],[9.3064,46.63116],[9.30682,46.61727],[9.31285,46.6109],[9.31358,46.59954],[9.30689,46.58696],[9.24283,46.57516],[9.233,46.57501],[9.24322,46.61352],[9.22857,46.62345],[9.24205,46.63891],[9.23481,46.6565],[9.24579,46.65707],[9.27019,46.67758],[9.28664,46.70702],[9.29036,46.71741],[9.28415,46.71915],[9.29156,46.73292],[9.28933,46.74624],[9.26894,46.75941],[9.25877,46.78331]]]}},{"type":"Feature","properties":{"vogeId":3673,"vogeName":"Domleschg"},"geometry":{"type":"Polygon","coordinates":[[[9.42316,46.76056],[9.42426,46.7601],[9.43449,46.77007],[9.42731,46.78214],[9.41457,46.79535],[9.45825,46.8119],[9.47499,46.79802],[9.49415,46.80051],[9.50154,46.78261],[9.49403,46.77379],[9.51239,46.75584],[9.51452,46.75282],[9.50744,46.73772],[9.45827,46.72889],[9.45309,46.72809],[9.44005,46.72668],[9.43756,46.73195],[9.42817,46.75062],[9.42316,46.76056]]]}},{"type":"Feature","properties":{"vogeId":3681,"vogeName":"Avers"},"geometry":{"type":"Polygon","coordinates":[[[9.46068,46.5064],[9.51998,46.49398],[9.55798,46.48477],[9.57016,46.46558],[9.59437,46.46348],[9.60664,46.44159],[9.60561,46.41026],[9.569,46.40214],[9.55638,46.38103],[9.52836,46.39334],[9.51803,46.43146],[9.50599,46.43705],[9.45434,46.41992],[9.45563,46.46065],[9.46315,46.465],[9.46228,46.47755],[9.44645,46.47739],[9.44527,46.48771],[9.46299,46.49068],[9.46068,46.5064]]]}},{"type":"Feature","properties":{"vogeId":3695,"vogeName":"Sufers"},"geometry":{"type":"Polygon","coordinates":[[[9.31358,46.59954],[9.33374,46.59488],[9.37587,46.58581],[9.41144,46.56892],[9.40374,46.54144],[9.40076,46.52701],[9.39471,46.51382],[9.37316,46.50404],[9.36221,46.5096],[9.35797,46.52206],[9.37267,46.5463],[9.34766,46.57135],[9.32052,46.57434],[9.30689,46.58696],[9.31358,46.59954]]]}},{"type":"Feature","properties":{"vogeId":3701,"vogeName":"Andeer"},"geometry":{"type":"Polygon","coordinates":[[[9.49706,46.57741],[9.45539,46.57397],[9.44596,46.57862],[9.42649,46.55313],[9.41538,46.54243],[9.40374,46.54144],[9.41144,46.56892],[9.37587,46.58581],[9.33374,46.59488],[9.34045,46.60133],[9.37743,46.59817],[9.38635,46.60399],[9.39832,46.61379],[9.43022,46.61816],[9.43188,46.62082],[9.43467,46.62376],[9.47269,46.61816],[9.49716,46.60353],[9.49503,46.58282],[9.49706,46.57741]]]}},{"type":"Feature","properties":{"vogeId":3711,"vogeName":"Rongellen"},"geometry":{"type":"Polygon","coordinates":[[[9.45373,46.67926],[9.45299,46.67748],[9.45068,46.67543],[9.45127,46.67318],[9.45202,46.66943],[9.44966,46.66619],[9.4258,46.66825],[9.44011,46.6801],[9.45373,46.67926]]]}},{"type":"Feature","properties":{"vogeId":3712,"vogeName":"Zillis-Reischen"},"geometry":{"type":"Polygon","coordinates":[[[9.45127,46.67318],[9.47554,46.67006],[9.48881,46.64832],[9.49886,46.6247],[9.50445,46.61296],[9.49716,46.60353],[9.47269,46.61816],[9.43467,46.62376],[9.43679,46.62656],[9.44087,46.62798],[9.44052,46.63679],[9.44328,46.63883],[9.44134,46.64066],[9.44187,46.64304],[9.44572,46.64446],[9.4476,46.64682],[9.44684,46.65027],[9.44959,46.65216],[9.45056,46.65408],[9.44966,46.66619],[9.45202,46.66943],[9.45127,46.67318]]]}},{"type":"Feature","properties":{"vogeId":3713,"vogeName":"Ferrera"},"geometry":{"type":"Polygon","coordinates":[[[9.40374,46.54144],[9.41538,46.54243],[9.42649,46.55313],[9.44596,46.57862],[9.45539,46.57397],[9.49706,46.57741],[9.50176,46.56598],[9.50651,46.55589],[9.49786,46.55156],[9.49288,46.52612],[9.50343,46.51608],[9.51841,46.517],[9.53125,46.50288],[9.51998,46.49398],[9.46068,46.5064],[9.45212,46.50416],[9.43559,46.49744],[9.42614,46.48909],[9.42744,46.47578],[9.41174,46.46695],[9.38967,46.47315],[9.36751,46.49548],[9.37316,46.50404],[9.39471,46.51382],[9.40076,46.52701],[9.40374,46.54144]]]}},{"type":"Feature","properties":{"vogeId":3714,"vogeName":"Rheinwald"},"geometry":{"type":"Polygon","coordinates":[[[9.07843,46.47807],[9.0541,46.47678],[9.04267,46.48217],[9.03893,46.49162],[9.04011,46.4937],[9.04974,46.51028],[9.10212,46.50908],[9.12381,46.52518],[9.15373,46.53279],[9.16324,46.54429],[9.20239,46.55385],[9.233,46.57501],[9.24283,46.57516],[9.30689,46.58696],[9.32052,46.57434],[9.34766,46.57135],[9.37267,46.5463],[9.35797,46.52206],[9.36221,46.5096],[9.35225,46.50544],[9.31072,46.50404],[9.29167,46.49495],[9.28161,46.49422],[9.271,46.5232],[9.20396,46.5062],[9.15598,46.50544],[9.07843,46.47807]]]}},{"type":"Feature","properties":{"vogeId":3715,"vogeName":"Muntogna da Schons"},"geometry":{"type":"Polygon","coordinates":[[[9.43467,46.62376],[9.43188,46.62082],[9.43022,46.61816],[9.39832,46.61379],[9.38635,46.60399],[9.37743,46.59817],[9.34045,46.60133],[9.33374,46.59488],[9.31358,46.59954],[9.31285,46.6109],[9.30682,46.61727],[9.3064,46.63116],[9.33701,46.63707],[9.34268,46.63922],[9.36159,46.65547],[9.39006,46.65723],[9.3948,46.65849],[9.40206,46.66135],[9.41069,46.66493],[9.4258,46.66825],[9.44966,46.66619],[9.45056,46.65408],[9.44959,46.65216],[9.44684,46.65027],[9.4476,46.64682],[9.44572,46.64446],[9.44187,46.64304],[9.44134,46.64066],[9.44328,46.63883],[9.44052,46.63679],[9.44087,46.62798],[9.43679,46.62656],[9.43467,46.62376]]]}},{"type":"Feature","properties":{"vogeId":3721,"vogeName":"Bonaduz"},"geometry":{"type":"Polygon","coordinates":[[[9.37837,46.82374],[9.39136,46.82307],[9.40356,46.8254],[9.40753,46.82354],[9.40989,46.82066],[9.40822,46.818],[9.41009,46.81394],[9.41614,46.81353],[9.41714,46.81023],[9.41299,46.80717],[9.37244,46.80846],[9.38161,46.78307],[9.36913,46.77881],[9.35216,46.78059],[9.3432,46.79985],[9.33126,46.80467],[9.33648,46.80653],[9.34051,46.80616],[9.34282,46.80821],[9.3445,46.81117],[9.35071,46.81554],[9.35501,46.81667],[9.359,46.81541],[9.36283,46.81594],[9.36934,46.82225],[9.37837,46.82374]]]}},{"type":"Feature","properties":{"vogeId":3722,"vogeName":"Domat/Ems"},"geometry":{"type":"Polygon","coordinates":[[[9.43975,46.83925],[9.4552,46.83838],[9.46128,46.83902],[9.47109,46.84318],[9.48507,46.84487],[9.48804,46.82272],[9.50352,46.81677],[9.49415,46.80051],[9.47499,46.79802],[9.45825,46.8119],[9.41457,46.79535],[9.40692,46.79473],[9.40519,46.79626],[9.40638,46.79833],[9.41148,46.80287],[9.41299,46.80717],[9.41714,46.81023],[9.41614,46.81353],[9.41009,46.81394],[9.40822,46.818],[9.40989,46.82066],[9.40753,46.82354],[9.41675,46.83024],[9.4265,46.83291],[9.4335,46.83413],[9.43975,46.83925]]]}},{"type":"Feature","properties":{"vogeId":3723,"vogeName":"Rh\u00e4z\u00fcns"},"geometry":{"type":"Polygon","coordinates":[[[9.41299,46.80717],[9.41148,46.80287],[9.40638,46.79833],[9.40519,46.79626],[9.40692,46.79473],[9.41377,46.78566],[9.42014,46.77002],[9.41091,46.76884],[9.38041,46.76204],[9.36913,46.77881],[9.38161,46.78307],[9.37244,46.80846],[9.41299,46.80717]]]}},{"type":"Feature","properties":{"vogeId":3731,"vogeName":"Felsberg"},"geometry":{"type":"Polygon","coordinates":[[[9.44669,46.87496],[9.45967,46.88563],[9.49462,46.8538],[9.48507,46.84487],[9.47109,46.84318],[9.46128,46.83902],[9.4552,46.83838],[9.43975,46.83925],[9.42923,46.85212],[9.45568,46.85703],[9.44669,46.87496]]]}},{"type":"Feature","properties":{"vogeId":3732,"vogeName":"Flims"},"geometry":{"type":"Polygon","coordinates":[[[9.24889,46.91633],[9.26591,46.908],[9.25835,46.88363],[9.30125,46.87742],[9.34065,46.84199],[9.32098,46.83156],[9.32087,46.80917],[9.31851,46.80578],[9.31539,46.80628],[9.31122,46.80888],[9.30758,46.8073],[9.29328,46.81545],[9.27506,46.82052],[9.25221,46.84148],[9.21303,46.89196],[9.22769,46.90741],[9.24889,46.91633]]]}},{"type":"Feature","properties":{"vogeId":3733,"vogeName":"Tamins"},"geometry":{"type":"Polygon","coordinates":[[[9.34185,46.90123],[9.37498,46.89799],[9.41447,46.89657],[9.44275,46.87757],[9.44669,46.87496],[9.45568,46.85703],[9.42923,46.85212],[9.43975,46.83925],[9.4335,46.83413],[9.4265,46.83291],[9.41675,46.83024],[9.40753,46.82354],[9.40356,46.8254],[9.39136,46.82307],[9.37837,46.82374],[9.38387,46.83947],[9.36729,46.8714],[9.34128,46.89169],[9.34185,46.90123]]]}},{"type":"Feature","properties":{"vogeId":3734,"vogeName":"Trin"},"geometry":{"type":"Polygon","coordinates":[[[9.26591,46.908],[9.29358,46.90889],[9.34185,46.90123],[9.34128,46.89169],[9.36729,46.8714],[9.38387,46.83947],[9.37837,46.82374],[9.36934,46.82225],[9.36283,46.81594],[9.359,46.81541],[9.35501,46.81667],[9.35071,46.81554],[9.3445,46.81117],[9.34282,46.80821],[9.34051,46.80616],[9.33648,46.80653],[9.33126,46.80467],[9.32675,46.804],[9.32355,46.80868],[9.32087,46.80917],[9.32098,46.83156],[9.34065,46.84199],[9.30125,46.87742],[9.25835,46.88363],[9.26591,46.908]]]}},{"type":"Feature","properties":{"vogeId":3746,"vogeName":"Zernez"},"geometry":{"type":"Polygon","coordinates":[[[10.26503,46.68427],[10.27959,46.65897],[10.26122,46.64568],[10.24524,46.64369],[10.25419,46.62659],[10.24479,46.6222],[10.23718,46.63493],[10.23099,46.63209],[10.22522,46.62865],[10.21926,46.617],[10.19253,46.62332],[10.18332,46.6225],[10.12671,46.60369],[10.10172,46.60906],[9.96586,46.67696],[9.96275,46.68704],[9.95545,46.69362],[9.95961,46.71548],[9.94509,46.72595],[9.93521,46.74976],[9.96368,46.75466],[9.96699,46.7631],[9.9986,46.79614],[10.02576,46.79672],[10.03116,46.81109],[10.062,46.81307],[10.06986,46.83618],[10.09697,46.84885],[10.10447,46.84165],[10.11377,46.81635],[10.11852,46.79458],[10.13969,46.79185],[10.13539,46.76417],[10.14991,46.74979],[10.14547,46.72391],[10.17929,46.71489],[10.19612,46.69806],[10.21565,46.69474],[10.26503,46.68427]]]}},{"type":"Feature","properties":{"vogeId":3752,"vogeName":"Samnaun"},"geometry":{"type":"Polygon","coordinates":[[[10.31594,46.92524],[10.30502,46.9397],[10.31038,46.95166],[10.32783,46.95406],[10.32875,46.96688],[10.34974,46.99293],[10.36885,46.99244],[10.37965,47.00053],[10.39782,46.99931],[10.42409,46.97772],[10.42646,46.97572],[10.42364,46.96146],[10.38689,46.93971],[10.37913,46.90063],[10.34354,46.90348],[10.31594,46.92524]]]}},{"type":"Feature","properties":{"vogeId":3762,"vogeName":"Scuol"},"geometry":{"type":"Polygon","coordinates":[[[10.10447,46.84165],[10.11984,46.84816],[10.13578,46.84809],[10.14385,46.85238],[10.1581,46.84995],[10.17924,46.85945],[10.19356,46.86717],[10.23211,46.86997],[10.24431,46.87116],[10.261,46.88972],[10.25749,46.92983],[10.29217,46.92225],[10.28793,46.91011],[10.32315,46.88787],[10.33573,46.84603],[10.38051,46.82741],[10.42646,46.78978],[10.44161,46.77191],[10.44594,46.76104],[10.44249,46.75142],[10.40046,46.7331],[10.41872,46.71874],[10.41497,46.70763],[10.40138,46.70485],[10.39566,46.69051],[10.38191,46.68475],[10.39135,46.67315],[10.39239,46.65535],[10.3376,46.65168],[10.31533,46.66195],[10.31284,46.67396],[10.27679,46.6907],[10.26503,46.68427],[10.21565,46.69474],[10.19612,46.69806],[10.17929,46.71489],[10.14547,46.72391],[10.14991,46.74979],[10.13539,46.76417],[10.13969,46.79185],[10.11852,46.79458],[10.11377,46.81635],[10.10447,46.84165]]]}},{"type":"Feature","properties":{"vogeId":3764,"vogeName":"Valsot"},"geometry":{"type":"MultiPolygon","coordinates":[[[[10.29217,46.92225],[10.31594,46.92524],[10.34354,46.90348],[10.37913,46.90063],[10.38689,46.93971],[10.42364,46.96146],[10.45378,46.9532],[10.47475,46.94204],[10.49184,46.938],[10.4852,46.93191],[10.48913,46.92598],[10.4856,46.91517],[10.47716,46.90912],[10.47506,46.89588],[10.46489,46.88689],[10.47282,46.87205],[10.47047,46.85837],[10.47478,46.85108],[10.47004,46.83478],[10.46141,46.82903],[10.46301,46.81749],[10.4539,46.8031],[10.42646,46.78978],[10.38051,46.82741],[10.33573,46.84603],[10.32315,46.88787],[10.28793,46.91011],[10.29217,46.92225]]],[[[10.25749,46.92983],[10.261,46.88972],[10.24431,46.87116],[10.23211,46.86997],[10.23263,46.88429],[10.22429,46.89241],[10.23442,46.9056],[10.24047,46.93114],[10.25749,46.92983]]]]}},{"type":"Feature","properties":{"vogeId":3781,"vogeName":"Bever"},"geometry":{"type":"MultiPolygon","coordinates":[[[[9.72642,46.55048],[9.75064,46.5582],[9.76821,46.5462],[9.7586,46.51459],[9.74474,46.50352],[9.72775,46.50805],[9.70225,46.51154],[9.69485,46.5429],[9.71672,46.54261],[9.72642,46.55048]]],[[[9.83121,46.57251],[9.88299,46.57156],[9.89475,46.57489],[9.91269,46.56659],[9.9095,46.55546],[9.93474,46.53624],[9.93179,46.53033],[9.90059,46.54131],[9.89788,46.54541],[9.89951,46.54686],[9.8998,46.54835],[9.85382,46.54859],[9.83924,46.54203],[9.8112,46.54396],[9.83121,46.57251]]]]}},{"type":"Feature","properties":{"vogeId":3782,"vogeName":"Celerina/Schlarigna"},"geometry":{"type":"Polygon","coordinates":[[[9.78467,46.50883],[9.78654,46.52611],[9.80942,46.534],[9.86498,46.52357],[9.88213,46.50812],[9.89954,46.49355],[9.86958,46.4721],[9.86325,46.47015],[9.85334,46.50276],[9.83346,46.51229],[9.78467,46.50883]]]}},{"type":"Feature","properties":{"vogeId":3783,"vogeName":"Madulain"},"geometry":{"type":"MultiPolygon","coordinates":[[[[9.98872,46.50712],[10.01875,46.52391],[10.02443,46.51676],[10.00773,46.50803],[10.00989,46.47827],[9.98311,46.47782],[9.98872,46.50712]]],[[[9.90054,46.62837],[9.91275,46.62646],[9.92596,46.5978],[9.95863,46.58424],[9.96577,46.56975],[9.95163,46.56842],[9.94037,46.58091],[9.90656,46.59375],[9.91316,46.60122],[9.90054,46.62837]]]]}},{"type":"Feature","properties":{"vogeId":3784,"vogeName":"Pontresina"},"geometry":{"type":"Polygon","coordinates":[[[9.88213,46.50812],[9.89414,46.51219],[9.94379,46.49542],[9.96724,46.47713],[9.98311,46.47782],[10.00989,46.47827],[10.04266,46.47812],[10.05105,46.46732],[10.03919,46.44773],[10.04094,46.44232],[10.03922,46.42981],[10.0237,46.43136],[10.01865,46.41415],[9.98405,46.39821],[9.97048,46.3794],[9.95168,46.37713],[9.93324,46.37306],[9.93691,46.36566],[9.92063,46.36483],[9.90734,46.38094],[9.90025,46.43067],[9.90587,46.45146],[9.8997,46.46772],[9.86958,46.4721],[9.89954,46.49355],[9.88213,46.50812]]]}},{"type":"Feature","properties":{"vogeId":3785,"vogeName":"La Punt Chamues-ch"},"geometry":{"type":"Polygon","coordinates":[[[9.86296,46.6032],[9.90656,46.59375],[9.94037,46.58091],[9.95163,46.56842],[9.96577,46.56975],[9.98513,46.56364],[9.98872,46.50712],[9.98311,46.47782],[9.96724,46.47713],[9.94379,46.49542],[9.95356,46.51387],[9.93179,46.53033],[9.93474,46.53624],[9.9095,46.55546],[9.91269,46.56659],[9.89475,46.57489],[9.88299,46.57156],[9.83121,46.57251],[9.8322,46.59474],[9.86296,46.6032]]]}},{"type":"Feature","properties":{"vogeId":3786,"vogeName":"Samedan"},"geometry":{"type":"MultiPolygon","coordinates":[[[[9.86325,46.47015],[9.86958,46.4721],[9.8997,46.46772],[9.90587,46.45146],[9.90025,46.43067],[9.90734,46.38094],[9.88701,46.37437],[9.87577,46.36192],[9.83188,46.36061],[9.81502,46.37172],[9.81993,46.41268],[9.83959,46.42929],[9.84799,46.45778],[9.86325,46.47015]]],[[[9.75064,46.5582],[9.83121,46.57251],[9.8112,46.54396],[9.83924,46.54203],[9.85382,46.54859],[9.8998,46.54835],[9.89951,46.54686],[9.89788,46.54541],[9.90059,46.54131],[9.93179,46.53033],[9.95356,46.51387],[9.94379,46.49542],[9.89414,46.51219],[9.88213,46.50812],[9.86498,46.52357],[9.80942,46.534],[9.78654,46.52611],[9.78467,46.50883],[9.7586,46.51459],[9.76821,46.5462],[9.75064,46.5582]]]]}},{"type":"Feature","properties":{"vogeId":3787,"vogeName":"St. Moritz"},"geometry":{"type":"Polygon","coordinates":[[[9.78467,46.50883],[9.83346,46.51229],[9.85334,46.50276],[9.86325,46.47015],[9.84799,46.45778],[9.82005,46.47629],[9.80356,46.48678],[9.7746,46.48231],[9.74474,46.50352],[9.7586,46.51459],[9.78467,46.50883]]]}},{"type":"Feature","properties":{"vogeId":3788,"vogeName":"S-chanf"},"geometry":{"type":"Polygon","coordinates":[[[9.95545,46.69362],[9.96275,46.68704],[9.96586,46.67696],[10.10172,46.60906],[10.09926,46.60001],[10.10431,46.58451],[10.0967,46.57513],[10.08232,46.57352],[10.0875,46.56534],[10.06449,46.54676],[10.04395,46.54215],[9.99977,46.55674],[10.00787,46.59091],[9.97519,46.60389],[9.96783,46.61868],[9.94249,46.62656],[9.91275,46.62646],[9.90054,46.62837],[9.88739,46.62432],[9.86435,46.65408],[9.88071,46.68435],[9.89491,46.68165],[9.92936,46.69584],[9.95545,46.69362]]]}},{"type":"Feature","properties":{"vogeId":3789,"vogeName":"Sils im Engadin/Segl"},"geometry":{"type":"Polygon","coordinates":[[[9.72867,46.45069],[9.75511,46.45926],[9.78365,46.44912],[9.7957,46.44439],[9.80589,46.4176],[9.81993,46.41268],[9.81502,46.37172],[9.83188,46.36061],[9.8121,46.3458],[9.78476,46.34084],[9.74855,46.42028],[9.71806,46.41552],[9.70131,46.41451],[9.67276,46.42404],[9.70374,46.44059],[9.72203,46.44112],[9.72867,46.45069]]]}},{"type":"Feature","properties":{"vogeId":3790,"vogeName":"Silvaplana"},"geometry":{"type":"Polygon","coordinates":[[[9.72775,46.50805],[9.74474,46.50352],[9.7746,46.48231],[9.80356,46.48678],[9.82005,46.47629],[9.84799,46.45778],[9.83959,46.42929],[9.81993,46.41268],[9.80589,46.4176],[9.7957,46.44439],[9.78365,46.44912],[9.75511,46.45926],[9.72867,46.45069],[9.72775,46.50805]]]}},{"type":"Feature","properties":{"vogeId":3791,"vogeName":"Zuoz"},"geometry":{"type":"MultiPolygon","coordinates":[[[[9.91275,46.62646],[9.94249,46.62656],[9.96783,46.61868],[9.97519,46.60389],[10.00787,46.59091],[9.99977,46.55674],[10.04395,46.54215],[10.05656,46.53051],[10.05394,46.51325],[10.04317,46.50737],[10.04988,46.49393],[10.04266,46.47812],[10.00989,46.47827],[10.00773,46.50803],[10.02443,46.51676],[10.01875,46.52391],[9.98872,46.50712],[9.98513,46.56364],[9.96577,46.56975],[9.95863,46.58424],[9.92596,46.5978],[9.91275,46.62646]]],[[[9.88739,46.62432],[9.90054,46.62837],[9.91316,46.60122],[9.90656,46.59375],[9.86296,46.6032],[9.86376,46.61602],[9.88739,46.62432]]]]}},{"type":"Feature","properties":{"vogeId":3792,"vogeName":"Bregaglia"},"geometry":{"type":"Polygon","coordinates":[[[9.45434,46.41992],[9.50599,46.43705],[9.51803,46.43146],[9.52836,46.39334],[9.55638,46.38103],[9.569,46.40214],[9.60561,46.41026],[9.60749,46.40709],[9.63878,46.40454],[9.67276,46.42404],[9.70131,46.41451],[9.71806,46.41552],[9.74855,46.42028],[9.78476,46.34084],[9.77026,46.33472],[9.73691,46.35063],[9.72293,46.34076],[9.7277,46.33275],[9.71835,46.32189],[9.72896,46.32034],[9.72696,46.30978],[9.71651,46.30446],[9.71447,46.29286],[9.68688,46.29191],[9.67617,46.30168],[9.64221,46.28622],[9.62045,46.28635],[9.60475,46.29382],[9.57851,46.29342],[9.5563,46.30503],[9.54723,46.30028],[9.52974,46.31344],[9.51467,46.33208],[9.50106,46.35428],[9.49435,46.365],[9.46116,46.3759],[9.46101,46.38367],[9.46877,46.38905],[9.45434,46.41992]]]}},{"type":"Feature","properties":{"vogeId":3804,"vogeName":"Buseno"},"geometry":{"type":"Polygon","coordinates":[[[9.06969,46.29876],[9.07882,46.29953],[9.0986,46.28491],[9.10744,46.29075],[9.12176,46.28695],[9.13705,46.28583],[9.1301,46.27668],[9.11197,46.26486],[9.12553,46.25092],[9.11747,46.2488],[9.09216,46.27037],[9.07928,46.27056],[9.06969,46.29876]]]}},{"type":"Feature","properties":{"vogeId":3805,"vogeName":"Castaneda"},"geometry":{"type":"Polygon","coordinates":[[[9.1301,46.27668],[9.13455,46.26974],[9.12902,46.26311],[9.14596,46.25838],[9.13371,46.24975],[9.12553,46.25092],[9.11197,46.26486],[9.1301,46.27668]]]}},{"type":"Feature","properties":{"vogeId":3808,"vogeName":"Rossa"},"geometry":{"type":"Polygon","coordinates":[[[9.08731,46.38882],[9.10319,46.41307],[9.08588,46.43706],[9.10459,46.43694],[9.11932,46.4524],[9.1361,46.44737],[9.17462,46.38424],[9.15765,46.34031],[9.07171,46.34367],[9.09134,46.35309],[9.09486,46.37364],[9.08731,46.38882]]]}},{"type":"Feature","properties":{"vogeId":3810,"vogeName":"Santa Maria in Calanca"},"geometry":{"type":"Polygon","coordinates":[[[9.15317,46.31798],[9.16534,46.28824],[9.14596,46.25838],[9.12902,46.26311],[9.13455,46.26974],[9.1301,46.27668],[9.13705,46.28583],[9.14943,46.31207],[9.15317,46.31798]]]}},{"type":"Feature","properties":{"vogeId":3821,"vogeName":"Lostallo"},"geometry":{"type":"Polygon","coordinates":[[[9.16224,46.33755],[9.18958,46.33056],[9.20832,46.33938],[9.21408,46.33869],[9.27096,46.33106],[9.28507,46.31441],[9.28515,46.29724],[9.27085,46.28165],[9.26138,46.27733],[9.25701,46.26635],[9.23993,46.26662],[9.22795,46.2807],[9.2128,46.27914],[9.18012,46.29189],[9.15918,46.31834],[9.16224,46.33755]]]}},{"type":"Feature","properties":{"vogeId":3822,"vogeName":"Mesocco"},"geometry":{"type":"Polygon","coordinates":[[[9.28161,46.49422],[9.27477,46.48313],[9.27957,46.48022],[9.27487,46.46626],[9.27828,46.46172],[9.27475,46.45641],[9.26408,46.45046],[9.24703,46.44685],[9.24963,46.43128],[9.27873,46.41603],[9.28366,46.40386],[9.27534,46.39489],[9.28433,46.38429],[9.27789,46.37813],[9.2762,46.36771],[9.26061,46.36049],[9.24259,46.36033],[9.23245,46.37662],[9.17462,46.38424],[9.1361,46.44737],[9.11932,46.4524],[9.10459,46.43694],[9.08588,46.43706],[9.09506,46.46037],[9.07843,46.47807],[9.15598,46.50544],[9.20396,46.5062],[9.271,46.5232],[9.28161,46.49422]]]}},{"type":"Feature","properties":{"vogeId":3823,"vogeName":"Soazza"},"geometry":{"type":"Polygon","coordinates":[[[9.17462,46.38424],[9.23245,46.37662],[9.24259,46.36033],[9.26061,46.36049],[9.2762,46.36771],[9.27992,46.35928],[9.29626,46.35573],[9.29872,46.343],[9.29402,46.33576],[9.29994,46.32671],[9.29519,46.31783],[9.28507,46.31441],[9.27096,46.33106],[9.21408,46.33869],[9.20832,46.33938],[9.18958,46.33056],[9.16224,46.33755],[9.15765,46.34031],[9.17462,46.38424]]]}},{"type":"Feature","properties":{"vogeId":3831,"vogeName":"Cama"},"geometry":{"type":"Polygon","coordinates":[[[9.18012,46.29189],[9.2128,46.27914],[9.20397,46.27391],[9.19121,46.27769],[9.18624,46.26806],[9.21706,46.26683],[9.25258,46.24671],[9.24872,46.2305],[9.23655,46.23174],[9.2251,46.22759],[9.21902,46.23172],[9.21899,46.24426],[9.20994,46.25261],[9.16548,46.26465],[9.16891,46.26788],[9.17473,46.2763],[9.17477,46.28466],[9.18012,46.29189]]]}},{"type":"Feature","properties":{"vogeId":3832,"vogeName":"Grono"},"geometry":{"type":"MultiPolygon","coordinates":[[[[9.2251,46.22759],[9.22285,46.21315],[9.21627,46.20862],[9.20181,46.20721],[9.18558,46.22702],[9.15085,46.23039],[9.13371,46.24975],[9.14596,46.25838],[9.16534,46.28824],[9.15317,46.31798],[9.15918,46.31834],[9.18012,46.29189],[9.17477,46.28466],[9.17473,46.2763],[9.16891,46.26788],[9.16548,46.26465],[9.20994,46.25261],[9.21899,46.24426],[9.21902,46.23172],[9.2251,46.22759]]],[[[9.25258,46.24671],[9.21706,46.26683],[9.18624,46.26806],[9.19121,46.27769],[9.20397,46.27391],[9.2128,46.27914],[9.22795,46.2807],[9.23993,46.26662],[9.25701,46.26635],[9.25258,46.24671]]]]}},{"type":"Feature","properties":{"vogeId":3834,"vogeName":"Roveredo (GR)"},"geometry":{"type":"Polygon","coordinates":[[[9.12553,46.25092],[9.13371,46.24975],[9.15085,46.23039],[9.18558,46.22702],[9.20181,46.20721],[9.194,46.17852],[9.18371,46.16868],[9.17245,46.16989],[9.16986,46.19994],[9.16376,46.21048],[9.15842,46.21012],[9.15611,46.19313],[9.16669,46.16998],[9.15936,46.16965],[9.13926,46.17876],[9.11908,46.20026],[9.08906,46.21235],[9.1062,46.21404],[9.11286,46.22155],[9.10068,46.22964],[9.10737,46.23059],[9.11173,46.23545],[9.11713,46.23761],[9.12553,46.25092]]]}},{"type":"Feature","properties":{"vogeId":3835,"vogeName":"San Vittore"},"geometry":{"type":"MultiPolygon","coordinates":[[[[9.16669,46.16998],[9.15611,46.19313],[9.15842,46.21012],[9.16376,46.21048],[9.16986,46.19994],[9.17245,46.16989],[9.16669,46.16998]]],[[[9.06427,46.30317],[9.06969,46.29876],[9.07928,46.27056],[9.09216,46.27037],[9.11747,46.2488],[9.12553,46.25092],[9.11713,46.23761],[9.11173,46.23545],[9.10737,46.23059],[9.10068,46.22964],[9.11286,46.22155],[9.1062,46.21404],[9.08906,46.21235],[9.07224,46.23558],[9.0757,46.25494],[9.07704,46.26238],[9.06258,46.27617],[9.05442,46.29316],[9.06427,46.30317]]]]}},{"type":"Feature","properties":{"vogeId":3837,"vogeName":"Calanca"},"geometry":{"type":"Polygon","coordinates":[[[9.13705,46.28583],[9.12176,46.28695],[9.10744,46.29075],[9.0986,46.28491],[9.07882,46.29953],[9.06969,46.29876],[9.06427,46.30317],[9.07506,46.31481],[9.06578,46.32405],[9.06559,46.33256],[9.07171,46.34367],[9.15765,46.34031],[9.16224,46.33755],[9.15918,46.31834],[9.15317,46.31798],[9.14943,46.31207],[9.13705,46.28583]]]}},{"type":"Feature","properties":{"vogeId":3847,"vogeName":"Val M\u00fcstair"},"geometry":{"type":"Polygon","coordinates":[[[10.24479,46.6222],[10.25419,46.62659],[10.24524,46.64369],[10.26122,46.64568],[10.27959,46.65897],[10.26503,46.68427],[10.27679,46.6907],[10.31284,46.67396],[10.31533,46.66195],[10.3376,46.65168],[10.39239,46.65535],[10.39655,46.64957],[10.39975,46.63858],[10.40619,46.63767],[10.42527,46.63896],[10.44898,46.64282],[10.4629,46.63588],[10.48385,46.62262],[10.49465,46.61576],[10.48703,46.60357],[10.49043,46.58869],[10.48719,46.57877],[10.47786,46.56782],[10.4806,46.55684],[10.47418,46.54208],[10.46312,46.53983],[10.46038,46.53483],[10.45003,46.52928],[10.41697,46.54927],[10.39703,46.54396],[10.3685,46.55321],[10.35451,46.55462],[10.35206,46.54647],[10.33824,46.54279],[10.32555,46.55177],[10.31399,46.54445],[10.29074,46.55235],[10.29424,46.55943],[10.28165,46.5705],[10.26951,46.57768],[10.25421,46.57134],[10.24406,46.57801],[10.24211,46.59209],[10.25657,46.6122],[10.24479,46.6222]]]}},{"type":"Feature","properties":{"vogeId":3851,"vogeName":"Davos"},"geometry":{"type":"Polygon","coordinates":[[[9.66907,46.72974],[9.68451,46.74019],[9.70197,46.73985],[9.72083,46.75664],[9.7329,46.7664],[9.72522,46.77566],[9.80272,46.81992],[9.80486,46.83287],[9.8202,46.86003],[9.848,46.859],[9.87082,46.85224],[9.88967,46.82242],[9.93257,46.80895],[9.95864,46.79539],[9.95743,46.77436],[9.96699,46.7631],[9.96368,46.75466],[9.93521,46.74976],[9.94509,46.72595],[9.95961,46.71548],[9.95545,46.69362],[9.92936,46.69584],[9.89491,46.68165],[9.88071,46.68435],[9.86051,46.69314],[9.83016,46.67497],[9.81913,46.68356],[9.77896,46.6708],[9.76475,46.67348],[9.7508,46.67675],[9.73213,46.70087],[9.7238,46.69984],[9.71895,46.69636],[9.71706,46.69401],[9.72457,46.68101],[9.71474,46.67599],[9.70184,46.68864],[9.6966,46.7077],[9.66907,46.72974]]]}},{"type":"Feature","properties":{"vogeId":3861,"vogeName":"Fideris"},"geometry":{"type":"Polygon","coordinates":[[[9.70239,46.86182],[9.71396,46.88055],[9.73285,46.8863],[9.73104,46.89664],[9.71195,46.90732],[9.72864,46.92461],[9.74135,46.92226],[9.74947,46.92269],[9.75434,46.92095],[9.75516,46.91914],[9.76144,46.91364],[9.76742,46.91158],[9.77104,46.9121],[9.75977,46.89068],[9.76904,46.86616],[9.72328,46.8514],[9.70239,46.86182]]]}},{"type":"Feature","properties":{"vogeId":3862,"vogeName":"Furna"},"geometry":{"type":"Polygon","coordinates":[[[9.66888,46.95803],[9.68131,46.95391],[9.66955,46.94712],[9.6968,46.93718],[9.6824,46.92627],[9.69032,46.90058],[9.67565,46.86668],[9.67402,46.86537],[9.65021,46.86523],[9.63236,46.87349],[9.65535,46.89186],[9.63594,46.92269],[9.63574,46.92314],[9.62802,46.94882],[9.66888,46.95803]]]}},{"type":"Feature","properties":{"vogeId":3863,"vogeName":"Jenaz"},"geometry":{"type":"Polygon","coordinates":[[[9.68131,46.95391],[9.70432,46.95032],[9.71196,46.93957],[9.71663,46.93291],[9.72864,46.92461],[9.71195,46.90732],[9.73104,46.89664],[9.73285,46.8863],[9.71396,46.88055],[9.70239,46.86182],[9.67565,46.86668],[9.69032,46.90058],[9.6824,46.92627],[9.6968,46.93718],[9.66955,46.94712],[9.68131,46.95391]]]}},{"type":"Feature","properties":{"vogeId":3871,"vogeName":"Klosters"},"geometry":{"type":"Polygon","coordinates":[[[9.87644,46.93663],[9.91602,46.9222],[9.92812,46.91641],[9.94101,46.91329],[9.98023,46.91556],[9.98572,46.90334],[10.00351,46.89936],[10.01556,46.90223],[10.05361,46.87598],[10.05498,46.86251],[10.09177,46.86166],[10.09697,46.84885],[10.06986,46.83618],[10.062,46.81307],[10.03116,46.81109],[10.02576,46.79672],[9.9986,46.79614],[9.96699,46.7631],[9.95743,46.77436],[9.95864,46.79539],[9.93257,46.80895],[9.88967,46.82242],[9.87082,46.85224],[9.848,46.859],[9.8202,46.86003],[9.80486,46.83287],[9.79273,46.83775],[9.80231,46.85144],[9.79551,46.85516],[9.81454,46.88433],[9.80527,46.88826],[9.81181,46.9041],[9.80868,46.90446],[9.80475,46.90708],[9.79838,46.91035],[9.79436,46.91088],[9.79281,46.92166],[9.82377,46.9255],[9.83533,46.93257],[9.84555,46.92982],[9.84844,46.93409],[9.87644,46.93663]]]}},{"type":"Feature","properties":{"vogeId":3881,"vogeName":"Conters im Pr\u00e4ttigau"},"geometry":{"type":"Polygon","coordinates":[[[9.77104,46.9121],[9.77641,46.91169],[9.78498,46.91242],[9.79436,46.91088],[9.79838,46.91035],[9.80475,46.90708],[9.80868,46.90446],[9.81181,46.9041],[9.80527,46.88826],[9.81454,46.88433],[9.79551,46.85516],[9.76904,46.86616],[9.75977,46.89068],[9.77104,46.9121]]]}},{"type":"Feature","properties":{"vogeId":3882,"vogeName":"K\u00fcblis"},"geometry":{"type":"Polygon","coordinates":[[[9.83533,46.93257],[9.82377,46.9255],[9.79281,46.92166],[9.79436,46.91088],[9.78498,46.91242],[9.77641,46.91169],[9.77104,46.9121],[9.77449,46.92443],[9.79883,46.9411],[9.83533,46.93257]]]}},{"type":"Feature","properties":{"vogeId":3891,"vogeName":"Luzein"},"geometry":{"type":"Polygon","coordinates":[[[9.83533,46.93257],[9.79883,46.9411],[9.77449,46.92443],[9.77104,46.9121],[9.76742,46.91158],[9.76144,46.91364],[9.75516,46.91914],[9.75434,46.92095],[9.74947,46.92269],[9.74135,46.92226],[9.72864,46.92461],[9.71663,46.93291],[9.71196,46.93957],[9.70432,46.95032],[9.72127,46.947],[9.73215,46.95932],[9.75531,46.96438],[9.76198,46.98336],[9.77295,46.98194],[9.81669,46.98895],[9.81551,47.00286],[9.83088,47.01434],[9.85044,47.01871],[9.86061,47.02447],[9.87986,47.02182],[9.88161,47.01581],[9.87075,47.00962],[9.89105,47.00053],[9.89175,46.98633],[9.87068,46.96333],[9.87736,46.95692],[9.87644,46.93663],[9.84844,46.93409],[9.84555,46.92982],[9.83533,46.93257]]]}},{"type":"Feature","properties":{"vogeId":3901,"vogeName":"Chur"},"geometry":{"type":"Polygon","coordinates":[[[9.59449,46.86988],[9.59515,46.8527],[9.58402,46.8326],[9.58017,46.83178],[9.57892,46.83434],[9.57509,46.83381],[9.56376,46.83104],[9.55724,46.83071],[9.55013,46.83264],[9.54596,46.83495],[9.5446,46.82886],[9.51522,46.82939],[9.50352,46.81677],[9.48804,46.82272],[9.48507,46.84487],[9.49462,46.8538],[9.45967,46.88563],[9.46728,46.89087],[9.4665,46.89999],[9.49869,46.89583],[9.51542,46.90434],[9.5401,46.89762],[9.53967,46.89225],[9.53682,46.88842],[9.56835,46.87335],[9.57879,46.85928],[9.59449,46.86988]]]}},{"type":"Feature","properties":{"vogeId":3911,"vogeName":"Churwalden"},"geometry":{"type":"Polygon","coordinates":[[[9.56376,46.83104],[9.57353,46.80025],[9.5796,46.78924],[9.59524,46.77103],[9.57465,46.74932],[9.54065,46.76787],[9.53496,46.75409],[9.51452,46.75282],[9.51239,46.75584],[9.49403,46.77379],[9.50154,46.78261],[9.49415,46.80051],[9.50352,46.81677],[9.51522,46.82939],[9.5446,46.82886],[9.54596,46.83495],[9.55013,46.83264],[9.55724,46.83071],[9.56376,46.83104]]]}},{"type":"Feature","properties":{"vogeId":3921,"vogeName":"Arosa"},"geometry":{"type":"Polygon","coordinates":[[[9.66907,46.72974],[9.66391,46.7294],[9.66258,46.73525],[9.69185,46.76035],[9.68664,46.76434],[9.68183,46.76174],[9.61385,46.73783],[9.59768,46.74246],[9.60195,46.7594],[9.61908,46.76191],[9.64011,46.79391],[9.61749,46.81136],[9.61673,46.82571],[9.6103,46.82763],[9.60538,46.82817],[9.60212,46.83077],[9.59188,46.8329],[9.58402,46.8326],[9.59515,46.8527],[9.59449,46.86988],[9.60781,46.87172],[9.61979,46.8682],[9.62295,46.86844],[9.63236,46.87349],[9.65021,46.86523],[9.67402,46.86537],[9.67565,46.86668],[9.70239,46.86182],[9.72328,46.8514],[9.76904,46.86616],[9.79551,46.85516],[9.80231,46.85144],[9.79273,46.83775],[9.80486,46.83287],[9.80272,46.81992],[9.72522,46.77566],[9.7329,46.7664],[9.72083,46.75664],[9.70197,46.73985],[9.68451,46.74019],[9.66907,46.72974]]]}},{"type":"Feature","properties":{"vogeId":3932,"vogeName":"Tschiertschen-Praden"},"geometry":{"type":"Polygon","coordinates":[[[9.58402,46.8326],[9.59188,46.8329],[9.60212,46.83077],[9.60538,46.82817],[9.6103,46.82763],[9.61673,46.82571],[9.61749,46.81136],[9.64011,46.79391],[9.61908,46.76191],[9.60195,46.7594],[9.59524,46.77103],[9.5796,46.78924],[9.57353,46.80025],[9.56376,46.83104],[9.57509,46.83381],[9.57892,46.83434],[9.58017,46.83178],[9.58402,46.8326]]]}},{"type":"Feature","properties":{"vogeId":3945,"vogeName":"Trimmis"},"geometry":{"type":"Polygon","coordinates":[[[9.59573,46.92316],[9.61853,46.92004],[9.63594,46.92269],[9.65535,46.89186],[9.63236,46.87349],[9.62295,46.86844],[9.61979,46.8682],[9.60781,46.87172],[9.59449,46.86988],[9.57879,46.85928],[9.56835,46.87335],[9.53682,46.88842],[9.53967,46.89225],[9.5401,46.89762],[9.5452,46.90738],[9.5547,46.91452],[9.55603,46.91972],[9.57628,46.92039],[9.59573,46.92316]]]}},{"type":"Feature","properties":{"vogeId":3946,"vogeName":"Untervaz"},"geometry":{"type":"Polygon","coordinates":[[[9.49652,46.94469],[9.54389,46.94831],[9.54509,46.94455],[9.54491,46.94008],[9.55831,46.93207],[9.55854,46.92639],[9.55603,46.91972],[9.5547,46.91452],[9.5452,46.90738],[9.5401,46.89762],[9.51542,46.90434],[9.49869,46.89583],[9.4665,46.89999],[9.47924,46.91006],[9.49652,46.94469]]]}},{"type":"Feature","properties":{"vogeId":3947,"vogeName":"Zizers"},"geometry":{"type":"Polygon","coordinates":[[[9.54389,46.94831],[9.54631,46.96424],[9.54986,46.9688],[9.5693,46.94261],[9.58412,46.93651],[9.59577,46.95227],[9.60639,46.93684],[9.59573,46.92316],[9.57628,46.92039],[9.55603,46.91972],[9.55854,46.92639],[9.55831,46.93207],[9.54491,46.94008],[9.54509,46.94455],[9.54389,46.94831]]]}},{"type":"Feature","properties":{"vogeId":3951,"vogeName":"Fl\u00e4sch"},"geometry":{"type":"MultiPolygon","coordinates":[[[[9.47584,47.05165],[9.53059,47.06306],[9.51863,47.04521],[9.53359,47.03598],[9.54493,47.04369],[9.54764,47.03244],[9.51029,47.01013],[9.4916,47.03361],[9.4851,47.04029],[9.47732,47.04909],[9.47584,47.05165]]],[[[9.55683,47.04854],[9.58671,47.05754],[9.61384,47.0318],[9.60246,47.02888],[9.55765,47.04077],[9.55683,47.04854]]]]}},{"type":"Feature","properties":{"vogeId":3952,"vogeName":"Jenins"},"geometry":{"type":"Polygon","coordinates":[[[9.55437,46.98603],[9.54165,47.0003],[9.55865,47.02612],[9.57699,47.02861],[9.57393,47.01389],[9.61632,47.02638],[9.62721,47.02274],[9.60315,47.01259],[9.57761,47.00441],[9.55437,46.98603]]]}},{"type":"Feature","properties":{"vogeId":3953,"vogeName":"Maienfeld"},"geometry":{"type":"Polygon","coordinates":[[[9.53059,47.06306],[9.53969,47.06513],[9.55386,47.05875],[9.55683,47.04854],[9.55765,47.04077],[9.60246,47.02888],[9.61384,47.0318],[9.58671,47.05754],[9.60251,47.06367],[9.61525,47.06104],[9.61947,47.05394],[9.63317,47.05293],[9.63584,47.03556],[9.61632,47.02638],[9.57393,47.01389],[9.57699,47.02861],[9.55865,47.02612],[9.54165,47.0003],[9.55437,46.98603],[9.5623,46.97618],[9.56225,46.96902],[9.54986,46.9688],[9.54545,46.97664],[9.51029,47.01013],[9.54764,47.03244],[9.54493,47.04369],[9.53359,47.03598],[9.51863,47.04521],[9.53059,47.06306]]]}},{"type":"Feature","properties":{"vogeId":3954,"vogeName":"Malans"},"geometry":{"type":"Polygon","coordinates":[[[9.55437,46.98603],[9.57761,47.00441],[9.60315,47.01259],[9.59099,46.98461],[9.60879,46.97397],[9.58141,46.97001],[9.56225,46.96902],[9.5623,46.97618],[9.55437,46.98603]]]}},{"type":"Feature","properties":{"vogeId":3955,"vogeName":"Landquart"},"geometry":{"type":"MultiPolygon","coordinates":[[[[9.56225,46.96902],[9.58141,46.97001],[9.60879,46.97397],[9.59577,46.95227],[9.58412,46.93651],[9.5693,46.94261],[9.54986,46.9688],[9.56225,46.96902]]],[[[9.52369,46.97256],[9.54545,46.97664],[9.54986,46.9688],[9.54631,46.96424],[9.54389,46.94831],[9.49652,46.94469],[9.49934,46.9536],[9.51853,46.95564],[9.52369,46.97256]]]]}},{"type":"Feature","properties":{"vogeId":3961,"vogeName":"Gr\u00fcsch"},"geometry":{"type":"Polygon","coordinates":[[[9.66888,46.95803],[9.62802,46.94882],[9.63574,46.92314],[9.63594,46.92269],[9.61853,46.92004],[9.59573,46.92316],[9.60639,46.93684],[9.59577,46.95227],[9.60879,46.97397],[9.62884,46.97463],[9.6455,46.98581],[9.66128,47.01895],[9.68259,47.02764],[9.74334,47.02629],[9.72767,47.00734],[9.66486,46.98036],[9.66888,46.95803]]]}},{"type":"Feature","properties":{"vogeId":3962,"vogeName":"Schiers"},"geometry":{"type":"Polygon","coordinates":[[[9.74334,47.02629],[9.776,47.0313],[9.78222,47.03968],[9.83088,47.01434],[9.81551,47.00286],[9.81669,46.98895],[9.77295,46.98194],[9.76198,46.98336],[9.75531,46.96438],[9.73215,46.95932],[9.72127,46.947],[9.70432,46.95032],[9.68131,46.95391],[9.66888,46.95803],[9.66486,46.98036],[9.72767,47.00734],[9.74334,47.02629]]]}},{"type":"Feature","properties":{"vogeId":3972,"vogeName":"Seewis im Pr\u00e4ttigau"},"geometry":{"type":"Polygon","coordinates":[[[9.63317,47.05293],[9.6443,47.06063],[9.66409,47.0595],[9.68183,47.06349],[9.68962,47.05557],[9.70812,47.0561],[9.71137,47.04768],[9.74411,47.04404],[9.75065,47.03898],[9.78222,47.03968],[9.776,47.0313],[9.74334,47.02629],[9.68259,47.02764],[9.66128,47.01895],[9.6455,46.98581],[9.62884,46.97463],[9.60879,46.97397],[9.59099,46.98461],[9.60315,47.01259],[9.62721,47.02274],[9.61632,47.02638],[9.63584,47.03556],[9.63317,47.05293]]]}},{"type":"Feature","properties":{"vogeId":3981,"vogeName":"Breil/Brigels"},"geometry":{"type":"Polygon","coordinates":[[[9.06561,46.87489],[9.09435,46.83851],[9.12015,46.79529],[9.12869,46.78143],[9.13769,46.78264],[9.1405,46.77931],[9.12757,46.77428],[9.13031,46.76871],[9.09352,46.75298],[9.05016,46.74912],[9.03157,46.73401],[9.02524,46.73977],[9.03105,46.7467],[9.0189,46.76777],[8.98196,46.78485],[8.96107,46.7914],[8.95677,46.80593],[9.00896,46.8112],[9.03456,46.83503],[9.04533,46.86518],[9.05316,46.87179],[9.06561,46.87489]]]}},{"type":"Feature","properties":{"vogeId":3982,"vogeName":"Disentis/Must\u00e9r"},"geometry":{"type":"Polygon","coordinates":[[[8.87762,46.81442],[8.89825,46.81431],[8.91476,46.81111],[8.89001,46.79978],[8.87782,46.76337],[8.89651,46.74193],[8.90519,46.69047],[8.85676,46.68691],[8.8304,46.67126],[8.8065,46.67259],[8.80069,46.69028],[8.77211,46.71106],[8.78194,46.72841],[8.81307,46.7373],[8.81913,46.76409],[8.83357,46.7678],[8.82709,46.78609],[8.82885,46.79353],[8.84639,46.79555],[8.87762,46.81442]]]}},{"type":"Feature","properties":{"vogeId":3983,"vogeName":"Medel (Lucmagn)"},"geometry":{"type":"Polygon","coordinates":[[[8.8065,46.67259],[8.8304,46.67126],[8.85676,46.68691],[8.90519,46.69047],[8.91273,46.655],[8.95332,46.65924],[8.9691,46.63201],[8.95787,46.62992],[8.94259,46.61908],[8.92281,46.62307],[8.907,46.61701],[8.91732,46.59388],[8.90365,46.58406],[8.83166,46.56377],[8.78532,46.56776],[8.7507,46.57622],[8.75943,46.59538],[8.78716,46.61476],[8.78615,46.63686],[8.80065,46.66221],[8.8065,46.67259]]]}},{"type":"Feature","properties":{"vogeId":3985,"vogeName":"Sumvitg"},"geometry":{"type":"Polygon","coordinates":[[[8.91476,46.81111],[8.92826,46.79646],[8.96928,46.73322],[8.96504,46.69417],[9.01015,46.68295],[9.01779,46.67658],[9.01987,46.65595],[9.02523,46.6402],[9.00219,46.6244],[8.9691,46.63201],[8.95332,46.65924],[8.91273,46.655],[8.90519,46.69047],[8.89651,46.74193],[8.87782,46.76337],[8.89001,46.79978],[8.91476,46.81111]]]}},{"type":"Feature","properties":{"vogeId":3986,"vogeName":"Tujetsch"},"geometry":{"type":"Polygon","coordinates":[[[8.69243,46.70182],[8.70893,46.6991],[8.74312,46.71558],[8.74764,46.73583],[8.76805,46.74619],[8.78194,46.72841],[8.77211,46.71106],[8.80069,46.69028],[8.8065,46.67259],[8.80065,46.66221],[8.78615,46.63686],[8.78716,46.61476],[8.75943,46.59538],[8.7507,46.57622],[8.69972,46.57322],[8.67822,46.58032],[8.67882,46.61599],[8.65155,46.63554],[8.65478,46.64998],[8.67858,46.6642],[8.67373,46.6768],[8.67251,46.69203],[8.69243,46.70182]]]}},{"type":"Feature","properties":{"vogeId":3987,"vogeName":"Trun"},"geometry":{"type":"Polygon","coordinates":[[[9.03157,46.73401],[9.01246,46.72382],[9.01015,46.68295],[8.96504,46.69417],[8.96928,46.73322],[8.92826,46.79646],[8.95677,46.80593],[8.96107,46.7914],[8.98196,46.78485],[9.0189,46.76777],[9.03105,46.7467],[9.02524,46.73977],[9.03157,46.73401]]]}},{"type":"Feature","properties":{"vogeId":3988,"vogeName":"Obersaxen Mundaun"},"geometry":{"type":"Polygon","coordinates":[[[9.17864,46.74544],[9.15789,46.74128],[9.14878,46.73634],[9.14361,46.73582],[9.12602,46.72474],[9.11467,46.71266],[9.1038,46.70133],[9.08787,46.68559],[9.01779,46.67658],[9.01015,46.68295],[9.01246,46.72382],[9.03157,46.73401],[9.05016,46.74912],[9.09352,46.75298],[9.13031,46.76871],[9.14451,46.77134],[9.16061,46.7702],[9.17415,46.76626],[9.17084,46.76079],[9.17864,46.74544]]]}},{"type":"Feature","properties":{"vogeId":4001,"vogeName":"Aarau"},"geometry":{"type":"Polygon","coordinates":[[[8.03593,47.40172],[8.05524,47.4049],[8.06251,47.40576],[8.06731,47.40886],[8.0705,47.41019],[8.07866,47.41014],[8.0864,47.41234],[8.10408,47.41224],[8.11351,47.40472],[8.07126,47.39795],[8.06503,47.38888],[8.0586,47.38145],[8.06756,47.3726],[8.05484,47.36968],[8.03906,47.37738],[8.02766,47.37117],[8.03119,47.38279],[8.02745,47.39311],[8.02657,47.39565],[8.03593,47.40172]]]}},{"type":"Feature","properties":{"vogeId":4002,"vogeName":"Biberstein"},"geometry":{"type":"Polygon","coordinates":[[[8.06777,47.42916],[8.09833,47.42332],[8.10408,47.41224],[8.0864,47.41234],[8.07866,47.41014],[8.0705,47.41019],[8.06777,47.42916]]]}},{"type":"Feature","properties":{"vogeId":4003,"vogeName":"Buchs (AG)"},"geometry":{"type":"Polygon","coordinates":[[[8.11351,47.40472],[8.1164,47.40023],[8.0918,47.39067],[8.08763,47.38293],[8.07445,47.38062],[8.06503,47.38888],[8.07126,47.39795],[8.11351,47.40472]]]}},{"type":"Feature","properties":{"vogeId":4004,"vogeName":"Densb\u00fcren"},"geometry":{"type":"Polygon","coordinates":[[[8.02889,47.46189],[8.07434,47.46583],[8.09238,47.45678],[8.06427,47.44007],[8.06667,47.43185],[8.03019,47.43592],[8.02991,47.45189],[8.02889,47.46189]]]}},{"type":"Feature","properties":{"vogeId":4005,"vogeName":"Erlinsbach (AG)"},"geometry":{"type":"Polygon","coordinates":[[[7.98724,47.42867],[8.01539,47.43092],[8.03593,47.40172],[8.02657,47.39565],[8.01047,47.39498],[8.00873,47.40245],[8.00698,47.40813],[7.97016,47.42189],[7.9827,47.42839],[7.98724,47.42867]]]}},{"type":"Feature","properties":{"vogeId":4006,"vogeName":"Gr\u00e4nichen"},"geometry":{"type":"Polygon","coordinates":[[[8.11431,47.3783],[8.12353,47.37228],[8.12089,47.36096],[8.13669,47.35668],[8.14297,47.33471],[8.11171,47.33385],[8.10656,47.33836],[8.08609,47.33071],[8.07106,47.34333],[8.07113,47.34915],[8.08674,47.36637],[8.11431,47.3783]]]}},{"type":"Feature","properties":{"vogeId":4007,"vogeName":"Hirschthal"},"geometry":{"type":"Polygon","coordinates":[[[8.04435,47.32452],[8.08553,47.32221],[8.08221,47.30984],[8.04338,47.31871],[8.04435,47.32452]]]}},{"type":"Feature","properties":{"vogeId":4008,"vogeName":"K\u00fcttigen"},"geometry":{"type":"Polygon","coordinates":[[[8.03019,47.43592],[8.06667,47.43185],[8.06777,47.42916],[8.0705,47.41019],[8.06731,47.40886],[8.06251,47.40576],[8.05524,47.4049],[8.03593,47.40172],[8.01539,47.43092],[8.03019,47.43592]]]}},{"type":"Feature","properties":{"vogeId":4009,"vogeName":"Muhen"},"geometry":{"type":"Polygon","coordinates":[[[8.04571,47.34466],[8.07106,47.34333],[8.08609,47.33071],[8.08553,47.32221],[8.04435,47.32452],[8.04215,47.33005],[8.04571,47.34466]]]}},{"type":"Feature","properties":{"vogeId":4010,"vogeName":"Oberentfelden"},"geometry":{"type":"Polygon","coordinates":[[[8.01919,47.36345],[8.02306,47.36477],[8.05881,47.36071],[8.07113,47.34915],[8.07106,47.34333],[8.04571,47.34466],[8.01179,47.34976],[8.01919,47.36345]]]}},{"type":"Feature","properties":{"vogeId":4012,"vogeName":"Suhr"},"geometry":{"type":"Polygon","coordinates":[[[8.1164,47.40023],[8.11584,47.39173],[8.10605,47.38835],[8.11431,47.3783],[8.08674,47.36637],[8.07113,47.34915],[8.05881,47.36071],[8.05484,47.36968],[8.06756,47.3726],[8.0586,47.38145],[8.06503,47.38888],[8.07445,47.38062],[8.08763,47.38293],[8.0918,47.39067],[8.1164,47.40023]]]}},{"type":"Feature","properties":{"vogeId":4013,"vogeName":"Unterentfelden"},"geometry":{"type":"Polygon","coordinates":[[[8.02766,47.37117],[8.03906,47.37738],[8.05484,47.36968],[8.05881,47.36071],[8.02306,47.36477],[8.02513,47.36775],[8.02766,47.37117]]]}},{"type":"Feature","properties":{"vogeId":4021,"vogeName":"Baden"},"geometry":{"type":"Polygon","coordinates":[[[8.27054,47.48458],[8.2746,47.48321],[8.27982,47.48302],[8.28395,47.48538],[8.29006,47.48429],[8.2962,47.48484],[8.30296,47.48166],[8.31069,47.4819],[8.31521,47.48097],[8.31609,47.47888],[8.31193,47.47458],[8.31163,47.4704],[8.30906,47.46565],[8.31078,47.46011],[8.30782,47.44521],[8.28062,47.44735],[8.27005,47.46817],[8.26706,47.47983],[8.27054,47.48458]]]}},{"type":"Feature","properties":{"vogeId":4022,"vogeName":"Bellikon"},"geometry":{"type":"Polygon","coordinates":[[[8.35589,47.4038],[8.36244,47.40241],[8.3626,47.39837],[8.36437,47.38284],[8.35177,47.37518],[8.34685,47.37865],[8.33268,47.39891],[8.35589,47.4038]]]}},{"type":"Feature","properties":{"vogeId":4023,"vogeName":"Bergdietikon"},"geometry":{"type":"Polygon","coordinates":[[[8.3626,47.39837],[8.39653,47.39392],[8.39958,47.37479],[8.40042,47.37061],[8.397,47.36974],[8.38923,47.37876],[8.36655,47.37805],[8.36437,47.38284],[8.3626,47.39837]]]}},{"type":"Feature","properties":{"vogeId":4024,"vogeName":"Birmenstorf (AG)"},"geometry":{"type":"Polygon","coordinates":[[[8.23309,47.47127],[8.27005,47.46817],[8.28062,47.44735],[8.26163,47.43704],[8.25199,47.4304],[8.24929,47.43161],[8.24935,47.43534],[8.24986,47.43936],[8.25376,47.44187],[8.25699,47.44543],[8.25773,47.44901],[8.25506,47.45261],[8.24335,47.45896],[8.22996,47.45875],[8.22703,47.46056],[8.23207,47.46322],[8.23325,47.46664],[8.23309,47.47127]]]}},{"type":"Feature","properties":{"vogeId":4026,"vogeName":"Ennetbaden"},"geometry":{"type":"Polygon","coordinates":[[[8.32462,47.48657],[8.32643,47.48641],[8.34152,47.47868],[8.31193,47.47458],[8.31609,47.47888],[8.31521,47.48097],[8.31069,47.4819],[8.32462,47.48657]]]}},{"type":"Feature","properties":{"vogeId":4027,"vogeName":"Fislisbach"},"geometry":{"type":"Polygon","coordinates":[[[8.28062,47.44735],[8.30782,47.44521],[8.31434,47.44158],[8.30675,47.43552],[8.28979,47.4249],[8.26163,47.43704],[8.28062,47.44735]]]}},{"type":"Feature","properties":{"vogeId":4028,"vogeName":"Freienwil"},"geometry":{"type":"Polygon","coordinates":[[[8.29296,47.50949],[8.33747,47.50811],[8.33693,47.50319],[8.32643,47.48641],[8.32462,47.48657],[8.29296,47.50949]]]}},{"type":"Feature","properties":{"vogeId":4029,"vogeName":"Gebenstorf"},"geometry":{"type":"Polygon","coordinates":[[[8.23678,47.50482],[8.2438,47.50343],[8.24706,47.494],[8.25122,47.48397],[8.26706,47.47983],[8.27005,47.46817],[8.23309,47.47127],[8.23043,47.47561],[8.22526,47.47863],[8.22688,47.48071],[8.23186,47.47993],[8.23507,47.48215],[8.23991,47.48689],[8.23704,47.49243],[8.23678,47.50482]]]}},{"type":"Feature","properties":{"vogeId":4030,"vogeName":"Killwangen"},"geometry":{"type":"Polygon","coordinates":[[[8.34626,47.43716],[8.3598,47.43317],[8.34116,47.4178],[8.32886,47.42774],[8.34626,47.43716]]]}},{"type":"Feature","properties":{"vogeId":4031,"vogeName":"K\u00fcnten"},"geometry":{"type":"Polygon","coordinates":[[[8.32227,47.40003],[8.33268,47.39891],[8.34685,47.37865],[8.32801,47.37731],[8.32005,47.37572],[8.31032,47.37625],[8.30605,47.37852],[8.30773,47.38432],[8.31298,47.38667],[8.32227,47.40003]]]}},{"type":"Feature","properties":{"vogeId":4032,"vogeName":"M\u00e4genwil"},"geometry":{"type":"Polygon","coordinates":[[[8.23377,47.4253],[8.23738,47.42378],[8.25005,47.40668],[8.23365,47.40232],[8.21635,47.41273],[8.23377,47.4253]]]}},{"type":"Feature","properties":{"vogeId":4033,"vogeName":"Mellingen"},"geometry":{"type":"Polygon","coordinates":[[[8.26163,47.43704],[8.28979,47.4249],[8.28915,47.41341],[8.28344,47.41047],[8.26707,47.40761],[8.25199,47.4304],[8.26163,47.43704]]]}},{"type":"Feature","properties":{"vogeId":4034,"vogeName":"Neuenhof"},"geometry":{"type":"Polygon","coordinates":[[[8.30782,47.44521],[8.31078,47.46011],[8.31415,47.45755],[8.31297,47.45502],[8.31681,47.4541],[8.32276,47.45659],[8.32708,47.45715],[8.33135,47.45458],[8.3358,47.44947],[8.33663,47.44499],[8.34064,47.44033],[8.34626,47.43716],[8.32886,47.42774],[8.31434,47.44158],[8.30782,47.44521]]]}},{"type":"Feature","properties":{"vogeId":4035,"vogeName":"Niederrohrdorf"},"geometry":{"type":"Polygon","coordinates":[[[8.28979,47.4249],[8.30675,47.43552],[8.31545,47.41277],[8.3059,47.4109],[8.28915,47.41341],[8.28979,47.4249]]]}},{"type":"Feature","properties":{"vogeId":4037,"vogeName":"Oberrohrdorf"},"geometry":{"type":"Polygon","coordinates":[[[8.30675,47.43552],[8.31434,47.44158],[8.32886,47.42774],[8.34116,47.4178],[8.34115,47.4169],[8.31545,47.41277],[8.30675,47.43552]]]}},{"type":"Feature","properties":{"vogeId":4038,"vogeName":"Obersiggenthal"},"geometry":{"type":"Polygon","coordinates":[[[8.27985,47.51377],[8.2833,47.51643],[8.28913,47.51101],[8.29296,47.50949],[8.32462,47.48657],[8.31069,47.4819],[8.30296,47.48166],[8.2962,47.48484],[8.29006,47.48429],[8.28395,47.48538],[8.27982,47.48302],[8.2746,47.48321],[8.27054,47.48458],[8.2699,47.48742],[8.26514,47.48835],[8.27985,47.51377]]]}},{"type":"Feature","properties":{"vogeId":4039,"vogeName":"Remetschwil"},"geometry":{"type":"Polygon","coordinates":[[[8.31545,47.41277],[8.34115,47.4169],[8.35589,47.4038],[8.33268,47.39891],[8.32227,47.40003],[8.3059,47.4109],[8.31545,47.41277]]]}},{"type":"Feature","properties":{"vogeId":4040,"vogeName":"Spreitenbach"},"geometry":{"type":"Polygon","coordinates":[[[8.3598,47.43317],[8.36386,47.43194],[8.36726,47.43177],[8.37048,47.43383],[8.3741,47.43365],[8.37631,47.43005],[8.3815,47.42867],[8.38739,47.42787],[8.38265,47.40403],[8.36244,47.40241],[8.35589,47.4038],[8.34115,47.4169],[8.34116,47.4178],[8.3598,47.43317]]]}},{"type":"Feature","properties":{"vogeId":4041,"vogeName":"Stetten (AG)"},"geometry":{"type":"Polygon","coordinates":[[[8.28915,47.41341],[8.3059,47.4109],[8.32227,47.40003],[8.31298,47.38667],[8.30773,47.38432],[8.30763,47.39194],[8.30584,47.39374],[8.30199,47.39392],[8.29839,47.39559],[8.29798,47.39813],[8.29145,47.40071],[8.28743,47.40462],[8.28658,47.40851],[8.28344,47.41047],[8.28915,47.41341]]]}},{"type":"Feature","properties":{"vogeId":4042,"vogeName":"Turgi"},"geometry":{"type":"Polygon","coordinates":[[[8.24706,47.494],[8.2555,47.49603],[8.25843,47.49482],[8.25745,47.49035],[8.26514,47.48835],[8.2699,47.48742],[8.27054,47.48458],[8.26706,47.47983],[8.25122,47.48397],[8.24706,47.494]]]}},{"type":"Feature","properties":{"vogeId":4044,"vogeName":"Untersiggenthal"},"geometry":{"type":"Polygon","coordinates":[[[8.23561,47.51811],[8.27985,47.51377],[8.26514,47.48835],[8.25745,47.49035],[8.25843,47.49482],[8.2555,47.49603],[8.24706,47.494],[8.2438,47.50343],[8.23678,47.50482],[8.23705,47.50765],[8.23561,47.51811]]]}},{"type":"Feature","properties":{"vogeId":4045,"vogeName":"Wettingen"},"geometry":{"type":"Polygon","coordinates":[[[8.36313,47.4809],[8.37335,47.48141],[8.37522,47.47125],[8.36583,47.46685],[8.33663,47.44499],[8.3358,47.44947],[8.33135,47.45458],[8.32708,47.45715],[8.32276,47.45659],[8.31681,47.4541],[8.31297,47.45502],[8.31415,47.45755],[8.31078,47.46011],[8.30906,47.46565],[8.31163,47.4704],[8.31193,47.47458],[8.34152,47.47868],[8.35789,47.48019],[8.36313,47.4809]]]}},{"type":"Feature","properties":{"vogeId":4046,"vogeName":"Wohlenschwil"},"geometry":{"type":"Polygon","coordinates":[[[8.25199,47.4304],[8.26707,47.40761],[8.26312,47.40166],[8.25005,47.40668],[8.23738,47.42378],[8.25199,47.4304]]]}},{"type":"Feature","properties":{"vogeId":4047,"vogeName":"W\u00fcrenlingen"},"geometry":{"type":"Polygon","coordinates":[[[8.23033,47.54515],[8.26266,47.54806],[8.26398,47.54492],[8.26681,47.53729],[8.2664,47.52535],[8.2833,47.51643],[8.27985,47.51377],[8.23561,47.51811],[8.2297,47.53337],[8.22681,47.53727],[8.22892,47.54158],[8.23033,47.54515]]]}},{"type":"Feature","properties":{"vogeId":4048,"vogeName":"W\u00fcrenlos"},"geometry":{"type":"Polygon","coordinates":[[[8.36583,47.46685],[8.38846,47.45025],[8.37908,47.4457],[8.38388,47.43462],[8.3815,47.42867],[8.37631,47.43005],[8.3741,47.43365],[8.37048,47.43383],[8.36726,47.43177],[8.36386,47.43194],[8.3598,47.43317],[8.34626,47.43716],[8.34064,47.44033],[8.33663,47.44499],[8.36583,47.46685]]]}},{"type":"Feature","properties":{"vogeId":4049,"vogeName":"Ehrendingen"},"geometry":{"type":"Polygon","coordinates":[[[8.32643,47.48641],[8.33693,47.50319],[8.33747,47.50811],[8.34436,47.51223],[8.36113,47.51001],[8.36313,47.4809],[8.35789,47.48019],[8.34152,47.47868],[8.32643,47.48641]]]}},{"type":"Feature","properties":{"vogeId":4061,"vogeName":"Arni (AG)"},"geometry":{"type":"Polygon","coordinates":[[[8.40872,47.3289],[8.41256,47.32857],[8.4329,47.32631],[8.43632,47.31523],[8.42858,47.30112],[8.41723,47.31122],[8.4069,47.31578],[8.4077,47.32234],[8.40872,47.3289]]]}},{"type":"Feature","properties":{"vogeId":4062,"vogeName":"Berikon"},"geometry":{"type":"Polygon","coordinates":[[[8.35831,47.3602],[8.36609,47.36462],[8.39567,47.35886],[8.40506,47.36415],[8.40687,47.3519],[8.3752,47.34126],[8.35831,47.3602]]]}},{"type":"Feature","properties":{"vogeId":4063,"vogeName":"Bremgarten (AG)"},"geometry":{"type":"Polygon","coordinates":[[[8.32514,47.36837],[8.32943,47.367],[8.33109,47.37131],[8.33516,47.37098],[8.33551,47.36516],[8.34383,47.36092],[8.34705,47.36373],[8.35246,47.34936],[8.34647,47.34299],[8.34326,47.34107],[8.33968,47.34349],[8.33648,47.34172],[8.33779,47.33902],[8.347,47.33433],[8.35441,47.33054],[8.36367,47.32942],[8.35019,47.32206],[8.3375,47.32142],[8.32006,47.33498],[8.32057,47.33841],[8.31929,47.3432],[8.30121,47.35945],[8.32514,47.36837]]]}},{"type":"Feature","properties":{"vogeId":4064,"vogeName":"B\u00fcttikon"},"geometry":{"type":"Polygon","coordinates":[[[8.26531,47.33822],[8.27475,47.33368],[8.28794,47.32299],[8.26525,47.31987],[8.25581,47.32396],[8.25529,47.33456],[8.26531,47.33822]]]}},{"type":"Feature","properties":{"vogeId":4065,"vogeName":"Dottikon"},"geometry":{"type":"Polygon","coordinates":[[[8.22718,47.39371],[8.2329,47.3974],[8.26426,47.373],[8.25038,47.36907],[8.2315,47.3798],[8.22718,47.39371]]]}},{"type":"Feature","properties":{"vogeId":4066,"vogeName":"Eggenwil"},"geometry":{"type":"Polygon","coordinates":[[[8.32801,47.37731],[8.34685,47.37865],[8.35177,47.37518],[8.34705,47.36373],[8.34383,47.36092],[8.33551,47.36516],[8.33516,47.37098],[8.33109,47.37131],[8.32943,47.367],[8.32514,47.36837],[8.32475,47.37196],[8.32912,47.37566],[8.32801,47.37731]]]}},{"type":"Feature","properties":{"vogeId":4067,"vogeName":"Fischbach-G\u00f6slikon"},"geometry":{"type":"Polygon","coordinates":[[[8.30605,47.37852],[8.31032,47.37625],[8.32005,47.37572],[8.32801,47.37731],[8.32912,47.37566],[8.32475,47.37196],[8.32514,47.36837],[8.30121,47.35945],[8.29286,47.36175],[8.30605,47.37852]]]}},{"type":"Feature","properties":{"vogeId":4068,"vogeName":"H\u00e4gglingen"},"geometry":{"type":"Polygon","coordinates":[[[8.23365,47.40232],[8.25005,47.40668],[8.26312,47.40166],[8.28012,47.38677],[8.27741,47.37351],[8.26426,47.373],[8.2329,47.3974],[8.23365,47.40232]]]}},{"type":"Feature","properties":{"vogeId":4071,"vogeName":"Jonen"},"geometry":{"type":"Polygon","coordinates":[[[8.37616,47.30589],[8.39836,47.3066],[8.41723,47.31122],[8.42858,47.30112],[8.41464,47.29348],[8.38856,47.29012],[8.37873,47.29721],[8.37517,47.30112],[8.37616,47.30589]]]}},{"type":"Feature","properties":{"vogeId":4072,"vogeName":"Niederwil (AG)"},"geometry":{"type":"Polygon","coordinates":[[[8.28012,47.38677],[8.29145,47.40071],[8.29798,47.39813],[8.29839,47.39559],[8.30199,47.39392],[8.30584,47.39374],[8.30763,47.39194],[8.30773,47.38432],[8.30605,47.37852],[8.29286,47.36175],[8.28387,47.36629],[8.27741,47.37351],[8.28012,47.38677]]]}},{"type":"Feature","properties":{"vogeId":4073,"vogeName":"Oberlunkhofen"},"geometry":{"type":"Polygon","coordinates":[[[8.4077,47.32234],[8.4069,47.31578],[8.41723,47.31122],[8.39836,47.3066],[8.37616,47.30589],[8.37828,47.3105],[8.38369,47.30926],[8.38726,47.31923],[8.4077,47.32234]]]}},{"type":"Feature","properties":{"vogeId":4074,"vogeName":"Oberwil-Lieli"},"geometry":{"type":"Polygon","coordinates":[[[8.3752,47.34126],[8.40687,47.3519],[8.41634,47.33704],[8.41256,47.32857],[8.40872,47.3289],[8.389,47.32757],[8.37308,47.3368],[8.3752,47.34126]]]}},{"type":"Feature","properties":{"vogeId":4075,"vogeName":"Rudolfstetten-Friedlisberg"},"geometry":{"type":"Polygon","coordinates":[[[8.36655,47.37805],[8.38923,47.37876],[8.397,47.36974],[8.40042,47.37061],[8.40828,47.36666],[8.40506,47.36415],[8.39567,47.35886],[8.36609,47.36462],[8.36655,47.37805]]]}},{"type":"Feature","properties":{"vogeId":4076,"vogeName":"Sarmenstorf"},"geometry":{"type":"Polygon","coordinates":[[[8.23389,47.32725],[8.25581,47.32396],[8.26525,47.31987],[8.27879,47.30291],[8.28073,47.29647],[8.25606,47.29635],[8.23404,47.3068],[8.22824,47.31266],[8.23389,47.32725]]]}},{"type":"Feature","properties":{"vogeId":4077,"vogeName":"T\u00e4gerig"},"geometry":{"type":"Polygon","coordinates":[[[8.26707,47.40761],[8.28344,47.41047],[8.28658,47.40851],[8.28743,47.40462],[8.29145,47.40071],[8.28012,47.38677],[8.26312,47.40166],[8.26707,47.40761]]]}},{"type":"Feature","properties":{"vogeId":4078,"vogeName":"Uezwil"},"geometry":{"type":"Polygon","coordinates":[[[8.28794,47.32299],[8.28839,47.30881],[8.27879,47.30291],[8.26525,47.31987],[8.28794,47.32299]]]}},{"type":"Feature","properties":{"vogeId":4079,"vogeName":"Unterlunkhofen"},"geometry":{"type":"Polygon","coordinates":[[[8.347,47.33433],[8.35251,47.33891],[8.36625,47.33447],[8.37308,47.3368],[8.389,47.32757],[8.40872,47.3289],[8.4077,47.32234],[8.38726,47.31923],[8.38369,47.30926],[8.37828,47.3105],[8.37858,47.31437],[8.37413,47.31889],[8.37421,47.32351],[8.36974,47.32683],[8.36367,47.32942],[8.35441,47.33054],[8.347,47.33433]]]}},{"type":"Feature","properties":{"vogeId":4080,"vogeName":"Villmergen"},"geometry":{"type":"Polygon","coordinates":[[[8.25581,47.32396],[8.23389,47.32725],[8.23058,47.33309],[8.21174,47.34561],[8.22356,47.34851],[8.23649,47.36484],[8.22761,47.37729],[8.2315,47.3798],[8.25038,47.36907],[8.26531,47.33822],[8.25529,47.33456],[8.25581,47.32396]]]}},{"type":"Feature","properties":{"vogeId":4081,"vogeName":"Widen"},"geometry":{"type":"Polygon","coordinates":[[[8.36437,47.38284],[8.36655,47.37805],[8.36609,47.36462],[8.35831,47.3602],[8.34705,47.36373],[8.35177,47.37518],[8.36437,47.38284]]]}},{"type":"Feature","properties":{"vogeId":4082,"vogeName":"Wohlen (AG)"},"geometry":{"type":"Polygon","coordinates":[[[8.26426,47.373],[8.27741,47.37351],[8.28387,47.36629],[8.29286,47.36175],[8.30121,47.35945],[8.31929,47.3432],[8.30955,47.34297],[8.30258,47.34616],[8.27475,47.33368],[8.26531,47.33822],[8.25038,47.36907],[8.26426,47.373]]]}},{"type":"Feature","properties":{"vogeId":4083,"vogeName":"Zufikon"},"geometry":{"type":"Polygon","coordinates":[[[8.34705,47.36373],[8.35831,47.3602],[8.3752,47.34126],[8.37308,47.3368],[8.36625,47.33447],[8.35251,47.33891],[8.347,47.33433],[8.33779,47.33902],[8.33648,47.34172],[8.33968,47.34349],[8.34326,47.34107],[8.34647,47.34299],[8.35246,47.34936],[8.34705,47.36373]]]}},{"type":"Feature","properties":{"vogeId":4084,"vogeName":"Islisberg"},"geometry":{"type":"Polygon","coordinates":[[[8.4329,47.32631],[8.44979,47.33317],[8.45147,47.32659],[8.44131,47.31579],[8.43632,47.31523],[8.4329,47.32631]]]}},{"type":"Feature","properties":{"vogeId":4091,"vogeName":"Auenstein"},"geometry":{"type":"Polygon","coordinates":[[[8.11219,47.42577],[8.12423,47.4266],[8.14823,47.42377],[8.16062,47.41712],[8.1547,47.41522],[8.11949,47.41125],[8.10408,47.41224],[8.09833,47.42332],[8.11219,47.42577]]]}},{"type":"Feature","properties":{"vogeId":4092,"vogeName":"Birr"},"geometry":{"type":"Polygon","coordinates":[[[8.23036,47.4401],[8.22858,47.42698],[8.20766,47.42339],[8.18796,47.42635],[8.1972,47.43808],[8.23036,47.4401]]]}},{"type":"Feature","properties":{"vogeId":4093,"vogeName":"Birrhard"},"geometry":{"type":"Polygon","coordinates":[[[8.23882,47.44452],[8.25773,47.44901],[8.25699,47.44543],[8.25376,47.44187],[8.24986,47.43936],[8.24935,47.43534],[8.24929,47.43161],[8.25199,47.4304],[8.23738,47.42378],[8.23377,47.4253],[8.22858,47.42698],[8.23036,47.4401],[8.23882,47.44452]]]}},{"type":"Feature","properties":{"vogeId":4095,"vogeName":"Brugg"},"geometry":{"type":"Polygon","coordinates":[[[8.20133,47.47253],[8.19924,47.46941],[8.17645,47.46314],[8.17566,47.45508],[8.17252,47.44152],[8.16505,47.44246],[8.16142,47.4595],[8.16169,47.46278],[8.16559,47.46544],[8.17516,47.46822],[8.17997,47.47117],[8.18361,47.47189],[8.1886,47.47141],[8.19341,47.47437],[8.19234,47.47945],[8.17914,47.47685],[8.17761,47.48104],[8.17992,47.48371],[8.19882,47.48746],[8.20547,47.49205],[8.2293,47.50621],[8.23705,47.50765],[8.23678,47.50482],[8.23704,47.49243],[8.22994,47.4883],[8.22196,47.48597],[8.21379,47.48647],[8.20133,47.47253]]]}},{"type":"Feature","properties":{"vogeId":4099,"vogeName":"Habsburg"},"geometry":{"type":"Polygon","coordinates":[[[8.19924,47.46941],[8.19653,47.45465],[8.17566,47.45508],[8.17645,47.46314],[8.19924,47.46941]]]}},{"type":"Feature","properties":{"vogeId":4100,"vogeName":"Hausen (AG)"},"geometry":{"type":"Polygon","coordinates":[[[8.19924,47.46941],[8.20133,47.47253],[8.22203,47.45985],[8.22424,47.45596],[8.20357,47.45475],[8.19653,47.45465],[8.19924,47.46941]]]}},{"type":"Feature","properties":{"vogeId":4104,"vogeName":"Lupfig"},"geometry":{"type":"Polygon","coordinates":[[[8.19653,47.45465],[8.20357,47.45475],[8.22424,47.45596],[8.22254,47.44866],[8.23882,47.44452],[8.23036,47.4401],[8.1972,47.43808],[8.18796,47.42635],[8.18457,47.42682],[8.17967,47.43357],[8.17252,47.44152],[8.17566,47.45508],[8.19653,47.45465]]]}},{"type":"Feature","properties":{"vogeId":4105,"vogeName":"Mandach"},"geometry":{"type":"Polygon","coordinates":[[[8.17854,47.56415],[8.20551,47.558],[8.20784,47.5462],[8.18022,47.53847],[8.17047,47.55644],[8.17854,47.56415]]]}},{"type":"Feature","properties":{"vogeId":4106,"vogeName":"M\u00f6nthal"},"geometry":{"type":"Polygon","coordinates":[[[8.12185,47.52421],[8.15278,47.52611],[8.15281,47.51178],[8.12802,47.50984],[8.12012,47.51392],[8.11199,47.51755],[8.12185,47.52421]]]}},{"type":"Feature","properties":{"vogeId":4107,"vogeName":"M\u00fclligen"},"geometry":{"type":"Polygon","coordinates":[[[8.22203,47.45985],[8.22703,47.46056],[8.22996,47.45875],[8.24335,47.45896],[8.25506,47.45261],[8.25773,47.44901],[8.23882,47.44452],[8.22254,47.44866],[8.22424,47.45596],[8.22203,47.45985]]]}},{"type":"Feature","properties":{"vogeId":4110,"vogeName":"Remigen"},"geometry":{"type":"Polygon","coordinates":[[[8.15851,47.52965],[8.16766,47.53378],[8.1765,47.53208],[8.17053,47.52794],[8.20942,47.51396],[8.19205,47.50646],[8.18245,47.50279],[8.18187,47.50966],[8.15281,47.51178],[8.15278,47.52611],[8.15851,47.52965]]]}},{"type":"Feature","properties":{"vogeId":4111,"vogeName":"Riniken"},"geometry":{"type":"Polygon","coordinates":[[[8.18245,47.50279],[8.19205,47.50646],[8.20547,47.49205],[8.19882,47.48746],[8.17992,47.48371],[8.16893,47.49422],[8.18245,47.50279]]]}},{"type":"Feature","properties":{"vogeId":4112,"vogeName":"R\u00fcfenach"},"geometry":{"type":"Polygon","coordinates":[[[8.20942,47.51396],[8.22847,47.51144],[8.2293,47.50621],[8.20547,47.49205],[8.19205,47.50646],[8.20942,47.51396]]]}},{"type":"Feature","properties":{"vogeId":4117,"vogeName":"Thalheim (AG)"},"geometry":{"type":"Polygon","coordinates":[[[8.09238,47.45678],[8.10034,47.45793],[8.11045,47.44921],[8.11219,47.42577],[8.09833,47.42332],[8.06777,47.42916],[8.06667,47.43185],[8.06427,47.44007],[8.09238,47.45678]]]}},{"type":"Feature","properties":{"vogeId":4120,"vogeName":"Veltheim (AG)"},"geometry":{"type":"Polygon","coordinates":[[[8.16505,47.44246],[8.16452,47.43754],[8.16127,47.43204],[8.16251,47.42293],[8.16062,47.41712],[8.14823,47.42377],[8.12423,47.4266],[8.13667,47.44115],[8.16505,47.44246]]]}},{"type":"Feature","properties":{"vogeId":4121,"vogeName":"Villigen"},"geometry":{"type":"Polygon","coordinates":[[[8.23561,47.51811],[8.23705,47.50765],[8.2293,47.50621],[8.22847,47.51144],[8.20942,47.51396],[8.17053,47.52794],[8.1765,47.53208],[8.18022,47.53847],[8.20784,47.5462],[8.22892,47.54158],[8.22681,47.53727],[8.2297,47.53337],[8.23561,47.51811]]]}},{"type":"Feature","properties":{"vogeId":4122,"vogeName":"Villnachern"},"geometry":{"type":"Polygon","coordinates":[[[8.17761,47.48104],[8.17914,47.47685],[8.19234,47.47945],[8.19341,47.47437],[8.1886,47.47141],[8.18361,47.47189],[8.17997,47.47117],[8.17516,47.46822],[8.16559,47.46544],[8.16169,47.46278],[8.16142,47.4595],[8.13905,47.46755],[8.14005,47.4744],[8.14537,47.48139],[8.17761,47.48104]]]}},{"type":"Feature","properties":{"vogeId":4123,"vogeName":"Windisch"},"geometry":{"type":"Polygon","coordinates":[[[8.20133,47.47253],[8.21379,47.48647],[8.22196,47.48597],[8.22994,47.4883],[8.23704,47.49243],[8.23991,47.48689],[8.23507,47.48215],[8.23186,47.47993],[8.22688,47.48071],[8.22526,47.47863],[8.23043,47.47561],[8.23309,47.47127],[8.23325,47.46664],[8.23207,47.46322],[8.22703,47.46056],[8.22203,47.45985],[8.20133,47.47253]]]}},{"type":"Feature","properties":{"vogeId":4124,"vogeName":"B\u00f6zberg"},"geometry":{"type":"Polygon","coordinates":[[[8.12802,47.50984],[8.15281,47.51178],[8.18187,47.50966],[8.18245,47.50279],[8.16893,47.49422],[8.17992,47.48371],[8.17761,47.48104],[8.14537,47.48139],[8.14005,47.4744],[8.13905,47.46755],[8.11808,47.46021],[8.1076,47.47534],[8.11107,47.4804],[8.12567,47.48598],[8.13154,47.50042],[8.12802,47.50984]]]}},{"type":"Feature","properties":{"vogeId":4125,"vogeName":"Schinznach"},"geometry":{"type":"Polygon","coordinates":[[[8.12423,47.4266],[8.11219,47.42577],[8.11045,47.44921],[8.10034,47.45793],[8.11808,47.46021],[8.13905,47.46755],[8.16142,47.4595],[8.16505,47.44246],[8.13667,47.44115],[8.12423,47.4266]]]}},{"type":"Feature","properties":{"vogeId":4131,"vogeName":"Beinwil am See"},"geometry":{"type":"Polygon","coordinates":[[[8.19382,47.27947],[8.20738,47.27848],[8.20976,47.27071],[8.21266,47.2683],[8.2135,47.26381],[8.21989,47.25228],[8.20784,47.24744],[8.20674,47.24983],[8.19382,47.27947]]]}},{"type":"Feature","properties":{"vogeId":4132,"vogeName":"Birrwil"},"geometry":{"type":"Polygon","coordinates":[[[8.19098,47.30247],[8.19499,47.29796],[8.2011,47.29837],[8.20673,47.28072],[8.20738,47.27848],[8.19382,47.27947],[8.18191,47.28521],[8.18071,47.29656],[8.19098,47.30247]]]}},{"type":"Feature","properties":{"vogeId":4133,"vogeName":"Burg (AG)"},"geometry":{"type":"Polygon","coordinates":[[[8.1667,47.23174],[8.1763,47.23899],[8.18332,47.24028],[8.18549,47.234],[8.1734,47.22557],[8.1667,47.23174]]]}},{"type":"Feature","properties":{"vogeId":4134,"vogeName":"D\u00fcrren\u00e4sch"},"geometry":{"type":"Polygon","coordinates":[[[8.14634,47.33245],[8.16442,47.3298],[8.17804,47.31643],[8.176,47.3157],[8.16669,47.31382],[8.15723,47.30015],[8.15363,47.30196],[8.13184,47.31433],[8.13009,47.31911],[8.13846,47.31892],[8.14634,47.33245]]]}},{"type":"Feature","properties":{"vogeId":4135,"vogeName":"Gontenschwil"},"geometry":{"type":"Polygon","coordinates":[[[8.12438,47.2799],[8.13874,47.28847],[8.1578,47.27567],[8.16518,47.26905],[8.14303,47.25337],[8.14272,47.24726],[8.12979,47.24345],[8.11853,47.26456],[8.12969,47.27106],[8.12438,47.2799]]]}},{"type":"Feature","properties":{"vogeId":4136,"vogeName":"Holziken"},"geometry":{"type":"Polygon","coordinates":[[[8.04215,47.33005],[8.04435,47.32452],[8.04338,47.31871],[8.03557,47.30815],[8.02676,47.31029],[8.02946,47.32878],[8.04215,47.33005]]]}},{"type":"Feature","properties":{"vogeId":4137,"vogeName":"Leimbach (AG)"},"geometry":{"type":"Polygon","coordinates":[[[8.1578,47.27567],[8.17868,47.28061],[8.18203,47.27716],[8.16518,47.26905],[8.1578,47.27567]]]}},{"type":"Feature","properties":{"vogeId":4138,"vogeName":"Leutwil"},"geometry":{"type":"Polygon","coordinates":[[[8.176,47.3157],[8.19098,47.30247],[8.18071,47.29656],[8.15723,47.30015],[8.16669,47.31382],[8.176,47.3157]]]}},{"type":"Feature","properties":{"vogeId":4139,"vogeName":"Menziken"},"geometry":{"type":"Polygon","coordinates":[[[8.20674,47.24983],[8.20784,47.24744],[8.20391,47.22597],[8.17606,47.22198],[8.1734,47.22557],[8.18549,47.234],[8.18332,47.24028],[8.1763,47.23899],[8.1667,47.23174],[8.15596,47.23941],[8.18,47.24553],[8.20674,47.24983]]]}},{"type":"Feature","properties":{"vogeId":4140,"vogeName":"Oberkulm"},"geometry":{"type":"Polygon","coordinates":[[[8.09413,47.30395],[8.11726,47.30695],[8.13184,47.31433],[8.15363,47.30196],[8.13874,47.28847],[8.12438,47.2799],[8.11468,47.2819],[8.09413,47.30395]]]}},{"type":"Feature","properties":{"vogeId":4141,"vogeName":"Reinach (AG)"},"geometry":{"type":"Polygon","coordinates":[[[8.17868,47.28061],[8.18191,47.28521],[8.19382,47.27947],[8.20674,47.24983],[8.18,47.24553],[8.17962,47.25076],[8.17469,47.25347],[8.14272,47.24726],[8.14303,47.25337],[8.16518,47.26905],[8.18203,47.27716],[8.17868,47.28061]]]}},{"type":"Feature","properties":{"vogeId":4142,"vogeName":"Schlossrued"},"geometry":{"type":"Polygon","coordinates":[[[8.08576,47.30385],[8.09413,47.30395],[8.11468,47.2819],[8.09123,47.27009],[8.08937,47.28428],[8.06634,47.28844],[8.06165,47.29369],[8.08576,47.30385]]]}},{"type":"Feature","properties":{"vogeId":4143,"vogeName":"Schmiedrued"},"geometry":{"type":"Polygon","coordinates":[[[8.11468,47.2819],[8.12438,47.2799],[8.12969,47.27106],[8.11853,47.26456],[8.12979,47.24345],[8.12434,47.2414],[8.10901,47.24462],[8.10612,47.24882],[8.10014,47.2593],[8.0882,47.26295],[8.08686,47.2643],[8.09123,47.27009],[8.11468,47.2819]]]}},{"type":"Feature","properties":{"vogeId":4144,"vogeName":"Sch\u00f6ftland"},"geometry":{"type":"Polygon","coordinates":[[[8.04338,47.31871],[8.08221,47.30984],[8.08576,47.30385],[8.06165,47.29369],[8.03093,47.29818],[8.03557,47.30815],[8.04338,47.31871]]]}},{"type":"Feature","properties":{"vogeId":4145,"vogeName":"Teufenthal (AG)"},"geometry":{"type":"Polygon","coordinates":[[[8.11171,47.33385],[8.14297,47.33471],[8.14634,47.33245],[8.13846,47.31892],[8.13009,47.31911],[8.12217,47.31916],[8.1114,47.32743],[8.11171,47.33385]]]}},{"type":"Feature","properties":{"vogeId":4146,"vogeName":"Unterkulm"},"geometry":{"type":"Polygon","coordinates":[[[8.08609,47.33071],[8.10656,47.33836],[8.11171,47.33385],[8.1114,47.32743],[8.12217,47.31916],[8.13009,47.31911],[8.13184,47.31433],[8.11726,47.30695],[8.09413,47.30395],[8.08576,47.30385],[8.08221,47.30984],[8.08553,47.32221],[8.08609,47.33071]]]}},{"type":"Feature","properties":{"vogeId":4147,"vogeName":"Zetzwil"},"geometry":{"type":"Polygon","coordinates":[[[8.15363,47.30196],[8.15723,47.30015],[8.18071,47.29656],[8.18191,47.28521],[8.17868,47.28061],[8.1578,47.27567],[8.13874,47.28847],[8.15363,47.30196]]]}},{"type":"Feature","properties":{"vogeId":4161,"vogeName":"Eiken"},"geometry":{"type":"Polygon","coordinates":[[[7.97165,47.54857],[7.99527,47.54622],[7.99712,47.54964],[8.00809,47.55481],[8.00811,47.53497],[7.99821,47.52308],[7.98826,47.52775],[7.98366,47.5227],[7.96962,47.52724],[7.97165,47.54857]]]}},{"type":"Feature","properties":{"vogeId":4163,"vogeName":"Frick"},"geometry":{"type":"Polygon","coordinates":[[[7.98366,47.5227],[7.98826,47.52775],[7.99821,47.52308],[8.02242,47.51356],[8.03614,47.5214],[8.03816,47.51945],[8.04446,47.51389],[8.03861,47.4987],[8.02577,47.48802],[8.00757,47.50602],[7.97807,47.509],[7.98366,47.5227]]]}},{"type":"Feature","properties":{"vogeId":4164,"vogeName":"Gansingen"},"geometry":{"type":"Polygon","coordinates":[[[8.11315,47.55485],[8.14467,47.54899],[8.14919,47.54672],[8.15851,47.52965],[8.15278,47.52611],[8.12185,47.52421],[8.10947,47.53398],[8.11315,47.55485]]]}},{"type":"Feature","properties":{"vogeId":4165,"vogeName":"Gipf-Oberfrick"},"geometry":{"type":"Polygon","coordinates":[[[7.94927,47.49137],[7.97807,47.509],[8.00757,47.50602],[8.02577,47.48802],[8.02251,47.48058],[8.01903,47.47358],[8.0106,47.47034],[7.99436,47.48087],[7.98517,47.49225],[7.94927,47.49137]]]}},{"type":"Feature","properties":{"vogeId":4166,"vogeName":"Herznach"},"geometry":{"type":"Polygon","coordinates":[[[8.02251,47.48058],[8.03107,47.47457],[8.04289,47.47525],[8.04296,47.48122],[8.07085,47.47853],[8.07434,47.46583],[8.02889,47.46189],[8.01903,47.47358],[8.02251,47.48058]]]}},{"type":"Feature","properties":{"vogeId":4169,"vogeName":"Kaisten"},"geometry":{"type":"Polygon","coordinates":[[[8.0836,47.51846],[8.05644,47.50786],[8.04446,47.51389],[8.03816,47.51945],[8.03614,47.5214],[8.01903,47.53626],[8.00811,47.53497],[8.00809,47.55481],[8.02146,47.55042],[8.04607,47.55537],[8.07487,47.5482],[8.07799,47.52446],[8.0836,47.51846]]]}},{"type":"Feature","properties":{"vogeId":4170,"vogeName":"Laufenburg"},"geometry":{"type":"Polygon","coordinates":[[[8.04607,47.55537],[8.05959,47.56365],[8.07458,47.56193],[8.08499,47.55799],[8.09708,47.56106],[8.10047,47.5597],[8.11315,47.55485],[8.10947,47.53398],[8.12185,47.52421],[8.11199,47.51755],[8.09611,47.51973],[8.09022,47.5214],[8.0836,47.51846],[8.07799,47.52446],[8.07487,47.5482],[8.04607,47.55537]]]}},{"type":"Feature","properties":{"vogeId":4172,"vogeName":"M\u00fcnchwilen (AG)"},"geometry":{"type":"Polygon","coordinates":[[[7.96325,47.55025],[7.97165,47.54857],[7.96962,47.52724],[7.95666,47.5273],[7.95194,47.53254],[7.96325,47.55025]]]}},{"type":"Feature","properties":{"vogeId":4173,"vogeName":"Oberhof"},"geometry":{"type":"Polygon","coordinates":[[[7.98197,47.4463],[8.00772,47.45573],[8.02991,47.45189],[8.03019,47.43592],[8.01539,47.43092],[7.98724,47.42867],[7.98197,47.4463]]]}},{"type":"Feature","properties":{"vogeId":4175,"vogeName":"Oeschgen"},"geometry":{"type":"Polygon","coordinates":[[[7.99821,47.52308],[8.00811,47.53497],[8.01903,47.53626],[8.03614,47.5214],[8.02242,47.51356],[7.99821,47.52308]]]}},{"type":"Feature","properties":{"vogeId":4176,"vogeName":"Schwaderloch"},"geometry":{"type":"Polygon","coordinates":[[[8.12625,47.58327],[8.13674,47.585],[8.13614,47.59187],[8.14803,47.59583],[8.15938,47.59367],[8.15925,47.58427],[8.14573,47.57704],[8.13348,47.57935],[8.12625,47.58327]]]}},{"type":"Feature","properties":{"vogeId":4177,"vogeName":"Sisseln"},"geometry":{"type":"Polygon","coordinates":[[[7.96446,47.55741],[8.00809,47.55481],[7.99712,47.54964],[7.99527,47.54622],[7.97165,47.54857],[7.96325,47.55025],[7.96446,47.55741]]]}},{"type":"Feature","properties":{"vogeId":4179,"vogeName":"Ueken"},"geometry":{"type":"Polygon","coordinates":[[[8.02577,47.48802],[8.03861,47.4987],[8.06888,47.48422],[8.07085,47.47853],[8.04296,47.48122],[8.04289,47.47525],[8.03107,47.47457],[8.02251,47.48058],[8.02577,47.48802]]]}},{"type":"Feature","properties":{"vogeId":4181,"vogeName":"Wittnau"},"geometry":{"type":"Polygon","coordinates":[[[7.94581,47.48542],[7.94927,47.49137],[7.98517,47.49225],[7.99436,47.48087],[7.97461,47.45902],[7.95687,47.45522],[7.95083,47.4642],[7.94014,47.46216],[7.94581,47.48542]]]}},{"type":"Feature","properties":{"vogeId":4182,"vogeName":"W\u00f6lflinswil"},"geometry":{"type":"Polygon","coordinates":[[[7.99436,47.48087],[8.0106,47.47034],[8.01903,47.47358],[8.02889,47.46189],[8.02991,47.45189],[8.00772,47.45573],[7.98197,47.4463],[7.97461,47.45902],[7.99436,47.48087]]]}},{"type":"Feature","properties":{"vogeId":4183,"vogeName":"Zeihen"},"geometry":{"type":"Polygon","coordinates":[[[8.06888,47.48422],[8.07553,47.4894],[8.08975,47.48276],[8.1076,47.47534],[8.11808,47.46021],[8.10034,47.45793],[8.09238,47.45678],[8.07434,47.46583],[8.07085,47.47853],[8.06888,47.48422]]]}},{"type":"Feature","properties":{"vogeId":4184,"vogeName":"Mettauertal"},"geometry":{"type":"Polygon","coordinates":[[[8.18022,47.53847],[8.1765,47.53208],[8.16766,47.53378],[8.15851,47.52965],[8.14919,47.54672],[8.14467,47.54899],[8.11315,47.55485],[8.10047,47.5597],[8.09708,47.56106],[8.10455,47.57624],[8.11283,47.58335],[8.12625,47.58327],[8.13348,47.57935],[8.14573,47.57704],[8.15925,47.58427],[8.17545,47.57148],[8.17854,47.56415],[8.17047,47.55644],[8.18022,47.53847]]]}},{"type":"Feature","properties":{"vogeId":4185,"vogeName":"B\u00f6ztal"},"geometry":{"type":"Polygon","coordinates":[[[8.12802,47.50984],[8.13154,47.50042],[8.12567,47.48598],[8.11107,47.4804],[8.1076,47.47534],[8.08975,47.48276],[8.07553,47.4894],[8.06888,47.48422],[8.03861,47.4987],[8.04446,47.51389],[8.05644,47.50786],[8.0836,47.51846],[8.09022,47.5214],[8.09611,47.51973],[8.11199,47.51755],[8.12012,47.51392],[8.12802,47.50984]]]}},{"type":"Feature","properties":{"vogeId":4191,"vogeName":"Ammerswil"},"geometry":{"type":"Polygon","coordinates":[[[8.20357,47.37581],[8.22282,47.37463],[8.20674,47.36012],[8.18978,47.36247],[8.20357,47.37581]]]}},{"type":"Feature","properties":{"vogeId":4192,"vogeName":"Boniswil"},"geometry":{"type":"Polygon","coordinates":[[[8.17804,47.31643],[8.18827,47.31905],[8.20022,47.31584],[8.19854,47.30898],[8.2011,47.29837],[8.19499,47.29796],[8.19098,47.30247],[8.176,47.3157],[8.17804,47.31643]]]}},{"type":"Feature","properties":{"vogeId":4193,"vogeName":"Brunegg"},"geometry":{"type":"Polygon","coordinates":[[[8.22858,47.42698],[8.23377,47.4253],[8.21635,47.41273],[8.21025,47.41456],[8.20766,47.42339],[8.22858,47.42698]]]}},{"type":"Feature","properties":{"vogeId":4194,"vogeName":"Dintikon"},"geometry":{"type":"Polygon","coordinates":[[[8.22282,47.37463],[8.22761,47.37729],[8.23649,47.36484],[8.22356,47.34851],[8.21174,47.34561],[8.20674,47.36012],[8.22282,47.37463]]]}},{"type":"Feature","properties":{"vogeId":4195,"vogeName":"Egliswil"},"geometry":{"type":"Polygon","coordinates":[[[8.17237,47.36452],[8.18978,47.36247],[8.20674,47.36012],[8.21174,47.34561],[8.18242,47.33834],[8.1695,47.35364],[8.17226,47.35661],[8.17276,47.36034],[8.17237,47.36452]]]}},{"type":"Feature","properties":{"vogeId":4196,"vogeName":"Fahrwangen"},"geometry":{"type":"Polygon","coordinates":[[[8.23404,47.3068],[8.25606,47.29635],[8.25864,47.28708],[8.24235,47.27242],[8.22833,47.27282],[8.22906,47.27625],[8.22819,47.27834],[8.23751,47.28111],[8.2304,47.30564],[8.23404,47.3068]]]}},{"type":"Feature","properties":{"vogeId":4197,"vogeName":"Hallwil"},"geometry":{"type":"Polygon","coordinates":[[[8.16442,47.3298],[8.17719,47.33643],[8.18053,47.33238],[8.18827,47.31905],[8.17804,47.31643],[8.16442,47.3298]]]}},{"type":"Feature","properties":{"vogeId":4198,"vogeName":"Hendschiken"},"geometry":{"type":"Polygon","coordinates":[[[8.19997,47.39344],[8.22718,47.39371],[8.2315,47.3798],[8.22761,47.37729],[8.22282,47.37463],[8.20357,47.37581],[8.19997,47.39344]]]}},{"type":"Feature","properties":{"vogeId":4199,"vogeName":"Holderbank (AG)"},"geometry":{"type":"Polygon","coordinates":[[[8.16505,47.44246],[8.17252,47.44152],[8.17967,47.43357],[8.18457,47.42682],[8.16251,47.42293],[8.16127,47.43204],[8.16452,47.43754],[8.16505,47.44246]]]}},{"type":"Feature","properties":{"vogeId":4200,"vogeName":"Hunzenschwil"},"geometry":{"type":"Polygon","coordinates":[[[8.11584,47.39173],[8.13466,47.39161],[8.13702,47.38205],[8.12353,47.37228],[8.11431,47.3783],[8.10605,47.38835],[8.11584,47.39173]]]}},{"type":"Feature","properties":{"vogeId":4201,"vogeName":"Lenzburg"},"geometry":{"type":"Polygon","coordinates":[[[8.17773,47.40791],[8.18389,47.41056],[8.20012,47.40374],[8.19997,47.39344],[8.20357,47.37581],[8.18978,47.36247],[8.17237,47.36452],[8.16219,47.36593],[8.17277,47.37705],[8.17443,47.38256],[8.14539,47.39752],[8.15158,47.40255],[8.17143,47.39542],[8.18707,47.39487],[8.18963,47.39978],[8.17773,47.40791]]]}},{"type":"Feature","properties":{"vogeId":4202,"vogeName":"Meisterschwanden"},"geometry":{"type":"Polygon","coordinates":[[[8.21421,47.31261],[8.22824,47.31266],[8.23404,47.3068],[8.2304,47.30564],[8.23751,47.28111],[8.22819,47.27834],[8.22162,47.29316],[8.21643,47.30946],[8.21421,47.31261]]]}},{"type":"Feature","properties":{"vogeId":4203,"vogeName":"M\u00f6riken-Wildegg"},"geometry":{"type":"Polygon","coordinates":[[[8.18457,47.42682],[8.18796,47.42635],[8.20766,47.42339],[8.21025,47.41456],[8.20012,47.40374],[8.18389,47.41056],[8.17773,47.40791],[8.16964,47.41363],[8.15621,47.40999],[8.1547,47.41522],[8.16062,47.41712],[8.16251,47.42293],[8.18457,47.42682]]]}},{"type":"Feature","properties":{"vogeId":4204,"vogeName":"Niederlenz"},"geometry":{"type":"Polygon","coordinates":[[[8.15621,47.40999],[8.16964,47.41363],[8.17773,47.40791],[8.18963,47.39978],[8.18707,47.39487],[8.17143,47.39542],[8.15158,47.40255],[8.15621,47.40999]]]}},{"type":"Feature","properties":{"vogeId":4205,"vogeName":"Othmarsingen"},"geometry":{"type":"Polygon","coordinates":[[[8.21025,47.41456],[8.21635,47.41273],[8.23365,47.40232],[8.2329,47.3974],[8.22718,47.39371],[8.19997,47.39344],[8.20012,47.40374],[8.21025,47.41456]]]}},{"type":"Feature","properties":{"vogeId":4206,"vogeName":"Rupperswil"},"geometry":{"type":"Polygon","coordinates":[[[8.10408,47.41224],[8.11949,47.41125],[8.1547,47.41522],[8.15621,47.40999],[8.15158,47.40255],[8.14539,47.39752],[8.14401,47.39574],[8.13466,47.39161],[8.11584,47.39173],[8.1164,47.40023],[8.11351,47.40472],[8.10408,47.41224]]]}},{"type":"Feature","properties":{"vogeId":4207,"vogeName":"Schafisheim"},"geometry":{"type":"Polygon","coordinates":[[[8.13466,47.39161],[8.14401,47.39574],[8.15556,47.37821],[8.15089,47.36794],[8.13669,47.35668],[8.12089,47.36096],[8.12353,47.37228],[8.13702,47.38205],[8.13466,47.39161]]]}},{"type":"Feature","properties":{"vogeId":4208,"vogeName":"Seengen"},"geometry":{"type":"Polygon","coordinates":[[[8.18242,47.33834],[8.21174,47.34561],[8.23058,47.33309],[8.23389,47.32725],[8.22824,47.31266],[8.21421,47.31261],[8.20862,47.31757],[8.20457,47.31939],[8.20208,47.31896],[8.20273,47.31687],[8.20022,47.31584],[8.18827,47.31905],[8.18053,47.33238],[8.17719,47.33643],[8.18242,47.33834]]]}},{"type":"Feature","properties":{"vogeId":4209,"vogeName":"Seon"},"geometry":{"type":"Polygon","coordinates":[[[8.15089,47.36794],[8.16219,47.36593],[8.17237,47.36452],[8.17276,47.36034],[8.17226,47.35661],[8.1695,47.35364],[8.18242,47.33834],[8.17719,47.33643],[8.16442,47.3298],[8.14634,47.33245],[8.14297,47.33471],[8.13669,47.35668],[8.15089,47.36794]]]}},{"type":"Feature","properties":{"vogeId":4210,"vogeName":"Staufen"},"geometry":{"type":"Polygon","coordinates":[[[8.14401,47.39574],[8.14539,47.39752],[8.17443,47.38256],[8.17277,47.37705],[8.16219,47.36593],[8.15089,47.36794],[8.15556,47.37821],[8.14401,47.39574]]]}},{"type":"Feature","properties":{"vogeId":4221,"vogeName":"Abtwil"},"geometry":{"type":"Polygon","coordinates":[[[8.33926,47.1844],[8.36253,47.18511],[8.36774,47.17313],[8.3582,47.15679],[8.34772,47.16433],[8.33926,47.1844]]]}},{"type":"Feature","properties":{"vogeId":4222,"vogeName":"Aristau"},"geometry":{"type":"Polygon","coordinates":[[[8.34103,47.30273],[8.35424,47.30785],[8.37517,47.30112],[8.37873,47.29721],[8.38856,47.29012],[8.39166,47.28651],[8.3609,47.27392],[8.35457,47.28741],[8.33527,47.29651],[8.34103,47.30273]]]}},{"type":"Feature","properties":{"vogeId":4223,"vogeName":"Auw"},"geometry":{"type":"Polygon","coordinates":[[[8.37401,47.23457],[8.38571,47.21895],[8.3743,47.19949],[8.35882,47.20559],[8.33007,47.20238],[8.3275,47.21076],[8.34105,47.21006],[8.35816,47.21992],[8.35863,47.23394],[8.37401,47.23457]]]}},{"type":"Feature","properties":{"vogeId":4224,"vogeName":"Beinwil (Freiamt)"},"geometry":{"type":"Polygon","coordinates":[[[8.31487,47.23966],[8.35115,47.24624],[8.35352,47.23921],[8.36329,47.24212],[8.3727,47.23726],[8.37401,47.23457],[8.35863,47.23394],[8.35816,47.21992],[8.34105,47.21006],[8.3275,47.21076],[8.32574,47.21361],[8.31868,47.22351],[8.3154,47.2307],[8.31487,47.23966]]]}},{"type":"Feature","properties":{"vogeId":4226,"vogeName":"Besenb\u00fcren"},"geometry":{"type":"Polygon","coordinates":[[[8.3375,47.32142],[8.35019,47.32206],[8.35424,47.30785],[8.34103,47.30273],[8.33791,47.30559],[8.3375,47.32142]]]}},{"type":"Feature","properties":{"vogeId":4227,"vogeName":"Bettwil"},"geometry":{"type":"Polygon","coordinates":[[[8.25606,47.29635],[8.28073,47.29647],[8.28407,47.29332],[8.29893,47.27455],[8.29776,47.27202],[8.25864,47.28708],[8.25606,47.29635]]]}},{"type":"Feature","properties":{"vogeId":4228,"vogeName":"Boswil"},"geometry":{"type":"Polygon","coordinates":[[[8.29225,47.3234],[8.30064,47.32409],[8.31699,47.31367],[8.3155,47.30577],[8.33791,47.30559],[8.34103,47.30273],[8.33527,47.29651],[8.31372,47.27996],[8.29893,47.27455],[8.28407,47.29332],[8.3013,47.30901],[8.29225,47.3234]]]}},{"type":"Feature","properties":{"vogeId":4229,"vogeName":"B\u00fcnzen"},"geometry":{"type":"Polygon","coordinates":[[[8.30064,47.32409],[8.32006,47.33498],[8.3375,47.32142],[8.33791,47.30559],[8.3155,47.30577],[8.31699,47.31367],[8.30064,47.32409]]]}},{"type":"Feature","properties":{"vogeId":4230,"vogeName":"Buttwil"},"geometry":{"type":"Polygon","coordinates":[[[8.29893,47.27455],[8.31372,47.27996],[8.32596,47.26733],[8.32151,47.25856],[8.30647,47.25106],[8.29908,47.25545],[8.29776,47.27202],[8.29893,47.27455]]]}},{"type":"Feature","properties":{"vogeId":4231,"vogeName":"Dietwil"},"geometry":{"type":"Polygon","coordinates":[[[8.41442,47.15737],[8.41417,47.15648],[8.41277,47.15365],[8.41515,47.14826],[8.41575,47.14378],[8.4123,47.14052],[8.40525,47.13745],[8.37489,47.14307],[8.38265,47.16092],[8.38944,47.16176],[8.39921,47.15257],[8.41442,47.15737]]]}},{"type":"Feature","properties":{"vogeId":4232,"vogeName":"Geltwil"},"geometry":{"type":"Polygon","coordinates":[[[8.30647,47.25106],[8.32151,47.25856],[8.35095,47.24759],[8.35115,47.24624],[8.31487,47.23966],[8.31067,47.24521],[8.30647,47.25106]]]}},{"type":"Feature","properties":{"vogeId":4233,"vogeName":"Kallern"},"geometry":{"type":"Polygon","coordinates":[[[8.28794,47.32299],[8.29225,47.3234],[8.3013,47.30901],[8.28407,47.29332],[8.28073,47.29647],[8.27879,47.30291],[8.28839,47.30881],[8.28794,47.32299]]]}},{"type":"Feature","properties":{"vogeId":4234,"vogeName":"Merenschwand"},"geometry":{"type":"Polygon","coordinates":[[[8.35095,47.24759],[8.35719,47.25575],[8.3609,47.27392],[8.39166,47.28651],[8.39582,47.27856],[8.39893,47.27555],[8.40229,47.27344],[8.4027,47.27134],[8.40151,47.26822],[8.401,47.26509],[8.40232,47.26269],[8.40546,47.26117],[8.40563,47.25848],[8.40287,47.25582],[8.40463,47.25327],[8.4102,47.24845],[8.41086,47.24754],[8.4115,47.24515],[8.40805,47.2422],[8.40403,47.24477],[8.37805,47.24573],[8.3727,47.23726],[8.36329,47.24212],[8.35352,47.23921],[8.35115,47.24624],[8.35095,47.24759]]]}},{"type":"Feature","properties":{"vogeId":4235,"vogeName":"M\u00fchlau"},"geometry":{"type":"Polygon","coordinates":[[[8.40805,47.2422],[8.4073,47.23787],[8.3972,47.22945],[8.39509,47.22544],[8.39635,47.22006],[8.38571,47.21895],[8.37401,47.23457],[8.3727,47.23726],[8.37805,47.24573],[8.40403,47.24477],[8.40805,47.2422]]]}},{"type":"Feature","properties":{"vogeId":4236,"vogeName":"Muri (AG)"},"geometry":{"type":"Polygon","coordinates":[[[8.31372,47.27996],[8.33527,47.29651],[8.35457,47.28741],[8.3609,47.27392],[8.35719,47.25575],[8.35095,47.24759],[8.32151,47.25856],[8.32596,47.26733],[8.31372,47.27996]]]}},{"type":"Feature","properties":{"vogeId":4237,"vogeName":"Oberr\u00fcti"},"geometry":{"type":"Polygon","coordinates":[[[8.38265,47.16092],[8.38058,47.17153],[8.40021,47.18346],[8.40191,47.17762],[8.40526,47.17536],[8.41134,47.17456],[8.41503,47.16632],[8.41607,47.16124],[8.41442,47.15737],[8.39921,47.15257],[8.38944,47.16176],[8.38265,47.16092]]]}},{"type":"Feature","properties":{"vogeId":4238,"vogeName":"Rottenschwil"},"geometry":{"type":"Polygon","coordinates":[[[8.35019,47.32206],[8.36367,47.32942],[8.36974,47.32683],[8.37421,47.32351],[8.37413,47.31889],[8.37858,47.31437],[8.37828,47.3105],[8.37616,47.30589],[8.37517,47.30112],[8.35424,47.30785],[8.35019,47.32206]]]}},{"type":"Feature","properties":{"vogeId":4239,"vogeName":"Sins"},"geometry":{"type":"Polygon","coordinates":[[[8.38571,47.21895],[8.39635,47.22006],[8.40011,47.2157],[8.40022,47.20913],[8.40628,47.19445],[8.40144,47.18912],[8.40021,47.18346],[8.38058,47.17153],[8.38265,47.16092],[8.37489,47.14307],[8.36208,47.14601],[8.35814,47.15321],[8.3582,47.15679],[8.36774,47.17313],[8.36253,47.18511],[8.33926,47.1844],[8.33007,47.20238],[8.35882,47.20559],[8.3743,47.19949],[8.38571,47.21895]]]}},{"type":"Feature","properties":{"vogeId":4240,"vogeName":"Waltenschwil"},"geometry":{"type":"Polygon","coordinates":[[[8.31929,47.3432],[8.32057,47.33841],[8.32006,47.33498],[8.30064,47.32409],[8.29225,47.3234],[8.28794,47.32299],[8.27475,47.33368],[8.30258,47.34616],[8.30955,47.34297],[8.31929,47.3432]]]}},{"type":"Feature","properties":{"vogeId":4251,"vogeName":"Hellikon"},"geometry":{"type":"Polygon","coordinates":[[[7.92912,47.52279],[7.9438,47.51318],[7.94037,47.51066],[7.90477,47.49215],[7.89531,47.50219],[7.89421,47.50578],[7.89862,47.5165],[7.92912,47.52279]]]}},{"type":"Feature","properties":{"vogeId":4252,"vogeName":"Kaiseraugst"},"geometry":{"type":"Polygon","coordinates":[[[7.75269,47.54504],[7.76289,47.54128],[7.74893,47.52506],[7.73397,47.53121],[7.71356,47.53962],[7.72357,47.54213],[7.75269,47.54504]]]}},{"type":"Feature","properties":{"vogeId":4253,"vogeName":"Magden"},"geometry":{"type":"Polygon","coordinates":[[[7.78717,47.5345],[7.80358,47.53997],[7.81809,47.53515],[7.83331,47.5339],[7.83203,47.51481],[7.80737,47.49713],[7.79875,47.49895],[7.79956,47.5176],[7.78304,47.5278],[7.78717,47.5345]]]}},{"type":"Feature","properties":{"vogeId":4254,"vogeName":"M\u00f6hlin"},"geometry":{"type":"Polygon","coordinates":[[[7.83754,47.58283],[7.84915,47.58369],[7.86079,47.58812],[7.88468,47.58893],[7.89806,47.58395],[7.87793,47.56971],[7.86893,47.55362],[7.85273,47.54712],[7.85241,47.53533],[7.83331,47.5339],[7.81809,47.53515],[7.83754,47.58283]]]}},{"type":"Feature","properties":{"vogeId":4255,"vogeName":"Mumpf"},"geometry":{"type":"Polygon","coordinates":[[[7.89757,47.55247],[7.9085,47.55481],[7.91798,47.54701],[7.93344,47.54695],[7.94047,47.54468],[7.93545,47.54291],[7.91675,47.53687],[7.89793,47.54157],[7.89757,47.55247]]]}},{"type":"Feature","properties":{"vogeId":4256,"vogeName":"Obermumpf"},"geometry":{"type":"Polygon","coordinates":[[[7.91675,47.53687],[7.93545,47.54291],[7.95194,47.53254],[7.95666,47.5273],[7.9438,47.51318],[7.92912,47.52279],[7.91675,47.53687]]]}},{"type":"Feature","properties":{"vogeId":4257,"vogeName":"Olsberg"},"geometry":{"type":"Polygon","coordinates":[[[7.79875,47.49895],[7.79033,47.49599],[7.78921,47.49943],[7.79174,47.50345],[7.78911,47.51838],[7.74893,47.52506],[7.76289,47.54128],[7.78717,47.5345],[7.78304,47.5278],[7.79956,47.5176],[7.79875,47.49895]]]}},{"type":"Feature","properties":{"vogeId":4258,"vogeName":"Rheinfelden"},"geometry":{"type":"Polygon","coordinates":[[[7.75269,47.54504],[7.75839,47.54906],[7.79596,47.55745],[7.81039,47.57113],[7.81618,47.58649],[7.8287,47.58764],[7.83754,47.58283],[7.81809,47.53515],[7.80358,47.53997],[7.78717,47.5345],[7.76289,47.54128],[7.75269,47.54504]]]}},{"type":"Feature","properties":{"vogeId":4259,"vogeName":"Schupfart"},"geometry":{"type":"Polygon","coordinates":[[[7.95666,47.5273],[7.96962,47.52724],[7.98366,47.5227],[7.97807,47.509],[7.94927,47.49137],[7.94037,47.51066],[7.9438,47.51318],[7.95666,47.5273]]]}},{"type":"Feature","properties":{"vogeId":4260,"vogeName":"Stein (AG)"},"geometry":{"type":"Polygon","coordinates":[[[7.96446,47.55741],[7.96325,47.55025],[7.95194,47.53254],[7.93545,47.54291],[7.94047,47.54468],[7.95536,47.557],[7.96446,47.55741]]]}},{"type":"Feature","properties":{"vogeId":4261,"vogeName":"Wallbach"},"geometry":{"type":"Polygon","coordinates":[[[7.89806,47.58395],[7.91091,47.57032],[7.9085,47.55481],[7.89757,47.55247],[7.87793,47.56971],[7.89806,47.58395]]]}},{"type":"Feature","properties":{"vogeId":4262,"vogeName":"Wegenstetten"},"geometry":{"type":"Polygon","coordinates":[[[7.90477,47.49215],[7.94037,47.51066],[7.94927,47.49137],[7.94581,47.48542],[7.90493,47.48484],[7.90477,47.49215]]]}},{"type":"Feature","properties":{"vogeId":4263,"vogeName":"Zeiningen"},"geometry":{"type":"Polygon","coordinates":[[[7.87793,47.56971],[7.89757,47.55247],[7.89793,47.54157],[7.87663,47.52271],[7.86346,47.52365],[7.85241,47.53533],[7.85273,47.54712],[7.86893,47.55362],[7.87793,47.56971]]]}},{"type":"Feature","properties":{"vogeId":4264,"vogeName":"Zuzgen"},"geometry":{"type":"Polygon","coordinates":[[[7.89793,47.54157],[7.91675,47.53687],[7.92912,47.52279],[7.89862,47.5165],[7.89421,47.50578],[7.87564,47.51316],[7.87663,47.52271],[7.89793,47.54157]]]}},{"type":"Feature","properties":{"vogeId":4271,"vogeName":"Aarburg"},"geometry":{"type":"Polygon","coordinates":[[[7.91586,47.33661],[7.91812,47.33541],[7.90791,47.30755],[7.89189,47.31373],[7.89191,47.31627],[7.8976,47.31953],[7.89739,47.32162],[7.89606,47.32505],[7.89929,47.33116],[7.90683,47.33949],[7.91586,47.33661]]]}},{"type":"Feature","properties":{"vogeId":4273,"vogeName":"Bottenwil"},"geometry":{"type":"Polygon","coordinates":[[[7.98856,47.29346],[8.00354,47.29712],[8.01977,47.29137],[8.01998,47.26973],[8.00485,47.27115],[7.9977,47.27969],[7.99706,47.28387],[7.98033,47.2847],[7.98856,47.29346]]]}},{"type":"Feature","properties":{"vogeId":4274,"vogeName":"Brittnau"},"geometry":{"type":"Polygon","coordinates":[[[7.94042,47.27503],[7.95037,47.27468],[7.96148,47.25449],[7.9335,47.23581],[7.92222,47.2378],[7.89468,47.24253],[7.89359,47.24746],[7.89188,47.25851],[7.91639,47.26826],[7.92495,47.26465],[7.94042,47.27503]]]}},{"type":"Feature","properties":{"vogeId":4275,"vogeName":"Kirchleerau"},"geometry":{"type":"Polygon","coordinates":[[[8.0558,47.27671],[8.05637,47.287],[8.06634,47.28844],[8.08937,47.28428],[8.09123,47.27009],[8.08686,47.2643],[8.0558,47.27671]]]}},{"type":"Feature","properties":{"vogeId":4276,"vogeName":"K\u00f6lliken"},"geometry":{"type":"Polygon","coordinates":[[[8.01179,47.34976],[8.04571,47.34466],[8.04215,47.33005],[8.02946,47.32878],[8.02676,47.31029],[8.00962,47.31559],[8.00099,47.33474],[8.01179,47.34976]]]}},{"type":"Feature","properties":{"vogeId":4277,"vogeName":"Moosleerau"},"geometry":{"type":"Polygon","coordinates":[[[8.05049,47.26748],[8.0558,47.27671],[8.08686,47.2643],[8.0882,47.26295],[8.07273,47.25512],[8.05668,47.25551],[8.05515,47.2594],[8.05049,47.26748]]]}},{"type":"Feature","properties":{"vogeId":4279,"vogeName":"Murgenthal"},"geometry":{"type":"Polygon","coordinates":[[[7.8496,47.28852],[7.85165,47.29],[7.87645,47.28036],[7.8712,47.27352],[7.88153,47.26542],[7.86678,47.25936],[7.88342,47.24795],[7.89359,47.24746],[7.89468,47.24253],[7.83879,47.23468],[7.82785,47.25367],[7.82522,47.26562],[7.8284,47.2665],[7.83384,47.26843],[7.84134,47.27407],[7.84408,47.27705],[7.84481,47.28346],[7.8496,47.28852]]]}},{"type":"Feature","properties":{"vogeId":4280,"vogeName":"Oftringen"},"geometry":{"type":"Polygon","coordinates":[[[7.91812,47.33541],[7.93282,47.33326],[7.94798,47.3326],[7.94851,47.31722],[7.96372,47.32104],[7.97649,47.30784],[7.9635,47.29925],[7.94537,47.2956],[7.9291,47.29806],[7.90791,47.30755],[7.91812,47.33541]]]}},{"type":"Feature","properties":{"vogeId":4281,"vogeName":"Reitnau"},"geometry":{"type":"Polygon","coordinates":[[[8.01402,47.26215],[8.02263,47.2636],[8.02857,47.26894],[8.05049,47.26748],[8.05515,47.2594],[8.05668,47.25551],[8.05665,47.25208],[8.06314,47.24667],[8.01586,47.24423],[8.01402,47.26215]]]}},{"type":"Feature","properties":{"vogeId":4282,"vogeName":"Rothrist"},"geometry":{"type":"Polygon","coordinates":[[[7.88123,47.31034],[7.88734,47.31106],[7.89189,47.31373],[7.90791,47.30755],[7.9291,47.29806],[7.90688,47.29352],[7.87645,47.28036],[7.85165,47.29],[7.86059,47.30549],[7.87263,47.31052],[7.88123,47.31034]]]}},{"type":"Feature","properties":{"vogeId":4283,"vogeName":"Safenwil"},"geometry":{"type":"Polygon","coordinates":[[[7.99191,47.33254],[8.00099,47.33474],[8.00962,47.31559],[7.98283,47.30811],[7.97649,47.30784],[7.96372,47.32104],[7.99191,47.33254]]]}},{"type":"Feature","properties":{"vogeId":4284,"vogeName":"Staffelbach"},"geometry":{"type":"Polygon","coordinates":[[[8.03093,47.29818],[8.06165,47.29369],[8.06634,47.28844],[8.05637,47.287],[8.0558,47.27671],[8.05049,47.26748],[8.02857,47.26894],[8.01998,47.26973],[8.01977,47.29137],[8.03093,47.29818]]]}},{"type":"Feature","properties":{"vogeId":4285,"vogeName":"Strengelbach"},"geometry":{"type":"Polygon","coordinates":[[[7.9291,47.29806],[7.94042,47.27503],[7.92495,47.26465],[7.91639,47.26826],[7.90688,47.29352],[7.9291,47.29806]]]}},{"type":"Feature","properties":{"vogeId":4286,"vogeName":"Uerkheim"},"geometry":{"type":"Polygon","coordinates":[[[8.00962,47.31559],[8.02676,47.31029],[8.03557,47.30815],[8.03093,47.29818],[8.01977,47.29137],[8.00354,47.29712],[7.98856,47.29346],[7.98769,47.2966],[7.98283,47.30811],[8.00962,47.31559]]]}},{"type":"Feature","properties":{"vogeId":4287,"vogeName":"Vordemwald"},"geometry":{"type":"Polygon","coordinates":[[[7.87645,47.28036],[7.90688,47.29352],[7.91639,47.26826],[7.89188,47.25851],[7.89359,47.24746],[7.88342,47.24795],[7.86678,47.25936],[7.88153,47.26542],[7.8712,47.27352],[7.87645,47.28036]]]}},{"type":"Feature","properties":{"vogeId":4288,"vogeName":"Wiliberg"},"geometry":{"type":"Polygon","coordinates":[[[8.00485,47.27115],[8.01998,47.26973],[8.02857,47.26894],[8.02263,47.2636],[8.01402,47.26215],[8.00485,47.27115]]]}},{"type":"Feature","properties":{"vogeId":4289,"vogeName":"Zofingen"},"geometry":{"type":"Polygon","coordinates":[[[7.97649,47.30784],[7.98283,47.30811],[7.98769,47.2966],[7.98856,47.29346],[7.98033,47.2847],[7.99706,47.28387],[7.9977,47.27969],[7.95037,47.27468],[7.94042,47.27503],[7.9291,47.29806],[7.94537,47.2956],[7.9635,47.29925],[7.97649,47.30784]]]}},{"type":"Feature","properties":{"vogeId":4303,"vogeName":"B\u00f6ttstein"},"geometry":{"type":"Polygon","coordinates":[[[8.24112,47.58164],[8.25102,47.57456],[8.25476,47.56617],[8.24943,47.56009],[8.23303,47.55827],[8.22592,47.55414],[8.22608,47.54951],[8.23033,47.54515],[8.22892,47.54158],[8.20784,47.5462],[8.20551,47.558],[8.22169,47.56058],[8.22559,47.57802],[8.24112,47.58164]]]}},{"type":"Feature","properties":{"vogeId":4304,"vogeName":"D\u00f6ttingen"},"geometry":{"type":"Polygon","coordinates":[[[8.27312,47.57724],[8.27696,47.57497],[8.26266,47.54806],[8.23033,47.54515],[8.22608,47.54951],[8.22592,47.55414],[8.23303,47.55827],[8.24943,47.56009],[8.25476,47.56617],[8.25102,47.57456],[8.27312,47.57724]]]}},{"type":"Feature","properties":{"vogeId":4305,"vogeName":"Endingen"},"geometry":{"type":"Polygon","coordinates":[[[8.3222,47.54613],[8.28913,47.51101],[8.2833,47.51643],[8.2664,47.52535],[8.26681,47.53729],[8.26398,47.54492],[8.30137,47.55166],[8.3222,47.54613]]]}},{"type":"Feature","properties":{"vogeId":4306,"vogeName":"Fisibach"},"geometry":{"type":"Polygon","coordinates":[[[8.39847,47.57731],[8.41248,47.57197],[8.40712,47.56485],[8.41865,47.56147],[8.41745,47.54566],[8.39961,47.53955],[8.39172,47.55573],[8.39197,47.55722],[8.39847,47.57731]]]}},{"type":"Feature","properties":{"vogeId":4307,"vogeName":"Full-Reuenthal"},"geometry":{"type":"Polygon","coordinates":[[[8.18479,47.60485],[8.19338,47.61628],[8.20869,47.62036],[8.22046,47.61595],[8.19804,47.59238],[8.18479,47.60485]]]}},{"type":"Feature","properties":{"vogeId":4309,"vogeName":"Klingnau"},"geometry":{"type":"Polygon","coordinates":[[[8.2211,47.5973],[8.22983,47.60276],[8.24064,47.59537],[8.26411,47.59715],[8.27304,47.58634],[8.27312,47.57724],[8.25102,47.57456],[8.24112,47.58164],[8.2211,47.5973]]]}},{"type":"Feature","properties":{"vogeId":4310,"vogeName":"Koblenz"},"geometry":{"type":"Polygon","coordinates":[[[8.22397,47.60683],[8.23955,47.61343],[8.2614,47.61358],[8.2675,47.61055],[8.26411,47.59715],[8.24064,47.59537],[8.22983,47.60276],[8.2211,47.5973],[8.22397,47.60683]]]}},{"type":"Feature","properties":{"vogeId":4311,"vogeName":"Leibstadt"},"geometry":{"type":"Polygon","coordinates":[[[8.15938,47.59367],[8.18479,47.60485],[8.19804,47.59238],[8.17545,47.57148],[8.15925,47.58427],[8.15938,47.59367]]]}},{"type":"Feature","properties":{"vogeId":4312,"vogeName":"Lengnau (AG)"},"geometry":{"type":"Polygon","coordinates":[[[8.35426,47.54618],[8.33974,47.52152],[8.34436,47.51223],[8.33747,47.50811],[8.29296,47.50949],[8.28913,47.51101],[8.3222,47.54613],[8.35426,47.54618]]]}},{"type":"Feature","properties":{"vogeId":4313,"vogeName":"Leuggern"},"geometry":{"type":"Polygon","coordinates":[[[8.22046,47.61595],[8.22397,47.60683],[8.2211,47.5973],[8.24112,47.58164],[8.22559,47.57802],[8.22169,47.56058],[8.20551,47.558],[8.17854,47.56415],[8.17545,47.57148],[8.19804,47.59238],[8.22046,47.61595]]]}},{"type":"Feature","properties":{"vogeId":4314,"vogeName":"Mellikon"},"geometry":{"type":"Polygon","coordinates":[[[8.33716,47.57034],[8.36171,47.5697],[8.35843,47.56391],[8.34643,47.554],[8.33514,47.55827],[8.33716,47.57034]]]}},{"type":"Feature","properties":{"vogeId":4318,"vogeName":"Schneisingen"},"geometry":{"type":"Polygon","coordinates":[[[8.35426,47.54618],[8.36329,47.54268],[8.3629,47.53313],[8.38669,47.52891],[8.37708,47.51242],[8.36113,47.51001],[8.34436,47.51223],[8.33974,47.52152],[8.35426,47.54618]]]}},{"type":"Feature","properties":{"vogeId":4319,"vogeName":"Siglistorf"},"geometry":{"type":"Polygon","coordinates":[[[8.36329,47.54268],[8.39172,47.55573],[8.39961,47.53955],[8.40268,47.53325],[8.39688,47.52703],[8.39212,47.52767],[8.38669,47.52891],[8.3629,47.53313],[8.36329,47.54268]]]}},{"type":"Feature","properties":{"vogeId":4320,"vogeName":"Tegerfelden"},"geometry":{"type":"Polygon","coordinates":[[[8.27696,47.57497],[8.29882,47.57645],[8.30554,47.56998],[8.30634,47.56356],[8.30137,47.55166],[8.26398,47.54492],[8.26266,47.54806],[8.27696,47.57497]]]}},{"type":"Feature","properties":{"vogeId":4324,"vogeName":"Zurzach"},"geometry":{"type":"MultiPolygon","coordinates":[[[[8.41248,47.57197],[8.42582,47.56783],[8.41865,47.56147],[8.40712,47.56485],[8.41248,47.57197]]],[[[8.36171,47.5697],[8.38052,47.56567],[8.38623,47.56682],[8.39001,47.57499],[8.39847,47.57731],[8.39197,47.55722],[8.39172,47.55573],[8.36329,47.54268],[8.35426,47.54618],[8.3222,47.54613],[8.30137,47.55166],[8.30634,47.56356],[8.30554,47.56998],[8.29882,47.57645],[8.27696,47.57497],[8.27312,47.57724],[8.27304,47.58634],[8.26411,47.59715],[8.2675,47.61055],[8.28889,47.6101],[8.29816,47.60585],[8.29568,47.59363],[8.29789,47.58914],[8.31637,47.57886],[8.32492,47.57267],[8.33716,47.57034],[8.33514,47.55827],[8.34643,47.554],[8.35843,47.56391],[8.36171,47.5697]]]]}},{"type":"Feature","properties":{"vogeId":4401,"vogeName":"Arbon"},"geometry":{"type":"Polygon","coordinates":[[[9.40043,47.52767],[9.40571,47.53519],[9.41679,47.52739],[9.42522,47.52172],[9.43739,47.51897],[9.43973,47.51475],[9.43599,47.51198],[9.43578,47.50646],[9.42155,47.49641],[9.41729,47.49812],[9.40419,47.51238],[9.41284,47.51895],[9.40043,47.52767]]]}},{"type":"Feature","properties":{"vogeId":4406,"vogeName":"Dozwil"},"geometry":{"type":"Polygon","coordinates":[[[9.30745,47.57279],[9.31584,47.58489],[9.32752,47.58037],[9.324,47.57118],[9.30745,47.57279]]]}},{"type":"Feature","properties":{"vogeId":4411,"vogeName":"Egnach"},"geometry":{"type":"Polygon","coordinates":[[[9.32408,47.54117],[9.38312,47.55139],[9.38672,47.54432],[9.40571,47.53519],[9.40043,47.52767],[9.38786,47.52579],[9.38804,47.5122],[9.37277,47.51097],[9.36472,47.50185],[9.33764,47.50095],[9.33922,47.50689],[9.35438,47.51769],[9.34356,47.52026],[9.33942,47.53152],[9.32408,47.54117]]]}},{"type":"Feature","properties":{"vogeId":4416,"vogeName":"Hefenhofen"},"geometry":{"type":"Polygon","coordinates":[[[9.29965,47.57739],[9.30745,47.57279],[9.324,47.57118],[9.3262,47.56263],[9.33302,47.54968],[9.31899,47.54514],[9.29559,47.5588],[9.29965,47.57739]]]}},{"type":"Feature","properties":{"vogeId":4421,"vogeName":"Horn"},"geometry":{"type":"Polygon","coordinates":[[[9.44956,47.49219],[9.44945,47.5013],[9.4663,47.49638],[9.47626,47.48934],[9.46425,47.48432],[9.44956,47.49219]]]}},{"type":"Feature","properties":{"vogeId":4426,"vogeName":"Kesswil"},"geometry":{"type":"Polygon","coordinates":[[[9.31368,47.60105],[9.33177,47.5912],[9.32752,47.58037],[9.31584,47.58489],[9.30745,47.57279],[9.29965,47.57739],[9.29766,47.57892],[9.29931,47.59367],[9.31368,47.60105]]]}},{"type":"Feature","properties":{"vogeId":4431,"vogeName":"Roggwil (TG)"},"geometry":{"type":"Polygon","coordinates":[[[9.36472,47.50185],[9.37277,47.51097],[9.38804,47.5122],[9.38786,47.52579],[9.40043,47.52767],[9.41284,47.51895],[9.40419,47.51238],[9.41729,47.49812],[9.4094,47.49348],[9.39929,47.47813],[9.3913,47.47722],[9.38941,47.48128],[9.3732,47.48528],[9.3664,47.48555],[9.36712,47.493],[9.37441,47.49974],[9.36472,47.50185]]]}},{"type":"Feature","properties":{"vogeId":4436,"vogeName":"Romanshorn"},"geometry":{"type":"Polygon","coordinates":[[[9.35734,47.58078],[9.38248,47.57125],[9.38396,47.56824],[9.38056,47.55621],[9.36441,47.55618],[9.33302,47.54968],[9.3262,47.56263],[9.35734,47.58078]]]}},{"type":"Feature","properties":{"vogeId":4441,"vogeName":"Salmsach"},"geometry":{"type":"Polygon","coordinates":[[[9.38056,47.55621],[9.38312,47.55139],[9.32408,47.54117],[9.31899,47.54514],[9.33302,47.54968],[9.36441,47.55618],[9.38056,47.55621]]]}},{"type":"Feature","properties":{"vogeId":4446,"vogeName":"Sommeri"},"geometry":{"type":"Polygon","coordinates":[[[9.27538,47.57957],[9.29766,47.57892],[9.29965,47.57739],[9.29559,47.5588],[9.26543,47.56808],[9.26413,47.57019],[9.27538,47.57957]]]}},{"type":"Feature","properties":{"vogeId":4451,"vogeName":"Uttwil"},"geometry":{"type":"Polygon","coordinates":[[[9.33177,47.5912],[9.35734,47.58078],[9.3262,47.56263],[9.324,47.57118],[9.32752,47.58037],[9.33177,47.5912]]]}},{"type":"Feature","properties":{"vogeId":4461,"vogeName":"Amriswil"},"geometry":{"type":"Polygon","coordinates":[[[9.26543,47.56808],[9.29559,47.5588],[9.31899,47.54514],[9.32408,47.54117],[9.33942,47.53152],[9.29364,47.52271],[9.25121,47.53144],[9.24817,47.54895],[9.26104,47.55308],[9.26543,47.56808]]]}},{"type":"Feature","properties":{"vogeId":4471,"vogeName":"Bischofszell"},"geometry":{"type":"Polygon","coordinates":[[[9.23368,47.50395],[9.24459,47.49736],[9.2491,47.50297],[9.25949,47.49444],[9.2438,47.48081],[9.23699,47.48091],[9.20903,47.48],[9.20979,47.48924],[9.17756,47.49705],[9.19313,47.51428],[9.20724,47.50824],[9.21188,47.50414],[9.21243,47.5004],[9.22226,47.49517],[9.23368,47.50395]]]}},{"type":"Feature","properties":{"vogeId":4476,"vogeName":"Erlen"},"geometry":{"type":"Polygon","coordinates":[[[9.24596,47.57093],[9.2609,47.57532],[9.26413,47.57019],[9.26543,47.56808],[9.26104,47.55308],[9.24817,47.54895],[9.25121,47.53144],[9.24614,47.52943],[9.22537,47.53363],[9.19919,47.53956],[9.20953,47.55656],[9.23308,47.56023],[9.24596,47.57093]]]}},{"type":"Feature","properties":{"vogeId":4486,"vogeName":"Hauptwil-Gottshaus"},"geometry":{"type":"Polygon","coordinates":[[[9.2491,47.50297],[9.268,47.50416],[9.274,47.50018],[9.2803,47.50486],[9.2837,47.50466],[9.28446,47.50032],[9.2934,47.49614],[9.30066,47.49588],[9.30239,47.50003],[9.30745,47.50174],[9.3103,47.49871],[9.31763,47.50038],[9.32046,47.4969],[9.32092,47.49062],[9.29842,47.47726],[9.28113,47.48306],[9.2513,47.47427],[9.2438,47.48081],[9.25949,47.49444],[9.2491,47.50297]]]}},{"type":"Feature","properties":{"vogeId":4495,"vogeName":"Hohentannen"},"geometry":{"type":"Polygon","coordinates":[[[9.22537,47.53363],[9.24614,47.52943],[9.23368,47.50395],[9.22226,47.49517],[9.21243,47.5004],[9.21188,47.50414],[9.20724,47.50824],[9.20883,47.51508],[9.20784,47.51928],[9.21019,47.52864],[9.22537,47.53363]]]}},{"type":"Feature","properties":{"vogeId":4501,"vogeName":"Kradolf-Sch\u00f6nenberg"},"geometry":{"type":"Polygon","coordinates":[[[9.15806,47.53316],[9.16636,47.53692],[9.1706,47.53432],[9.17692,47.52616],[9.21019,47.52864],[9.20784,47.51928],[9.20883,47.51508],[9.20724,47.50824],[9.19313,47.51428],[9.17756,47.49705],[9.16597,47.50394],[9.15205,47.50191],[9.14988,47.50507],[9.16455,47.5162],[9.15382,47.52158],[9.15806,47.53316]]]}},{"type":"Feature","properties":{"vogeId":4506,"vogeName":"Sulgen"},"geometry":{"type":"Polygon","coordinates":[[[9.1988,47.56195],[9.20953,47.55656],[9.19919,47.53956],[9.22537,47.53363],[9.21019,47.52864],[9.17692,47.52616],[9.1706,47.53432],[9.16636,47.53692],[9.17005,47.55238],[9.18712,47.55287],[9.1988,47.56195]]]}},{"type":"Feature","properties":{"vogeId":4511,"vogeName":"Zihlschlacht-Sitterdorf"},"geometry":{"type":"Polygon","coordinates":[[[9.25121,47.53144],[9.29364,47.52271],[9.27968,47.51338],[9.29478,47.50956],[9.3034,47.51569],[9.31701,47.5086],[9.30745,47.50174],[9.30239,47.50003],[9.30066,47.49588],[9.2934,47.49614],[9.28446,47.50032],[9.2837,47.50466],[9.2803,47.50486],[9.274,47.50018],[9.268,47.50416],[9.2491,47.50297],[9.24459,47.49736],[9.23368,47.50395],[9.24614,47.52943],[9.25121,47.53144]]]}},{"type":"Feature","properties":{"vogeId":4536,"vogeName":"Basadingen-Schlattingen"},"geometry":{"type":"Polygon","coordinates":[[[8.72009,47.66897],[8.73159,47.67302],[8.7433,47.67662],[8.76502,47.6795],[8.77386,47.66851],[8.79861,47.66494],[8.76494,47.64891],[8.74715,47.63867],[8.73174,47.64197],[8.72009,47.66897]]]}},{"type":"Feature","properties":{"vogeId":4545,"vogeName":"Diessenhofen"},"geometry":{"type":"Polygon","coordinates":[[[8.71788,47.69078],[8.72797,47.6929],[8.74297,47.69124],[8.78909,47.67594],[8.79614,47.67526],[8.79867,47.67613],[8.80295,47.66519],[8.79861,47.66494],[8.77386,47.66851],[8.76502,47.6795],[8.7433,47.67662],[8.73159,47.67302],[8.72009,47.66897],[8.71349,47.67874],[8.70728,47.67627],[8.7015,47.69215],[8.71788,47.69078]]]}},{"type":"Feature","properties":{"vogeId":4546,"vogeName":"Schlatt (TG)"},"geometry":{"type":"Polygon","coordinates":[[[8.7015,47.69215],[8.70728,47.67627],[8.71349,47.67874],[8.72009,47.66897],[8.73174,47.64197],[8.71715,47.64169],[8.68819,47.64991],[8.6774,47.66585],[8.66811,47.67774],[8.66941,47.68488],[8.69018,47.69541],[8.7015,47.69215]]]}},{"type":"Feature","properties":{"vogeId":4551,"vogeName":"Aadorf"},"geometry":{"type":"Polygon","coordinates":[[[8.91177,47.53014],[8.9122,47.51282],[8.93093,47.50795],[8.94064,47.49783],[8.9222,47.48851],[8.93769,47.47399],[8.9298,47.45976],[8.90979,47.46673],[8.89426,47.46335],[8.88355,47.47035],[8.88522,47.48167],[8.89758,47.48509],[8.89511,47.50274],[8.89842,47.52419],[8.88762,47.5282],[8.89353,47.53619],[8.90729,47.54049],[8.91177,47.53014]]]}},{"type":"Feature","properties":{"vogeId":4561,"vogeName":"Felben-Wellhausen"},"geometry":{"type":"Polygon","coordinates":[[[8.95119,47.58933],[8.96591,47.56316],[8.94019,47.56231],[8.92244,47.5703],[8.91744,47.58693],[8.93634,47.58713],[8.95119,47.58933]]]}},{"type":"Feature","properties":{"vogeId":4566,"vogeName":"Frauenfeld"},"geometry":{"type":"Polygon","coordinates":[[[8.85027,47.57672],[8.86713,47.57756],[8.89223,47.58023],[8.91744,47.58693],[8.92244,47.5703],[8.94019,47.56231],[8.94589,47.55492],[8.9374,47.55219],[8.93119,47.54974],[8.92403,47.52968],[8.91177,47.53014],[8.90729,47.54049],[8.89353,47.53619],[8.88762,47.5282],[8.87402,47.52942],[8.86768,47.53039],[8.86842,47.54098],[8.88038,47.54605],[8.86504,47.56758],[8.85061,47.56358],[8.83852,47.57119],[8.85027,47.57672]]]}},{"type":"Feature","properties":{"vogeId":4571,"vogeName":"Gachnang"},"geometry":{"type":"Polygon","coordinates":[[[8.85061,47.56358],[8.86504,47.56758],[8.88038,47.54605],[8.86842,47.54098],[8.86768,47.53039],[8.84115,47.53265],[8.82964,47.55339],[8.85061,47.56358]]]}},{"type":"Feature","properties":{"vogeId":4590,"vogeName":"H\u00fcttlingen"},"geometry":{"type":"Polygon","coordinates":[[[8.95119,47.58933],[8.9683,47.59074],[8.98489,47.59008],[9.01877,47.58141],[9.00998,47.56108],[9.00247,47.56104],[8.98608,47.56827],[8.96591,47.56316],[8.95119,47.58933]]]}},{"type":"Feature","properties":{"vogeId":4591,"vogeName":"Matzingen"},"geometry":{"type":"Polygon","coordinates":[[[8.9374,47.55219],[8.93979,47.54022],[8.94839,47.53086],[8.93879,47.51278],[8.93093,47.50795],[8.9122,47.51282],[8.91177,47.53014],[8.92403,47.52968],[8.93119,47.54974],[8.9374,47.55219]]]}},{"type":"Feature","properties":{"vogeId":4601,"vogeName":"Neunforn"},"geometry":{"type":"Polygon","coordinates":[[[8.74945,47.62133],[8.78786,47.60955],[8.79819,47.60406],[8.80421,47.60801],[8.81034,47.59869],[8.79793,47.58511],[8.76195,47.59283],[8.74828,47.59239],[8.73956,47.60801],[8.74945,47.62133]]]}},{"type":"Feature","properties":{"vogeId":4606,"vogeName":"Stettfurt"},"geometry":{"type":"Polygon","coordinates":[[[8.93979,47.54022],[8.9498,47.54054],[8.98112,47.53088],[8.968,47.52508],[8.97494,47.51364],[8.93879,47.51278],[8.94839,47.53086],[8.93979,47.54022]]]}},{"type":"Feature","properties":{"vogeId":4611,"vogeName":"Thundorf"},"geometry":{"type":"Polygon","coordinates":[[[9.00247,47.56104],[8.99929,47.54571],[9.01238,47.54225],[9.01195,47.53553],[8.98112,47.53088],[8.9498,47.54054],[8.93979,47.54022],[8.9374,47.55219],[8.94589,47.55492],[8.94019,47.56231],[8.96591,47.56316],[8.98608,47.56827],[9.00247,47.56104]]]}},{"type":"Feature","properties":{"vogeId":4616,"vogeName":"Uesslingen-Buch"},"geometry":{"type":"Polygon","coordinates":[[[8.81034,47.59869],[8.83755,47.61194],[8.86316,47.5991],[8.85027,47.57672],[8.83852,47.57119],[8.81031,47.57078],[8.79793,47.58511],[8.81034,47.59869]]]}},{"type":"Feature","properties":{"vogeId":4621,"vogeName":"Warth-Weiningen"},"geometry":{"type":"Polygon","coordinates":[[[8.86316,47.5991],[8.8857,47.59927],[8.91169,47.59267],[8.91744,47.58693],[8.89223,47.58023],[8.86713,47.57756],[8.85027,47.57672],[8.86316,47.5991]]]}},{"type":"Feature","properties":{"vogeId":4641,"vogeName":"Altnau"},"geometry":{"type":"Polygon","coordinates":[[[9.26439,47.62377],[9.28102,47.61754],[9.27574,47.59643],[9.26195,47.5862],[9.24019,47.61535],[9.26439,47.62377]]]}},{"type":"Feature","properties":{"vogeId":4643,"vogeName":"Bottighofen"},"geometry":{"type":"Polygon","coordinates":[[[9.20586,47.64438],[9.21981,47.63924],[9.21239,47.62174],[9.19838,47.63166],[9.20586,47.64438]]]}},{"type":"Feature","properties":{"vogeId":4646,"vogeName":"Ermatingen"},"geometry":{"type":"Polygon","coordinates":[[[9.06576,47.67419],[9.07055,47.67427],[9.07387,47.67109],[9.07933,47.67071],[9.08241,47.67455],[9.09011,47.67295],[9.09202,47.6683],[9.09627,47.666],[9.11654,47.66556],[9.11891,47.66104],[9.10627,47.63585],[9.09225,47.63934],[9.07458,47.64242],[9.07147,47.64501],[9.07689,47.65806],[9.0615,47.66902],[9.06576,47.67419]]]}},{"type":"Feature","properties":{"vogeId":4651,"vogeName":"Gottlieben"},"geometry":{"type":"Polygon","coordinates":[[[9.11654,47.66556],[9.12614,47.66646],[9.13835,47.66315],[9.13278,47.6601],[9.11891,47.66104],[9.11654,47.66556]]]}},{"type":"Feature","properties":{"vogeId":4656,"vogeName":"G\u00fcttingen"},"geometry":{"type":"Polygon","coordinates":[[[9.28102,47.61754],[9.30014,47.61067],[9.31368,47.60105],[9.29931,47.59367],[9.29766,47.57892],[9.27538,47.57957],[9.26654,47.5806],[9.26195,47.5862],[9.27574,47.59643],[9.28102,47.61754]]]}},{"type":"Feature","properties":{"vogeId":4666,"vogeName":"Kemmental"},"geometry":{"type":"Polygon","coordinates":[[[9.11565,47.62303],[9.12256,47.63248],[9.14012,47.63312],[9.15171,47.62549],[9.15847,47.62315],[9.16224,47.63414],[9.17293,47.63353],[9.17369,47.62188],[9.18411,47.6065],[9.1731,47.5901],[9.14432,47.58665],[9.11061,47.58594],[9.10063,47.60146],[9.10015,47.60803],[9.10906,47.61596],[9.11565,47.62303]]]}},{"type":"Feature","properties":{"vogeId":4671,"vogeName":"Kreuzlingen"},"geometry":{"type":"Polygon","coordinates":[[[9.16333,47.66054],[9.17322,47.65622],[9.18164,47.65594],[9.19117,47.64804],[9.20586,47.64438],[9.19838,47.63166],[9.17369,47.62188],[9.17293,47.63353],[9.16224,47.63414],[9.15847,47.62315],[9.15171,47.62549],[9.14012,47.63312],[9.16333,47.66054]]]}},{"type":"Feature","properties":{"vogeId":4681,"vogeName":"Langrickenbach"},"geometry":{"type":"Polygon","coordinates":[[[9.24019,47.61535],[9.26195,47.5862],[9.26654,47.5806],[9.27538,47.57957],[9.26413,47.57019],[9.2609,47.57532],[9.24596,47.57093],[9.23317,47.58978],[9.21576,47.59304],[9.21882,47.61657],[9.24019,47.61535]]]}},{"type":"Feature","properties":{"vogeId":4683,"vogeName":"Lengwil"},"geometry":{"type":"Polygon","coordinates":[[[9.19838,47.63166],[9.21239,47.62174],[9.21882,47.61657],[9.21576,47.59304],[9.20353,47.59501],[9.18411,47.6065],[9.17369,47.62188],[9.19838,47.63166]]]}},{"type":"Feature","properties":{"vogeId":4691,"vogeName":"M\u00fcnsterlingen"},"geometry":{"type":"Polygon","coordinates":[[[9.21981,47.63924],[9.24711,47.63136],[9.26439,47.62377],[9.24019,47.61535],[9.21882,47.61657],[9.21239,47.62174],[9.21981,47.63924]]]}},{"type":"Feature","properties":{"vogeId":4696,"vogeName":"T\u00e4gerwilen"},"geometry":{"type":"Polygon","coordinates":[[[9.13835,47.66315],[9.14801,47.66599],[9.15735,47.66585],[9.16067,47.66282],[9.16333,47.66054],[9.14012,47.63312],[9.12256,47.63248],[9.11565,47.62303],[9.1101,47.62729],[9.10627,47.63585],[9.11891,47.66104],[9.13278,47.6601],[9.13835,47.66315]]]}},{"type":"Feature","properties":{"vogeId":4701,"vogeName":"W\u00e4ldi"},"geometry":{"type":"Polygon","coordinates":[[[9.07458,47.64242],[9.09225,47.63934],[9.10627,47.63585],[9.1101,47.62729],[9.11565,47.62303],[9.10906,47.61596],[9.10015,47.60803],[9.07867,47.61267],[9.04924,47.61069],[9.05395,47.62331],[9.05658,47.63477],[9.07095,47.63546],[9.07458,47.64242]]]}},{"type":"Feature","properties":{"vogeId":4711,"vogeName":"Affeltrangen"},"geometry":{"type":"Polygon","coordinates":[[[9.01238,47.54225],[9.02323,47.54777],[9.04419,47.54912],[9.0426,47.54183],[9.07812,47.54342],[9.08484,47.51796],[9.06741,47.52029],[9.03545,47.52312],[9.0156,47.5131],[9.01195,47.53553],[9.01238,47.54225]]]}},{"type":"Feature","properties":{"vogeId":4716,"vogeName":"Bettwiesen"},"geometry":{"type":"Polygon","coordinates":[[[8.99303,47.50281],[9.0106,47.5054],[9.03,47.50051],[9.04213,47.49587],[9.0124,47.48941],[9.00725,47.49963],[8.99447,47.49741],[8.99303,47.50281]]]}},{"type":"Feature","properties":{"vogeId":4721,"vogeName":"Bichelsee-Balterswil"},"geometry":{"type":"Polygon","coordinates":[[[8.93769,47.47399],[8.94752,47.46834],[8.94961,47.46174],[8.94807,47.44758],[8.94434,47.44405],[8.95031,47.43069],[8.93083,47.43184],[8.93142,47.43646],[8.9037,47.44338],[8.89426,47.46335],[8.90979,47.46673],[8.9298,47.45976],[8.93769,47.47399]]]}},{"type":"Feature","properties":{"vogeId":4723,"vogeName":"Braunau"},"geometry":{"type":"Polygon","coordinates":[[[9.06741,47.52029],[9.08484,47.51796],[9.09639,47.50943],[9.09946,47.50596],[9.08049,47.49503],[9.05572,47.48732],[9.04213,47.49587],[9.04416,47.51062],[9.07188,47.51053],[9.06741,47.52029]]]}},{"type":"Feature","properties":{"vogeId":4724,"vogeName":"Eschlikon"},"geometry":{"type":"Polygon","coordinates":[[[8.98408,47.46845],[8.98337,47.4595],[8.96992,47.45744],[8.97668,47.4481],[8.95955,47.4443],[8.94807,47.44758],[8.94961,47.46174],[8.94752,47.46834],[8.96264,47.47276],[8.98408,47.46845]]]}},{"type":"Feature","properties":{"vogeId":4726,"vogeName":"Fischingen"},"geometry":{"type":"Polygon","coordinates":[[[8.97668,47.4481],[8.99605,47.44277],[8.99923,47.43511],[8.98726,47.4293],[8.99043,47.41374],[8.97673,47.41064],[8.97142,47.39131],[8.94355,47.37585],[8.94138,47.38737],[8.90707,47.40095],[8.90693,47.40438],[8.91245,47.43162],[8.93083,47.43184],[8.95031,47.43069],[8.94434,47.44405],[8.94807,47.44758],[8.95955,47.4443],[8.97668,47.4481]]]}},{"type":"Feature","properties":{"vogeId":4741,"vogeName":"Lommis"},"geometry":{"type":"Polygon","coordinates":[[[8.98112,47.53088],[9.01195,47.53553],[9.0156,47.5131],[9.0106,47.5054],[8.99303,47.50281],[8.97494,47.51364],[8.968,47.52508],[8.98112,47.53088]]]}},{"type":"Feature","properties":{"vogeId":4746,"vogeName":"M\u00fcnchwilen (TG)"},"geometry":{"type":"Polygon","coordinates":[[[8.99447,47.49741],[9.00725,47.49963],[9.0124,47.48941],[9.01005,47.47123],[8.98628,47.47364],[8.98408,47.46845],[8.96264,47.47276],[8.96749,47.48359],[8.97764,47.48122],[8.99447,47.49741]]]}},{"type":"Feature","properties":{"vogeId":4751,"vogeName":"Rickenbach (TG)"},"geometry":{"type":"Polygon","coordinates":[[[9.04358,47.45376],[9.06288,47.44633],[9.05236,47.44379],[9.03799,47.44145],[9.04358,47.45376]]]}},{"type":"Feature","properties":{"vogeId":4756,"vogeName":"Sch\u00f6nholzerswilen"},"geometry":{"type":"Polygon","coordinates":[[[9.14148,47.5337],[9.15806,47.53316],[9.15382,47.52158],[9.16455,47.5162],[9.14988,47.50507],[9.15205,47.50191],[9.13966,47.49806],[9.12994,47.50701],[9.11919,47.50477],[9.11058,47.51281],[9.09946,47.50596],[9.09639,47.50943],[9.10168,47.52607],[9.13228,47.52339],[9.14148,47.5337]]]}},{"type":"Feature","properties":{"vogeId":4761,"vogeName":"Sirnach"},"geometry":{"type":"Polygon","coordinates":[[[9.02664,47.45668],[9.02211,47.44152],[9.01188,47.43345],[8.99923,47.43511],[8.99605,47.44277],[8.97668,47.4481],[8.96992,47.45744],[8.98337,47.4595],[8.98408,47.46845],[8.98628,47.47364],[9.01005,47.47123],[9.02798,47.46338],[9.02664,47.45668]]]}},{"type":"Feature","properties":{"vogeId":4776,"vogeName":"Tobel-T\u00e4gerschen"},"geometry":{"type":"Polygon","coordinates":[[[9.0156,47.5131],[9.03545,47.52312],[9.06741,47.52029],[9.07188,47.51053],[9.04416,47.51062],[9.04213,47.49587],[9.03,47.50051],[9.0106,47.5054],[9.0156,47.5131]]]}},{"type":"Feature","properties":{"vogeId":4781,"vogeName":"W\u00e4ngi"},"geometry":{"type":"Polygon","coordinates":[[[8.93879,47.51278],[8.97494,47.51364],[8.99303,47.50281],[8.99447,47.49741],[8.97764,47.48122],[8.96749,47.48359],[8.96264,47.47276],[8.94752,47.46834],[8.93769,47.47399],[8.9222,47.48851],[8.94064,47.49783],[8.93093,47.50795],[8.93879,47.51278]]]}},{"type":"Feature","properties":{"vogeId":4786,"vogeName":"Wilen (TG)"},"geometry":{"type":"Polygon","coordinates":[[[9.02664,47.45668],[9.04358,47.45376],[9.03799,47.44145],[9.03418,47.43538],[9.02211,47.44152],[9.02664,47.45668]]]}},{"type":"Feature","properties":{"vogeId":4791,"vogeName":"Wuppenau"},"geometry":{"type":"Polygon","coordinates":[[[9.15205,47.50191],[9.16597,47.50394],[9.15614,47.48796],[9.129,47.48448],[9.09101,47.48264],[9.08049,47.49503],[9.09946,47.50596],[9.11058,47.51281],[9.11919,47.50477],[9.12994,47.50701],[9.13966,47.49806],[9.15205,47.50191]]]}},{"type":"Feature","properties":{"vogeId":4801,"vogeName":"Berlingen"},"geometry":{"type":"Polygon","coordinates":[[[9.00507,47.67219],[9.01542,47.67533],[9.02113,47.67585],[9.04385,47.67315],[9.03726,47.66652],[9.04055,47.65469],[9.03216,47.656],[9.00507,47.67219]]]}},{"type":"Feature","properties":{"vogeId":4806,"vogeName":"Eschenz"},"geometry":{"type":"Polygon","coordinates":[[[8.85158,47.65132],[8.86284,47.65492],[8.88321,47.65004],[8.89512,47.64422],[8.89945,47.62775],[8.88277,47.61706],[8.83838,47.63477],[8.85073,47.63671],[8.85158,47.65132]]]}},{"type":"Feature","properties":{"vogeId":4811,"vogeName":"Herdern"},"geometry":{"type":"Polygon","coordinates":[[[8.92889,47.63782],[8.96093,47.6274],[8.91169,47.59267],[8.8857,47.59927],[8.88838,47.60595],[8.89798,47.60717],[8.89774,47.61508],[8.91459,47.62323],[8.90291,47.6292],[8.92889,47.63782]]]}},{"type":"Feature","properties":{"vogeId":4816,"vogeName":"Homburg"},"geometry":{"type":"Polygon","coordinates":[[[8.94972,47.64964],[9.03166,47.65466],[9.03636,47.63654],[9.01993,47.62035],[8.98249,47.60921],[8.96638,47.61107],[8.96093,47.6274],[8.92889,47.63782],[8.94972,47.64964]]]}},{"type":"Feature","properties":{"vogeId":4821,"vogeName":"H\u00fcttwilen"},"geometry":{"type":"Polygon","coordinates":[[[8.89945,47.62775],[8.90291,47.6292],[8.91459,47.62323],[8.89774,47.61508],[8.89798,47.60717],[8.88838,47.60595],[8.8857,47.59927],[8.86316,47.5991],[8.83755,47.61194],[8.81034,47.59869],[8.80421,47.60801],[8.82546,47.63716],[8.83838,47.63477],[8.88277,47.61706],[8.89945,47.62775]]]}},{"type":"Feature","properties":{"vogeId":4826,"vogeName":"Mammern"},"geometry":{"type":"Polygon","coordinates":[[[8.94897,47.65502],[8.94972,47.64964],[8.92889,47.63782],[8.90291,47.6292],[8.89945,47.62775],[8.89512,47.64422],[8.90653,47.64467],[8.91665,47.64827],[8.92506,47.64757],[8.93157,47.65211],[8.94897,47.65502]]]}},{"type":"Feature","properties":{"vogeId":4831,"vogeName":"M\u00fcllheim"},"geometry":{"type":"Polygon","coordinates":[[[8.98249,47.60921],[9.01993,47.62035],[9.02792,47.60561],[9.01141,47.59405],[9.01877,47.58141],[8.98489,47.59008],[8.98249,47.60921]]]}},{"type":"Feature","properties":{"vogeId":4841,"vogeName":"Pfyn"},"geometry":{"type":"Polygon","coordinates":[[[8.96093,47.6274],[8.96638,47.61107],[8.98249,47.60921],[8.98489,47.59008],[8.9683,47.59074],[8.95119,47.58933],[8.93634,47.58713],[8.91744,47.58693],[8.91169,47.59267],[8.96093,47.6274]]]}},{"type":"Feature","properties":{"vogeId":4846,"vogeName":"Raperswilen"},"geometry":{"type":"Polygon","coordinates":[[[9.03216,47.656],[9.04055,47.65469],[9.05208,47.64408],[9.07147,47.64501],[9.07458,47.64242],[9.07095,47.63546],[9.05658,47.63477],[9.05395,47.62331],[9.01993,47.62035],[9.03636,47.63654],[9.03166,47.65466],[9.03216,47.656]]]}},{"type":"Feature","properties":{"vogeId":4851,"vogeName":"Salenstein"},"geometry":{"type":"Polygon","coordinates":[[[9.04385,47.67315],[9.0496,47.67501],[9.06576,47.67419],[9.0615,47.66902],[9.07689,47.65806],[9.07147,47.64501],[9.05208,47.64408],[9.04055,47.65469],[9.03726,47.66652],[9.04385,47.67315]]]}},{"type":"Feature","properties":{"vogeId":4864,"vogeName":"Steckborn"},"geometry":{"type":"Polygon","coordinates":[[[9.00507,47.67219],[9.03216,47.656],[9.03166,47.65466],[8.94972,47.64964],[8.94897,47.65502],[8.96086,47.65681],[8.97101,47.66085],[8.97273,47.66516],[8.98358,47.66994],[9.00507,47.67219]]]}},{"type":"Feature","properties":{"vogeId":4871,"vogeName":"Wagenhausen"},"geometry":{"type":"Polygon","coordinates":[[[8.79867,47.67613],[8.80534,47.67829],[8.83684,47.67135],[8.85048,47.66163],[8.85158,47.65132],[8.85073,47.63671],[8.83838,47.63477],[8.82546,47.63716],[8.8264,47.64685],[8.81554,47.64982],[8.8049,47.65233],[8.80295,47.66519],[8.79867,47.67613]]]}},{"type":"Feature","properties":{"vogeId":4881,"vogeName":"Amlikon-Bissegg"},"geometry":{"type":"Polygon","coordinates":[[[9.01877,47.58141],[9.0411,47.57498],[9.04974,47.57457],[9.05722,47.57387],[9.07628,47.57211],[9.07155,47.56635],[9.06558,47.55688],[9.04419,47.54912],[9.02323,47.54777],[9.01238,47.54225],[8.99929,47.54571],[9.00247,47.56104],[9.00998,47.56108],[9.01877,47.58141]]]}},{"type":"Feature","properties":{"vogeId":4891,"vogeName":"Berg (TG)"},"geometry":{"type":"Polygon","coordinates":[[[9.18411,47.6065],[9.20353,47.59501],[9.18722,47.59034],[9.19644,47.57333],[9.1834,47.56412],[9.17147,47.56803],[9.16478,47.55828],[9.14212,47.56086],[9.14432,47.58665],[9.1731,47.5901],[9.18411,47.6065]]]}},{"type":"Feature","properties":{"vogeId":4901,"vogeName":"Birwinken"},"geometry":{"type":"Polygon","coordinates":[[[9.20353,47.59501],[9.21576,47.59304],[9.23317,47.58978],[9.24596,47.57093],[9.23308,47.56023],[9.20953,47.55656],[9.1988,47.56195],[9.19644,47.57333],[9.18722,47.59034],[9.20353,47.59501]]]}},{"type":"Feature","properties":{"vogeId":4911,"vogeName":"B\u00fcrglen (TG)"},"geometry":{"type":"Polygon","coordinates":[[[9.19644,47.57333],[9.1988,47.56195],[9.18712,47.55287],[9.17005,47.55238],[9.16636,47.53692],[9.15806,47.53316],[9.14148,47.5337],[9.12877,47.54881],[9.14212,47.56086],[9.16478,47.55828],[9.17147,47.56803],[9.1834,47.56412],[9.19644,47.57333]]]}},{"type":"Feature","properties":{"vogeId":4921,"vogeName":"Bussnang"},"geometry":{"type":"Polygon","coordinates":[[[9.07155,47.56635],[9.08478,47.56004],[9.09176,47.55786],[9.10105,47.55668],[9.11588,47.55109],[9.12309,47.5489],[9.12877,47.54881],[9.14148,47.5337],[9.13228,47.52339],[9.10168,47.52607],[9.09639,47.50943],[9.08484,47.51796],[9.07812,47.54342],[9.0426,47.54183],[9.04419,47.54912],[9.06558,47.55688],[9.07155,47.56635]]]}},{"type":"Feature","properties":{"vogeId":4941,"vogeName":"M\u00e4rstetten"},"geometry":{"type":"Polygon","coordinates":[[[9.10063,47.60146],[9.11061,47.58594],[9.09168,47.58457],[9.07628,47.57211],[9.05722,47.57387],[9.04974,47.57457],[9.05229,47.5911],[9.05798,47.59878],[9.10063,47.60146]]]}},{"type":"Feature","properties":{"vogeId":4946,"vogeName":"Weinfelden"},"geometry":{"type":"Polygon","coordinates":[[[9.11061,47.58594],[9.14432,47.58665],[9.14212,47.56086],[9.12877,47.54881],[9.12309,47.5489],[9.11588,47.55109],[9.10105,47.55668],[9.09176,47.55786],[9.08478,47.56004],[9.07155,47.56635],[9.07628,47.57211],[9.09168,47.58457],[9.11061,47.58594]]]}},{"type":"Feature","properties":{"vogeId":4951,"vogeName":"Wigoltingen"},"geometry":{"type":"Polygon","coordinates":[[[9.05395,47.62331],[9.04924,47.61069],[9.07867,47.61267],[9.10015,47.60803],[9.10063,47.60146],[9.05798,47.59878],[9.05229,47.5911],[9.04974,47.57457],[9.0411,47.57498],[9.01877,47.58141],[9.01141,47.59405],[9.02792,47.60561],[9.01993,47.62035],[9.05395,47.62331]]]}},{"type":"Feature","properties":{"vogeId":5001,"vogeName":"Arbedo-Castione"},"geometry":{"type":"Polygon","coordinates":[[[9.05326,46.23929],[9.05365,46.22241],[9.08034,46.20994],[9.08906,46.21235],[9.11908,46.20026],[9.13926,46.17876],[9.07913,46.18457],[9.07501,46.18747],[9.06328,46.18809],[9.05556,46.20462],[9.0385,46.20516],[9.03738,46.21219],[9.03882,46.21591],[9.03761,46.2201],[9.03505,46.23104],[9.03381,46.23449],[9.0299,46.23723],[9.05326,46.23929]]]}},{"type":"Feature","properties":{"vogeId":5002,"vogeName":"Bellinzona"},"geometry":{"type":"Polygon","coordinates":[[[9.03303,46.14702],[8.99907,46.14496],[8.98008,46.16268],[8.96175,46.16502],[8.93159,46.16438],[8.92381,46.16359],[8.92504,46.16805],[8.93581,46.20493],[8.93784,46.21445],[8.94263,46.22723],[8.93126,46.23335],[8.91699,46.23876],[8.92428,46.25374],[8.93139,46.25395],[8.95094,46.27056],[8.99174,46.27657],[8.98742,46.28857],[8.99661,46.29128],[8.99818,46.27633],[8.99967,46.27407],[9.00274,46.27269],[9.0083,46.27321],[9.01227,46.27226],[9.01107,46.28437],[9.0432,46.29705],[9.05442,46.29316],[9.06258,46.27617],[9.05955,46.26398],[9.05326,46.23929],[9.0299,46.23723],[9.03381,46.23449],[9.03505,46.23104],[9.03761,46.2201],[9.03882,46.21591],[9.03738,46.21219],[9.0385,46.20516],[9.05556,46.20462],[9.06328,46.18809],[9.07501,46.18747],[9.07913,46.18457],[9.13926,46.17876],[9.15936,46.16965],[9.15714,46.16251],[9.13762,46.1546],[9.12191,46.13379],[9.07878,46.12128],[9.06767,46.13473],[9.06837,46.13592],[9.05548,46.14969],[9.03303,46.14702]]]}},{"type":"Feature","properties":{"vogeId":5003,"vogeName":"Cadenazzo"},"geometry":{"type":"Polygon","coordinates":[[[8.92381,46.16359],[8.93159,46.16438],[8.93834,46.15996],[8.95665,46.15703],[8.98112,46.13699],[8.97222,46.13547],[8.97211,46.13144],[8.93811,46.13548],[8.92963,46.14112],[8.92839,46.14472],[8.93991,46.14471],[8.93359,46.15629],[8.92035,46.15841],[8.91892,46.1629],[8.92381,46.16359]]]}},{"type":"Feature","properties":{"vogeId":5009,"vogeName":"Isone"},"geometry":{"type":"Polygon","coordinates":[[[8.99907,46.14496],[9.03303,46.14702],[9.06029,46.13245],[9.05113,46.12228],[9.02464,46.12534],[9.0051,46.13099],[8.99567,46.12679],[8.98582,46.11528],[8.97282,46.12531],[8.97211,46.13144],[8.97222,46.13547],[8.98112,46.13699],[8.99907,46.14496]]]}},{"type":"Feature","properties":{"vogeId":5010,"vogeName":"Lumino"},"geometry":{"type":"Polygon","coordinates":[[[9.05326,46.23929],[9.05955,46.26398],[9.06258,46.27617],[9.07704,46.26238],[9.0757,46.25494],[9.07224,46.23558],[9.08906,46.21235],[9.08034,46.20994],[9.05365,46.22241],[9.05326,46.23929]]]}},{"type":"Feature","properties":{"vogeId":5017,"vogeName":"Sant'Antonino"},"geometry":{"type":"Polygon","coordinates":[[[8.93159,46.16438],[8.96175,46.16502],[8.98008,46.16268],[8.99907,46.14496],[8.98112,46.13699],[8.95665,46.15703],[8.93834,46.15996],[8.93159,46.16438]]]}},{"type":"Feature","properties":{"vogeId":5048,"vogeName":"Acquarossa"},"geometry":{"type":"Polygon","coordinates":[[[8.86306,46.50143],[8.8955,46.50565],[8.89526,46.49639],[8.91224,46.48946],[8.92947,46.49192],[8.9359,46.4987],[8.94715,46.49437],[8.94397,46.48412],[8.93776,46.47718],[8.97786,46.46858],[8.99197,46.47123],[9.00103,46.44513],[8.97653,46.42188],[8.95677,46.4317],[8.94115,46.43086],[8.91759,46.41609],[8.91277,46.41884],[8.89587,46.43623],[8.87538,46.45336],[8.86618,46.46766],[8.86625,46.47885],[8.86472,46.48842],[8.86306,46.50143]]]}},{"type":"Feature","properties":{"vogeId":5049,"vogeName":"Blenio"},"geometry":{"type":"Polygon","coordinates":[[[8.95787,46.62992],[8.96424,46.61805],[8.96224,46.6027],[8.97319,46.6027],[9.00582,46.61106],[9.0341,46.59992],[9.04388,46.58336],[9.02661,46.56569],[9.0167,46.53209],[9.02038,46.52801],[9.02318,46.50946],[9.04011,46.4937],[9.03893,46.49162],[9.02162,46.48679],[9.00724,46.48281],[8.99197,46.47123],[8.97786,46.46858],[8.93776,46.47718],[8.94397,46.48412],[8.94715,46.49437],[8.9359,46.4987],[8.92947,46.49192],[8.91224,46.48946],[8.89526,46.49639],[8.8955,46.50565],[8.86306,46.50143],[8.83856,46.51144],[8.82549,46.51488],[8.81084,46.51745],[8.80047,46.52205],[8.78383,46.51688],[8.76749,46.52364],[8.78532,46.56776],[8.83166,46.56377],[8.90365,46.58406],[8.91732,46.59388],[8.907,46.61701],[8.92281,46.62307],[8.94259,46.61908],[8.95787,46.62992]]]}},{"type":"Feature","properties":{"vogeId":5050,"vogeName":"Serravalle"},"geometry":{"type":"Polygon","coordinates":[[[8.99197,46.47123],[9.00724,46.48281],[9.02162,46.48679],[9.03893,46.49162],[9.04267,46.48217],[9.0541,46.47678],[9.07843,46.47807],[9.09506,46.46037],[9.08588,46.43706],[9.10319,46.41307],[9.08731,46.38882],[9.01421,46.40046],[8.99777,46.39367],[8.99679,46.37533],[8.97956,46.37944],[8.97604,46.38875],[8.94548,46.38632],[8.94177,46.38876],[8.9291,46.40564],[8.92478,46.41033],[8.91759,46.41609],[8.94115,46.43086],[8.95677,46.4317],[8.97653,46.42188],[9.00103,46.44513],[8.99197,46.47123]]]}},{"type":"Feature","properties":{"vogeId":5061,"vogeName":"Airolo"},"geometry":{"type":"Polygon","coordinates":[[[8.67822,46.58032],[8.69972,46.57322],[8.68935,46.55915],[8.67918,46.55374],[8.62649,46.49221],[8.5988,46.50056],[8.55894,46.492],[8.54494,46.52736],[8.51952,46.53895],[8.516,46.55272],[8.52118,46.5773],[8.53614,46.5885],[8.57379,46.58365],[8.59141,46.57243],[8.61586,46.57755],[8.64079,46.56415],[8.66452,46.57674],[8.67822,46.58032]]]}},{"type":"Feature","properties":{"vogeId":5063,"vogeName":"Bedretto"},"geometry":{"type":"Polygon","coordinates":[[[8.47758,46.5277],[8.48484,46.53375],[8.51952,46.53895],[8.54494,46.52736],[8.55894,46.492],[8.55733,46.47903],[8.53597,46.46968],[8.52425,46.47442],[8.46207,46.45067],[8.45234,46.45434],[8.44714,46.4623],[8.4255,46.4607],[8.3915,46.45338],[8.39223,46.49471],[8.44285,46.49547],[8.47758,46.5277]]]}},{"type":"Feature","properties":{"vogeId":5064,"vogeName":"Bodio"},"geometry":{"type":"Polygon","coordinates":[[[8.90125,46.38794],[8.9291,46.40564],[8.94177,46.38876],[8.9281,46.36923],[8.91906,46.37189],[8.89367,46.37923],[8.90125,46.38794]]]}},{"type":"Feature","properties":{"vogeId":5071,"vogeName":"Dalpe"},"geometry":{"type":"Polygon","coordinates":[[[8.76788,46.48497],[8.77607,46.48234],[8.78665,46.47788],[8.79592,46.46523],[8.7752,46.45637],[8.78915,46.44382],[8.76946,46.43136],[8.75509,46.44482],[8.70489,46.45091],[8.71267,46.45933],[8.75886,46.46239],[8.76788,46.48497]]]}},{"type":"Feature","properties":{"vogeId":5072,"vogeName":"Faido"},"geometry":{"type":"Polygon","coordinates":[[[8.91759,46.41609],[8.92478,46.41033],[8.9291,46.40564],[8.90125,46.38794],[8.88384,46.40265],[8.86717,46.42062],[8.85671,46.4209],[8.85596,46.40912],[8.83531,46.39385],[8.84261,46.38376],[8.82935,46.3784],[8.78768,46.39368],[8.74213,46.40586],[8.73819,46.42725],[8.71058,46.43711],[8.70489,46.45091],[8.75509,46.44482],[8.76946,46.43136],[8.78915,46.44382],[8.7752,46.45637],[8.79592,46.46523],[8.78665,46.47788],[8.77607,46.48234],[8.76788,46.48497],[8.74813,46.48863],[8.7386,46.49098],[8.75392,46.52484],[8.76749,46.52364],[8.78383,46.51688],[8.80047,46.52205],[8.81084,46.51745],[8.82549,46.51488],[8.83856,46.51144],[8.86306,46.50143],[8.86472,46.48842],[8.86625,46.47885],[8.86618,46.46766],[8.87538,46.45336],[8.89587,46.43623],[8.91277,46.41884],[8.91759,46.41609]]]}},{"type":"Feature","properties":{"vogeId":5073,"vogeName":"Giornico"},"geometry":{"type":"Polygon","coordinates":[[[8.90125,46.38794],[8.89367,46.37923],[8.84319,46.36315],[8.83127,46.36673],[8.82935,46.3784],[8.84261,46.38376],[8.83531,46.39385],[8.85596,46.40912],[8.85671,46.4209],[8.86717,46.42062],[8.88384,46.40265],[8.90125,46.38794]]]}},{"type":"Feature","properties":{"vogeId":5076,"vogeName":"Personico"},"geometry":{"type":"Polygon","coordinates":[[[8.84319,46.36315],[8.89367,46.37923],[8.91906,46.37189],[8.9281,46.36923],[8.93023,46.36562],[8.93438,46.36288],[8.95399,46.35605],[8.89908,46.30751],[8.88413,46.30517],[8.87165,46.32055],[8.84692,46.32683],[8.86257,46.34709],[8.84319,46.36315]]]}},{"type":"Feature","properties":{"vogeId":5077,"vogeName":"Pollegio"},"geometry":{"type":"Polygon","coordinates":[[[8.94177,46.38876],[8.94548,46.38632],[8.96626,46.37335],[8.95399,46.35605],[8.93438,46.36288],[8.93023,46.36562],[8.9281,46.36923],[8.94177,46.38876]]]}},{"type":"Feature","properties":{"vogeId":5078,"vogeName":"Prato (Leventina)"},"geometry":{"type":"Polygon","coordinates":[[[8.69168,46.47673],[8.72898,46.49885],[8.7386,46.49098],[8.74813,46.48863],[8.76788,46.48497],[8.75886,46.46239],[8.71267,46.45933],[8.69168,46.47673]]]}},{"type":"Feature","properties":{"vogeId":5079,"vogeName":"Quinto"},"geometry":{"type":"Polygon","coordinates":[[[8.69972,46.57322],[8.7507,46.57622],[8.78532,46.56776],[8.76749,46.52364],[8.75392,46.52484],[8.7386,46.49098],[8.72898,46.49885],[8.69168,46.47673],[8.64746,46.48258],[8.62649,46.49221],[8.67918,46.55374],[8.68935,46.55915],[8.69972,46.57322]]]}},{"type":"Feature","properties":{"vogeId":5091,"vogeName":"Ascona"},"geometry":{"type":"Polygon","coordinates":[[[8.71499,46.16062],[8.76932,46.16223],[8.77496,46.16619],[8.79987,46.15216],[8.79151,46.1457],[8.78155,46.14581],[8.7669,46.1539],[8.73907,46.1484],[8.73766,46.15424],[8.69738,46.14663],[8.6931,46.15295],[8.71499,46.16062]]]}},{"type":"Feature","properties":{"vogeId":5096,"vogeName":"Brione sopra Minusio"},"geometry":{"type":"Polygon","coordinates":[[[8.79218,46.20823],[8.82179,46.20414],[8.82628,46.19722],[8.83729,46.18589],[8.8119,46.18127],[8.81562,46.1969],[8.79092,46.20228],[8.79218,46.20823]]]}},{"type":"Feature","properties":{"vogeId":5097,"vogeName":"Brissago"},"geometry":{"type":"Polygon","coordinates":[[[8.6931,46.15295],[8.69738,46.14663],[8.72148,46.13487],[8.71405,46.12018],[8.6968,46.10201],[8.68594,46.10153],[8.68103,46.10965],[8.66996,46.10932],[8.65764,46.11274],[8.64813,46.12344],[8.65724,46.12454],[8.67153,46.14946],[8.6931,46.15295]]]}},{"type":"Feature","properties":{"vogeId":5108,"vogeName":"Gordola"},"geometry":{"type":"Polygon","coordinates":[[[8.84804,46.19844],[8.8551,46.20567],[8.87924,46.19611],[8.88177,46.18279],[8.87918,46.177],[8.87015,46.17921],[8.86901,46.16967],[8.8534,46.16569],[8.85907,46.17099],[8.85572,46.1782],[8.8453,46.18668],[8.84804,46.19844]]]}},{"type":"Feature","properties":{"vogeId":5112,"vogeName":"Lavertezzo"},"geometry":{"type":"Polygon","coordinates":[[[8.88177,46.18279],[8.89789,46.18049],[8.89884,46.17451],[8.87918,46.177],[8.88177,46.18279]]]}},{"type":"Feature","properties":{"vogeId":5113,"vogeName":"Locarno"},"geometry":{"type":"MultiPolygon","coordinates":[[[[8.89884,46.17451],[8.9166,46.17547],[8.91147,46.16599],[8.91892,46.1629],[8.92035,46.15841],[8.91273,46.15522],[8.90798,46.15991],[8.8568,46.15176],[8.8558,46.1558],[8.8534,46.16569],[8.86901,46.16967],[8.87015,46.17921],[8.87918,46.177],[8.89884,46.17451]]],[[[8.75607,46.19179],[8.78059,46.19703],[8.79011,46.19646],[8.7898,46.18393],[8.79466,46.17432],[8.80144,46.17065],[8.8053,46.15643],[8.79987,46.15216],[8.77496,46.16619],[8.75497,46.1827],[8.75125,46.18498],[8.75218,46.18676],[8.75553,46.18762],[8.75607,46.19179]]]]}},{"type":"Feature","properties":{"vogeId":5115,"vogeName":"Losone"},"geometry":{"type":"Polygon","coordinates":[[[8.75497,46.1827],[8.77496,46.16619],[8.76932,46.16223],[8.71499,46.16062],[8.72096,46.17876],[8.72451,46.17887],[8.73922,46.18243],[8.75497,46.1827]]]}},{"type":"Feature","properties":{"vogeId":5117,"vogeName":"Mergoscia"},"geometry":{"type":"Polygon","coordinates":[[[8.79797,46.22682],[8.81515,46.23079],[8.85356,46.2233],[8.8551,46.20567],[8.84804,46.19844],[8.82628,46.19722],[8.82179,46.20414],[8.79218,46.20823],[8.79046,46.21034],[8.79797,46.22682]]]}},{"type":"Feature","properties":{"vogeId":5118,"vogeName":"Minusio"},"geometry":{"type":"Polygon","coordinates":[[[8.79092,46.20228],[8.81562,46.1969],[8.8119,46.18127],[8.83729,46.18589],[8.84486,46.17848],[8.84385,46.17372],[8.83225,46.17923],[8.82704,46.17512],[8.81054,46.17129],[8.80673,46.17835],[8.79453,46.19566],[8.79011,46.19646],[8.79092,46.20228]]]}},{"type":"Feature","properties":{"vogeId":5120,"vogeName":"Muralto"},"geometry":{"type":"Polygon","coordinates":[[[8.79466,46.17432],[8.80673,46.17835],[8.81054,46.17129],[8.80144,46.17065],[8.79466,46.17432]]]}},{"type":"Feature","properties":{"vogeId":5121,"vogeName":"Orselina"},"geometry":{"type":"Polygon","coordinates":[[[8.79011,46.19646],[8.79453,46.19566],[8.80673,46.17835],[8.79466,46.17432],[8.7898,46.18393],[8.79011,46.19646]]]}},{"type":"Feature","properties":{"vogeId":5125,"vogeName":"Ronco sopra Ascona"},"geometry":{"type":"Polygon","coordinates":[[[8.69738,46.14663],[8.73766,46.15424],[8.73907,46.1484],[8.72148,46.13487],[8.69738,46.14663]]]}},{"type":"Feature","properties":{"vogeId":5131,"vogeName":"Tenero-Contra"},"geometry":{"type":"Polygon","coordinates":[[[8.82628,46.19722],[8.84804,46.19844],[8.8453,46.18668],[8.85572,46.1782],[8.85907,46.17099],[8.8534,46.16569],[8.84385,46.17372],[8.84486,46.17848],[8.83729,46.18589],[8.82628,46.19722]]]}},{"type":"Feature","properties":{"vogeId":5136,"vogeName":"Onsernone"},"geometry":{"type":"Polygon","coordinates":[[[8.56975,46.17694],[8.56254,46.18209],[8.5409,46.19738],[8.53542,46.21131],[8.53246,46.21836],[8.50982,46.21798],[8.50066,46.22568],[8.46929,46.23283],[8.46397,46.24467],[8.47656,46.25307],[8.56918,46.26725],[8.59947,46.26098],[8.62398,46.25535],[8.6402,46.23562],[8.64964,46.23119],[8.65879,46.23363],[8.67183,46.2311],[8.6799,46.22534],[8.69691,46.22202],[8.70024,46.21243],[8.70628,46.20535],[8.69093,46.19343],[8.6926,46.18893],[8.66484,46.187],[8.65484,46.18576],[8.62725,46.18113],[8.61638,46.18094],[8.56975,46.17694]]]}},{"type":"Feature","properties":{"vogeId":5138,"vogeName":"Cugnasco-Gerra"},"geometry":{"type":"Polygon","coordinates":[[[8.93126,46.23335],[8.94263,46.22723],[8.93784,46.21445],[8.93581,46.20493],[8.92504,46.16805],[8.92381,46.16359],[8.91892,46.1629],[8.91147,46.16599],[8.9166,46.17547],[8.89884,46.17451],[8.89789,46.18049],[8.88177,46.18279],[8.87924,46.19611],[8.88526,46.20573],[8.92246,46.21167],[8.93126,46.23335]]]}},{"type":"Feature","properties":{"vogeId":5141,"vogeName":"Agno"},"geometry":{"type":"Polygon","coordinates":[[[8.91197,46.00432],[8.90753,45.99512],[8.89862,45.9924],[8.89363,45.98769],[8.88854,45.98716],[8.88594,45.98928],[8.89057,45.99698],[8.89515,46.00319],[8.90361,46.01383],[8.91197,46.00432]]]}},{"type":"Feature","properties":{"vogeId":5143,"vogeName":"Aranno"},"geometry":{"type":"Polygon","coordinates":[[[8.88126,46.02934],[8.88298,46.01096],[8.8712,46.00828],[8.86599,46.01207],[8.86252,46.01436],[8.86945,46.02591],[8.88126,46.02934]]]}},{"type":"Feature","properties":{"vogeId":5144,"vogeName":"Arogno"},"geometry":{"type":"Polygon","coordinates":[[[8.97723,45.98314],[8.98944,45.9776],[8.99364,45.97008],[8.99579,45.96796],[9.01598,45.96365],[9.0187,45.95077],[9.01652,45.94408],[8.98054,45.94399],[8.9741,45.94273],[8.97574,45.96167],[8.97953,45.97102],[8.97723,45.98314]]]}},{"type":"Feature","properties":{"vogeId":5146,"vogeName":"Astano"},"geometry":{"type":"Polygon","coordinates":[[[8.79728,46.01248],[8.80569,46.02178],[8.8197,46.02549],[8.82841,46.02031],[8.83142,46.00818],[8.79728,46.01248]]]}},{"type":"Feature","properties":{"vogeId":5148,"vogeName":"Bedano"},"geometry":{"type":"Polygon","coordinates":[[[8.90455,46.06532],[8.90767,46.06617],[8.91672,46.0574],[8.92974,46.05618],[8.925,46.0446],[8.91153,46.04537],[8.90455,46.06532]]]}},{"type":"Feature","properties":{"vogeId":5149,"vogeName":"Bedigliora"},"geometry":{"type":"Polygon","coordinates":[[[8.83668,46.01498],[8.84908,46.00751],[8.85548,45.99862],[8.85551,45.99116],[8.85017,45.98988],[8.84695,46.00216],[8.82856,46.00015],[8.83228,46.00712],[8.83668,46.01498]]]}},{"type":"Feature","properties":{"vogeId":5151,"vogeName":"Bioggio"},"geometry":{"type":"Polygon","coordinates":[[[8.92744,46.02038],[8.9283,46.01948],[8.91551,46.00427],[8.91197,46.00432],[8.90361,46.01383],[8.89515,46.00319],[8.89057,45.99698],[8.88336,46.00006],[8.87013,46.00113],[8.8712,46.00828],[8.88298,46.01096],[8.89132,46.00862],[8.90511,46.02023],[8.89826,46.03674],[8.90736,46.03826],[8.91162,46.02417],[8.92744,46.02038]]]}},{"type":"Feature","properties":{"vogeId":5154,"vogeName":"Bissone"},"geometry":{"type":"Polygon","coordinates":[[[8.97574,45.96167],[8.9741,45.94273],[8.96256,45.9405],[8.96387,45.94795],[8.96154,45.95126],[8.95825,45.95205],[8.95945,45.95562],[8.96452,45.95525],[8.96673,45.96328],[8.97574,45.96167]]]}},{"type":"Feature","properties":{"vogeId":5160,"vogeName":"Brusino Arsizio"},"geometry":{"type":"Polygon","coordinates":[[[8.9501,45.93694],[8.94992,45.9141],[8.92022,45.90897],[8.91685,45.91484],[8.92397,45.91728],[8.93847,45.93127],[8.94701,45.93668],[8.9501,45.93694]]]}},{"type":"Feature","properties":{"vogeId":5161,"vogeName":"Cademario"},"geometry":{"type":"Polygon","coordinates":[[[8.89826,46.03674],[8.90511,46.02023],[8.89132,46.00862],[8.88298,46.01096],[8.88126,46.02934],[8.88647,46.03405],[8.89515,46.03618],[8.89826,46.03674]]]}},{"type":"Feature","properties":{"vogeId":5162,"vogeName":"Cadempino"},"geometry":{"type":"Polygon","coordinates":[[[8.92759,46.03412],[8.93922,46.03904],[8.94078,46.03125],[8.92746,46.02949],[8.92759,46.03412]]]}},{"type":"Feature","properties":{"vogeId":5167,"vogeName":"Canobbio"},"geometry":{"type":"Polygon","coordinates":[[[8.9662,46.04703],[8.97258,46.04605],[8.97243,46.04038],[8.97175,46.03203],[8.96564,46.02689],[8.95982,46.03249],[8.9662,46.04703]]]}},{"type":"Feature","properties":{"vogeId":5171,"vogeName":"Caslano"},"geometry":{"type":"Polygon","coordinates":[[[8.87868,45.98206],[8.89509,45.97588],[8.89192,45.97293],[8.88479,45.97064],[8.88451,45.96855],[8.88857,45.96342],[8.88763,45.96105],[8.87897,45.95922],[8.86997,45.96127],[8.87074,45.96529],[8.87367,45.96779],[8.87111,45.97111],[8.86848,45.97174],[8.8629,45.96957],[8.863,45.9733],[8.87868,45.98206]]]}},{"type":"Feature","properties":{"vogeId":5176,"vogeName":"Comano"},"geometry":{"type":"Polygon","coordinates":[[[8.95807,46.04908],[8.9662,46.04703],[8.95982,46.03249],[8.94718,46.03102],[8.95024,46.04561],[8.95807,46.04908]]]}},{"type":"Feature","properties":{"vogeId":5180,"vogeName":"Cureglia"},"geometry":{"type":"Polygon","coordinates":[[[8.93954,46.04276],[8.95024,46.04561],[8.94718,46.03102],[8.94402,46.02852],[8.94078,46.03125],[8.93922,46.03904],[8.93954,46.04276]]]}},{"type":"Feature","properties":{"vogeId":5181,"vogeName":"Curio"},"geometry":{"type":"MultiPolygon","coordinates":[[[[8.86599,46.01207],[8.8712,46.00828],[8.87013,46.00113],[8.86939,45.9983],[8.86947,45.99277],[8.85551,45.99116],[8.85548,45.99862],[8.84908,46.00751],[8.86495,46.00597],[8.86599,46.01207]]],[[[8.82841,46.02031],[8.82811,46.02568],[8.83167,46.02669],[8.83668,46.01498],[8.83228,46.00712],[8.83142,46.00818],[8.82841,46.02031]]]]}},{"type":"Feature","properties":{"vogeId":5186,"vogeName":"Grancia"},"geometry":{"type":"Polygon","coordinates":[[[8.92861,45.97409],[8.93146,45.97331],[8.9315,45.96704],[8.9258,45.9604],[8.92178,45.96657],[8.92861,45.97409]]]}},{"type":"Feature","properties":{"vogeId":5187,"vogeName":"Gravesano"},"geometry":{"type":"Polygon","coordinates":[[[8.91153,46.04537],[8.925,46.0446],[8.92482,46.03788],[8.91402,46.03922],[8.91153,46.04537]]]}},{"type":"Feature","properties":{"vogeId":5189,"vogeName":"Lamone"},"geometry":{"type":"Polygon","coordinates":[[[8.92974,46.05618],[8.93481,46.05566],[8.93954,46.04276],[8.93922,46.03904],[8.92759,46.03412],[8.92482,46.03788],[8.925,46.0446],[8.92974,46.05618]]]}},{"type":"Feature","properties":{"vogeId":5192,"vogeName":"Lugano"},"geometry":{"type":"MultiPolygon","coordinates":[[[[8.99364,45.97008],[8.98944,45.9776],[8.97723,45.98314],[8.98421,45.98812],[9.00069,45.99252],[9.00715,45.99437],[9.011,45.9979],[9.02479,46.00084],[9.03118,45.99284],[9.02364,45.9916],[9.02196,45.987],[9.01399,45.98666],[9.01182,45.98013],[8.99896,45.97866],[8.99658,45.97243],[8.99364,45.97008]]],[[[8.94681,45.99341],[8.93919,45.98948],[8.93912,45.98709],[8.95758,45.98371],[8.9581,45.97863],[8.95691,45.97536],[8.94993,45.97859],[8.93194,45.94255],[8.91695,45.94305],[8.90822,45.94675],[8.90361,45.94785],[8.90265,45.95324],[8.8992,45.96448],[8.90497,45.9656],[8.90485,45.96112],[8.90853,45.95839],[8.91466,45.96458],[8.92178,45.96657],[8.9258,45.9604],[8.9315,45.96704],[8.93146,45.97331],[8.92861,45.97409],[8.92852,45.97917],[8.92376,45.98252],[8.9272,45.98725],[8.93831,45.98979],[8.93844,45.99441],[8.94257,45.99988],[8.93636,46.00713],[8.92708,45.99904],[8.91551,46.00427],[8.9283,46.01948],[8.93618,46.01698],[8.94035,46.01588],[8.93623,46.01056],[8.94656,46.00864],[8.95021,46.01277],[8.94987,46.0165],[8.95382,46.02332],[8.96564,46.02689],[8.97175,46.03203],[8.97243,46.04038],[8.97258,46.04605],[8.97742,46.06061],[8.98156,46.06638],[8.99435,46.07277],[9.00687,46.07723],[9.01823,46.0799],[9.02816,46.10156],[9.03121,46.10764],[9.05242,46.11345],[9.07248,46.11794],[9.08007,46.10544],[9.09052,46.092],[9.08852,46.08442],[9.08011,46.07708],[9.0783,46.0686],[9.07505,46.06327],[9.05065,46.06123],[9.0196,46.05077],[9.01617,46.04679],[9.0075,46.02975],[9.01676,46.02141],[9.02302,46.01624],[9.01271,46.01116],[9.00479,46.00456],[8.9935,46.00397],[8.98456,46.00021],[8.9768,45.99942],[8.97286,46.00082],[8.9701,46.00459],[8.96459,46.00511],[8.96163,46.00231],[8.95814,46.0037],[8.95215,46.00274],[8.95029,45.99963],[8.94681,45.99341]]]]}},{"type":"Feature","properties":{"vogeId":5193,"vogeName":"Magliaso"},"geometry":{"type":"Polygon","coordinates":[[[8.88854,45.98716],[8.89363,45.98769],[8.89499,45.98051],[8.89509,45.97588],[8.87868,45.98206],[8.88854,45.98716]]]}},{"type":"Feature","properties":{"vogeId":5194,"vogeName":"Manno"},"geometry":{"type":"Polygon","coordinates":[[[8.90736,46.03826],[8.91402,46.03922],[8.92482,46.03788],[8.92759,46.03412],[8.92746,46.02949],[8.92744,46.02038],[8.91162,46.02417],[8.90736,46.03826]]]}},{"type":"Feature","properties":{"vogeId":5196,"vogeName":"Massagno"},"geometry":{"type":"Polygon","coordinates":[[[8.94035,46.01588],[8.94987,46.0165],[8.95021,46.01277],[8.94656,46.00864],[8.93623,46.01056],[8.94035,46.01588]]]}},{"type":"Feature","properties":{"vogeId":5198,"vogeName":"Melide"},"geometry":{"type":"Polygon","coordinates":[[[8.95691,45.97536],[8.951,45.96932],[8.94927,45.96277],[8.94977,45.95679],[8.9546,45.95583],[8.95229,45.95213],[8.94699,45.95191],[8.94274,45.95017],[8.94038,45.94438],[8.93669,45.93876],[8.93194,45.94255],[8.94993,45.97859],[8.95691,45.97536]]]}},{"type":"Feature","properties":{"vogeId":5199,"vogeName":"Mezzovico-Vira"},"geometry":{"type":"Polygon","coordinates":[[[8.94408,46.09495],[8.93921,46.0868],[8.90023,46.08567],[8.87641,46.10554],[8.90041,46.10881],[8.93111,46.10632],[8.94408,46.09495]]]}},{"type":"Feature","properties":{"vogeId":5200,"vogeName":"Miglieglia"},"geometry":{"type":"Polygon","coordinates":[[[8.83542,46.0438],[8.86221,46.03645],[8.86945,46.02591],[8.86252,46.01436],[8.8281,46.03419],[8.83542,46.0438]]]}},{"type":"Feature","properties":{"vogeId":5203,"vogeName":"Morcote"},"geometry":{"type":"Polygon","coordinates":[[[8.90361,45.94785],[8.90822,45.94675],[8.91695,45.94305],[8.91369,45.92891],[8.92154,45.92523],[8.91706,45.92275],[8.91241,45.92221],[8.90658,45.92677],[8.89768,45.93226],[8.89711,45.93585],[8.90361,45.94785]]]}},{"type":"Feature","properties":{"vogeId":5205,"vogeName":"Muzzano"},"geometry":{"type":"Polygon","coordinates":[[[8.91197,46.00432],[8.91551,46.00427],[8.92708,45.99904],[8.93008,45.99572],[8.91161,45.99074],[8.91058,45.99344],[8.90753,45.99512],[8.91197,46.00432]]]}},{"type":"Feature","properties":{"vogeId":5206,"vogeName":"Neggio"},"geometry":{"type":"Polygon","coordinates":[[[8.86947,45.99277],[8.86939,45.9983],[8.88594,45.98928],[8.88854,45.98716],[8.87868,45.98206],[8.86947,45.99277]]]}},{"type":"Feature","properties":{"vogeId":5207,"vogeName":"Novaggio"},"geometry":{"type":"Polygon","coordinates":[[[8.8281,46.03419],[8.86252,46.01436],[8.86599,46.01207],[8.86495,46.00597],[8.84908,46.00751],[8.83668,46.01498],[8.83167,46.02669],[8.82811,46.02568],[8.82841,46.02031],[8.8197,46.02549],[8.82194,46.02666],[8.8281,46.03419]]]}},{"type":"Feature","properties":{"vogeId":5208,"vogeName":"Origlio"},"geometry":{"type":"Polygon","coordinates":[[[8.93603,46.05968],[8.95318,46.05587],[8.95807,46.04908],[8.95024,46.04561],[8.93954,46.04276],[8.93481,46.05566],[8.93603,46.05968]]]}},{"type":"Feature","properties":{"vogeId":5210,"vogeName":"Paradiso"},"geometry":{"type":"Polygon","coordinates":[[[8.94681,45.99341],[8.95401,45.99047],[8.95727,45.98819],[8.95758,45.98371],[8.93912,45.98709],[8.93919,45.98948],[8.94681,45.99341]]]}},{"type":"Feature","properties":{"vogeId":5212,"vogeName":"Ponte Capriasca"},"geometry":{"type":"MultiPolygon","coordinates":[[[[8.9361,46.07043],[8.93302,46.07898],[8.94137,46.07677],[8.95251,46.06379],[8.95318,46.05587],[8.93603,46.05968],[8.9361,46.07043]]],[[[9.06029,46.13245],[9.06767,46.13473],[9.07878,46.12128],[9.07248,46.11794],[9.05242,46.11345],[9.02528,46.11668],[9.02464,46.12534],[9.05113,46.12228],[9.06029,46.13245]]]]}},{"type":"Feature","properties":{"vogeId":5214,"vogeName":"Porza"},"geometry":{"type":"Polygon","coordinates":[[[8.94718,46.03102],[8.95982,46.03249],[8.96564,46.02689],[8.95382,46.02332],[8.93936,46.01993],[8.94402,46.02852],[8.94718,46.03102]]]}},{"type":"Feature","properties":{"vogeId":5216,"vogeName":"Pura"},"geometry":{"type":"Polygon","coordinates":[[[8.85551,45.99116],[8.86947,45.99277],[8.87868,45.98206],[8.863,45.9733],[8.8569,45.97651],[8.85017,45.98988],[8.85551,45.99116]]]}},{"type":"Feature","properties":{"vogeId":5221,"vogeName":"Savosa"},"geometry":{"type":"Polygon","coordinates":[[[8.93936,46.01993],[8.95382,46.02332],[8.94987,46.0165],[8.94035,46.01588],[8.93618,46.01698],[8.93936,46.01993]]]}},{"type":"Feature","properties":{"vogeId":5225,"vogeName":"Sorengo"},"geometry":{"type":"Polygon","coordinates":[[[8.92708,45.99904],[8.93636,46.00713],[8.94257,45.99988],[8.93844,45.99441],[8.93008,45.99572],[8.92708,45.99904]]]}},{"type":"Feature","properties":{"vogeId":5226,"vogeName":"Capriasca"},"geometry":{"type":"Polygon","coordinates":[[[8.97258,46.04605],[8.9662,46.04703],[8.95807,46.04908],[8.95318,46.05587],[8.95251,46.06379],[8.94137,46.07677],[8.93302,46.07898],[8.93921,46.0868],[8.94408,46.09495],[8.95026,46.09427],[8.96262,46.10097],[8.96668,46.1036],[8.96832,46.10701],[8.98582,46.11528],[8.99567,46.12679],[9.0051,46.13099],[9.02464,46.12534],[9.02528,46.11668],[9.05242,46.11345],[9.03121,46.10764],[9.02816,46.10156],[9.01823,46.0799],[9.00687,46.07723],[8.99435,46.07277],[8.98156,46.06638],[8.97742,46.06061],[8.97258,46.04605]]]}},{"type":"Feature","properties":{"vogeId":5227,"vogeName":"Torricella-Taverne"},"geometry":{"type":"Polygon","coordinates":[[[8.87712,46.08209],[8.8814,46.08517],[8.91537,46.07294],[8.9361,46.07043],[8.93603,46.05968],[8.93481,46.05566],[8.92974,46.05618],[8.91672,46.0574],[8.90767,46.06617],[8.90455,46.06532],[8.87712,46.08209]]]}},{"type":"Feature","properties":{"vogeId":5230,"vogeName":"Vernate"},"geometry":{"type":"Polygon","coordinates":[[[8.87013,46.00113],[8.88336,46.00006],[8.89057,45.99698],[8.88594,45.98928],[8.86939,45.9983],[8.87013,46.00113]]]}},{"type":"Feature","properties":{"vogeId":5231,"vogeName":"Vezia"},"geometry":{"type":"Polygon","coordinates":[[[8.92746,46.02949],[8.94078,46.03125],[8.94402,46.02852],[8.93936,46.01993],[8.93618,46.01698],[8.9283,46.01948],[8.92744,46.02038],[8.92746,46.02949]]]}},{"type":"Feature","properties":{"vogeId":5233,"vogeName":"Vico Morcote"},"geometry":{"type":"Polygon","coordinates":[[[8.91695,45.94305],[8.93194,45.94255],[8.93669,45.93876],[8.92942,45.93109],[8.92154,45.92523],[8.91369,45.92891],[8.91695,45.94305]]]}},{"type":"Feature","properties":{"vogeId":5236,"vogeName":"Collina d'Oro"},"geometry":{"type":"Polygon","coordinates":[[[8.8992,45.96448],[8.89798,45.96867],[8.89804,45.97061],[8.90033,45.97387],[8.90107,45.97655],[8.90853,45.98317],[8.91112,45.9891],[8.91161,45.99074],[8.93008,45.99572],[8.93844,45.99441],[8.93831,45.98979],[8.9272,45.98725],[8.92376,45.98252],[8.92852,45.97917],[8.92861,45.97409],[8.92178,45.96657],[8.91466,45.96458],[8.90853,45.95839],[8.90485,45.96112],[8.90497,45.9656],[8.8992,45.96448]]]}},{"type":"Feature","properties":{"vogeId":5237,"vogeName":"Alto Malcantone"},"geometry":{"type":"Polygon","coordinates":[[[8.86589,46.08432],[8.87712,46.08209],[8.90455,46.06532],[8.91153,46.04537],[8.91402,46.03922],[8.90736,46.03826],[8.89826,46.03674],[8.89515,46.03618],[8.88647,46.03405],[8.88126,46.02934],[8.86945,46.02591],[8.86221,46.03645],[8.83542,46.0438],[8.82776,46.04674],[8.83415,46.05442],[8.84514,46.05204],[8.85313,46.0615],[8.85347,46.07478],[8.85633,46.074],[8.85912,46.07933],[8.86589,46.08432]]]}},{"type":"Feature","properties":{"vogeId":5238,"vogeName":"Monteceneri"},"geometry":{"type":"MultiPolygon","coordinates":[[[[8.97211,46.13144],[8.97282,46.12531],[8.98582,46.11528],[8.96832,46.10701],[8.96668,46.1036],[8.96262,46.10097],[8.95026,46.09427],[8.94408,46.09495],[8.93111,46.10632],[8.90041,46.10881],[8.87641,46.10554],[8.90023,46.08567],[8.93921,46.0868],[8.93302,46.07898],[8.9361,46.07043],[8.91537,46.07294],[8.8814,46.08517],[8.87712,46.08209],[8.86589,46.08432],[8.86596,46.10388],[8.87129,46.10456],[8.89418,46.14084],[8.89788,46.14691],[8.91357,46.14536],[8.92839,46.14472],[8.92963,46.14112],[8.93811,46.13548],[8.97211,46.13144]]],[[[9.03303,46.14702],[9.05548,46.14969],[9.06837,46.13592],[9.06767,46.13473],[9.06029,46.13245],[9.03303,46.14702]]]]}},{"type":"Feature","properties":{"vogeId":5239,"vogeName":"Tresa"},"geometry":{"type":"Polygon","coordinates":[[[8.863,45.9733],[8.8629,45.96957],[8.86039,45.96647],[8.85234,45.97135],[8.84245,45.98162],[8.83308,45.98651],[8.82361,45.98768],[8.79655,45.99219],[8.79248,45.98835],[8.78677,45.98962],[8.78731,45.99349],[8.79275,46.00805],[8.79728,46.01248],[8.83142,46.00818],[8.83228,46.00712],[8.82856,46.00015],[8.84695,46.00216],[8.85017,45.98988],[8.8569,45.97651],[8.863,45.9733]]]}},{"type":"Feature","properties":{"vogeId":5240,"vogeName":"Val Mara"},"geometry":{"type":"Polygon","coordinates":[[[9.01275,45.9204],[8.99741,45.90867],[8.98142,45.91278],[8.98227,45.91918],[8.97569,45.92868],[8.97266,45.93051],[8.96746,45.93402],[8.96256,45.9405],[8.9741,45.94273],[8.98054,45.94399],[9.01652,45.94408],[9.02431,45.93875],[9.01942,45.92986],[9.01492,45.92679],[9.01275,45.9204]]]}},{"type":"Feature","properties":{"vogeId":5242,"vogeName":"Balerna"},"geometry":{"type":"Polygon","coordinates":[[[9.00048,45.85385],[9.01014,45.85267],[9.02168,45.84012],[9.01727,45.83227],[9.00148,45.83473],[9.00413,45.8429],[8.99455,45.84677],[9.00048,45.85385]]]}},{"type":"Feature","properties":{"vogeId":5249,"vogeName":"Castel San Pietro"},"geometry":{"type":"Polygon","coordinates":[[[9.01446,45.85724],[9.01014,45.85267],[9.00048,45.85385],[8.98368,45.85975],[8.99433,45.8702],[9.00659,45.88257],[9.01291,45.90294],[9.01275,45.9204],[9.01492,45.92679],[9.01942,45.92986],[9.0297,45.92658],[9.02867,45.92167],[9.01944,45.92285],[9.01851,45.90584],[9.02652,45.89334],[9.04101,45.89836],[9.04262,45.89326],[9.03896,45.88883],[9.03625,45.88663],[9.03138,45.87834],[9.02591,45.872],[9.02252,45.86906],[9.02423,45.86755],[9.01446,45.85724]]]}},{"type":"Feature","properties":{"vogeId":5250,"vogeName":"Chiasso"},"geometry":{"type":"Polygon","coordinates":[[[9.0232,45.8395],[9.03533,45.83992],[9.03441,45.82337],[9.01818,45.81807],[8.99385,45.822],[8.99752,45.83493],[9.00148,45.83473],[9.01727,45.83227],[9.02168,45.84012],[9.0232,45.8395]]]}},{"type":"Feature","properties":{"vogeId":5251,"vogeName":"Coldrerio"},"geometry":{"type":"Polygon","coordinates":[[[8.96907,45.85742],[8.98368,45.85975],[9.00048,45.85385],[8.99455,45.84677],[8.98199,45.84664],[8.96907,45.85742]]]}},{"type":"Feature","properties":{"vogeId":5254,"vogeName":"Mendrisio"},"geometry":{"type":"Polygon","coordinates":[[[8.92022,45.90897],[8.94992,45.9141],[8.96399,45.88883],[8.96653,45.88507],[8.97548,45.88972],[8.97503,45.89704],[8.97658,45.90523],[8.9795,45.90698],[8.98142,45.91278],[8.99741,45.90867],[9.01275,45.9204],[9.01291,45.90294],[9.00659,45.88257],[8.99433,45.8702],[8.98368,45.85975],[8.96907,45.85742],[8.95629,45.84162],[8.94684,45.84264],[8.95554,45.85446],[8.93927,45.86379],[8.94531,45.86699],[8.94294,45.86911],[8.93372,45.87043],[8.92681,45.89187],[8.91898,45.896],[8.92269,45.90267],[8.92022,45.90897]]]}},{"type":"Feature","properties":{"vogeId":5257,"vogeName":"Morbio Inferiore"},"geometry":{"type":"Polygon","coordinates":[[[9.01446,45.85724],[9.03071,45.85522],[9.03442,45.85397],[9.0232,45.8395],[9.02168,45.84012],[9.01014,45.85267],[9.01446,45.85724]]]}},{"type":"Feature","properties":{"vogeId":5260,"vogeName":"Novazzano"},"geometry":{"type":"Polygon","coordinates":[[[8.96907,45.85742],[8.98199,45.84664],[8.99455,45.84677],[9.00413,45.8429],[9.00148,45.83473],[8.99752,45.83493],[8.97905,45.83623],[8.97627,45.83134],[8.96071,45.83409],[8.95629,45.84162],[8.96907,45.85742]]]}},{"type":"Feature","properties":{"vogeId":5263,"vogeName":"Riva San Vitale"},"geometry":{"type":"Polygon","coordinates":[[[8.94992,45.9141],[8.9501,45.93694],[8.96012,45.93188],[8.96901,45.92623],[8.97173,45.92097],[8.97289,45.90752],[8.97658,45.90523],[8.97503,45.89704],[8.97548,45.88972],[8.96653,45.88507],[8.96399,45.88883],[8.94992,45.9141]]]}},{"type":"Feature","properties":{"vogeId":5266,"vogeName":"Stabio"},"geometry":{"type":"Polygon","coordinates":[[[8.93927,45.86379],[8.95554,45.85446],[8.94684,45.84264],[8.93352,45.83879],[8.93068,45.83151],[8.92124,45.83268],[8.90993,45.82985],[8.91203,45.84266],[8.93245,45.86403],[8.93927,45.86379]]]}},{"type":"Feature","properties":{"vogeId":5268,"vogeName":"Vacallo"},"geometry":{"type":"Polygon","coordinates":[[[9.03442,45.85397],[9.05143,45.85552],[9.03533,45.83992],[9.0232,45.8395],[9.03442,45.85397]]]}},{"type":"Feature","properties":{"vogeId":5269,"vogeName":"Breggia"},"geometry":{"type":"Polygon","coordinates":[[[9.0297,45.92658],[9.04274,45.92744],[9.05096,45.92195],[9.05956,45.92183],[9.05897,45.91661],[9.07624,45.91143],[9.07698,45.89933],[9.08678,45.90232],[9.08504,45.89593],[9.07989,45.88585],[9.06787,45.87468],[9.05459,45.87294],[9.05143,45.85552],[9.03442,45.85397],[9.03071,45.85522],[9.01446,45.85724],[9.02423,45.86755],[9.02252,45.86906],[9.02591,45.872],[9.03138,45.87834],[9.03625,45.88663],[9.03896,45.88883],[9.04262,45.89326],[9.04101,45.89836],[9.02652,45.89334],[9.01851,45.90584],[9.01944,45.92285],[9.02867,45.92167],[9.0297,45.92658]]]}},{"type":"Feature","properties":{"vogeId":5281,"vogeName":"Biasca"},"geometry":{"type":"Polygon","coordinates":[[[9.08731,46.38882],[9.09486,46.37364],[9.09134,46.35309],[9.07171,46.34367],[9.01774,46.34578],[9.00643,46.3316],[8.97892,46.32556],[8.9674,46.34288],[8.95807,46.35107],[8.95399,46.35605],[8.96626,46.37335],[8.94548,46.38632],[8.97604,46.38875],[8.97956,46.37944],[8.99679,46.37533],[8.99777,46.39367],[9.01421,46.40046],[9.08731,46.38882]]]}},{"type":"Feature","properties":{"vogeId":5287,"vogeName":"Riviera"},"geometry":{"type":"Polygon","coordinates":[[[8.89908,46.30751],[8.95399,46.35605],[8.95807,46.35107],[8.9674,46.34288],[8.97892,46.32556],[9.00643,46.3316],[9.01774,46.34578],[9.07171,46.34367],[9.06559,46.33256],[9.06578,46.32405],[9.07506,46.31481],[9.06427,46.30317],[9.05442,46.29316],[9.0432,46.29705],[9.01107,46.28437],[9.01227,46.27226],[9.0083,46.27321],[9.00274,46.27269],[8.99967,46.27407],[8.99818,46.27633],[8.99661,46.29128],[8.98742,46.28857],[8.99174,46.27657],[8.95094,46.27056],[8.93139,46.25395],[8.92428,46.25374],[8.91329,46.25777],[8.90495,46.27788],[8.91175,46.29929],[8.89908,46.30751]]]}},{"type":"Feature","properties":{"vogeId":5304,"vogeName":"Bosco/Gurin"},"geometry":{"type":"Polygon","coordinates":[[[8.46338,46.34334],[8.52082,46.33609],[8.51959,46.30759],[8.50154,46.30523],[8.46166,46.29917],[8.44065,46.30414],[8.4416,46.3195],[8.45189,46.32329],[8.45575,46.32774],[8.4625,46.33186],[8.46338,46.34334]]]}},{"type":"Feature","properties":{"vogeId":5307,"vogeName":"Campo (Vallemaggia)"},"geometry":{"type":"Polygon","coordinates":[[[8.50154,46.30523],[8.50592,46.3016],[8.5364,46.2931],[8.54967,46.27939],[8.56168,46.28017],[8.57403,46.27616],[8.56918,46.26725],[8.47656,46.25307],[8.46397,46.24467],[8.44207,46.2486],[8.44248,46.2586],[8.45589,46.26385],[8.43713,46.28178],[8.42482,46.30099],[8.44065,46.30414],[8.46166,46.29917],[8.50154,46.30523]]]}},{"type":"Feature","properties":{"vogeId":5309,"vogeName":"Cerentino"},"geometry":{"type":"Polygon","coordinates":[[[8.52082,46.33609],[8.53741,46.3428],[8.55986,46.33183],[8.57551,46.30436],[8.56547,46.29147],[8.56168,46.28017],[8.54967,46.27939],[8.5364,46.2931],[8.50592,46.3016],[8.50154,46.30523],[8.51959,46.30759],[8.52082,46.33609]]]}},{"type":"Feature","properties":{"vogeId":5310,"vogeName":"Cevio"},"geometry":{"type":"Polygon","coordinates":[[[8.53597,46.46968],[8.53784,46.46295],[8.5489,46.44851],[8.54281,46.43379],[8.55125,46.42192],[8.57471,46.40437],[8.5742,46.3908],[8.59073,46.38287],[8.60704,46.38628],[8.61735,46.37931],[8.61597,46.37738],[8.60378,46.35885],[8.61645,46.34842],[8.62187,46.3521],[8.62877,46.35217],[8.63369,46.35376],[8.64258,46.34322],[8.68151,46.32489],[8.66386,46.3209],[8.62138,46.31956],[8.62339,46.29954],[8.57403,46.27616],[8.56168,46.28017],[8.56547,46.29147],[8.5868,46.292],[8.59277,46.3012],[8.58981,46.31869],[8.57275,46.3317],[8.55986,46.33183],[8.53741,46.3428],[8.52082,46.33609],[8.46338,46.34334],[8.46093,46.35456],[8.4691,46.36329],[8.46653,46.38018],[8.46177,46.38739],[8.46995,46.39642],[8.46346,46.40648],[8.46846,46.41181],[8.458,46.42354],[8.45506,46.43342],[8.46281,46.4429],[8.46207,46.45067],[8.52425,46.47442],[8.53597,46.46968]]]}},{"type":"Feature","properties":{"vogeId":5315,"vogeName":"Linescio"},"geometry":{"type":"Polygon","coordinates":[[[8.55986,46.33183],[8.57275,46.3317],[8.58981,46.31869],[8.59277,46.3012],[8.5868,46.292],[8.56547,46.29147],[8.57551,46.30436],[8.55986,46.33183]]]}},{"type":"Feature","properties":{"vogeId":5317,"vogeName":"Maggia"},"geometry":{"type":"Polygon","coordinates":[[[8.74021,46.20511],[8.73133,46.20491],[8.70982,46.20501],[8.70628,46.20535],[8.70024,46.21243],[8.69691,46.22202],[8.6799,46.22534],[8.67183,46.2311],[8.65879,46.23363],[8.64964,46.23119],[8.6402,46.23562],[8.62398,46.25535],[8.59947,46.26098],[8.56918,46.26725],[8.57403,46.27616],[8.62339,46.29954],[8.62138,46.31956],[8.66386,46.3209],[8.68151,46.32489],[8.70055,46.31229],[8.73356,46.29863],[8.77613,46.26798],[8.77258,46.25922],[8.74761,46.25458],[8.73823,46.2429],[8.73919,46.23662],[8.72919,46.22703],[8.73819,46.2229],[8.74476,46.21924],[8.74602,46.21624],[8.74103,46.21152],[8.74205,46.20793],[8.74021,46.20511]]]}},{"type":"Feature","properties":{"vogeId":5323,"vogeName":"Lavizzara"},"geometry":{"type":"Polygon","coordinates":[[[8.68151,46.32489],[8.64258,46.34322],[8.63369,46.35376],[8.62877,46.35217],[8.62187,46.3521],[8.61645,46.34842],[8.60378,46.35885],[8.61597,46.37738],[8.61735,46.37931],[8.60704,46.38628],[8.59073,46.38287],[8.5742,46.3908],[8.57471,46.40437],[8.55125,46.42192],[8.54281,46.43379],[8.5489,46.44851],[8.53784,46.46295],[8.53597,46.46968],[8.55733,46.47903],[8.55894,46.492],[8.5988,46.50056],[8.62649,46.49221],[8.64746,46.48258],[8.69168,46.47673],[8.71267,46.45933],[8.70489,46.45091],[8.71058,46.43711],[8.73819,46.42725],[8.74213,46.40586],[8.73109,46.39091],[8.7354,46.37593],[8.71165,46.35933],[8.71354,46.35453],[8.69471,46.34803],[8.69226,46.33805],[8.68151,46.32489]]]}},{"type":"Feature","properties":{"vogeId":5324,"vogeName":"Avegno Gordevio"},"geometry":{"type":"Polygon","coordinates":[[[8.79218,46.20823],[8.79092,46.20228],[8.79011,46.19646],[8.78059,46.19703],[8.75607,46.19179],[8.75324,46.19391],[8.75132,46.19692],[8.74689,46.19727],[8.74167,46.20151],[8.7424,46.20404],[8.74021,46.20511],[8.74205,46.20793],[8.74103,46.21152],[8.74602,46.21624],[8.74476,46.21924],[8.73819,46.2229],[8.72919,46.22703],[8.73919,46.23662],[8.73823,46.2429],[8.74761,46.25458],[8.77258,46.25922],[8.77915,46.24645],[8.79044,46.24557],[8.79738,46.23877],[8.79797,46.22682],[8.79046,46.21034],[8.79218,46.20823]]]}},{"type":"Feature","properties":{"vogeId":5396,"vogeName":"Terre di Pedemonte"},"geometry":{"type":"Polygon","coordinates":[[[8.70628,46.20535],[8.70982,46.20501],[8.73133,46.20491],[8.74021,46.20511],[8.7424,46.20404],[8.74167,46.20151],[8.74689,46.19727],[8.75132,46.19692],[8.75324,46.19391],[8.75607,46.19179],[8.75553,46.18762],[8.75218,46.18676],[8.75125,46.18498],[8.75497,46.1827],[8.73922,46.18243],[8.72451,46.17887],[8.72096,46.17876],[8.69749,46.17992],[8.6926,46.18893],[8.69093,46.19343],[8.70628,46.20535]]]}},{"type":"Feature","properties":{"vogeId":5397,"vogeName":"Centovalli"},"geometry":{"type":"Polygon","coordinates":[[[8.6926,46.18893],[8.69749,46.17992],[8.72096,46.17876],[8.71499,46.16062],[8.6931,46.15295],[8.67153,46.14946],[8.65724,46.12454],[8.64813,46.12344],[8.61196,46.11964],[8.60981,46.13295],[8.59297,46.14297],[8.60383,46.15361],[8.5737,46.16451],[8.57287,46.16706],[8.56975,46.17694],[8.61638,46.18094],[8.62725,46.18113],[8.65484,46.18576],[8.66484,46.187],[8.6926,46.18893]]]}},{"type":"Feature","properties":{"vogeId":5398,"vogeName":"Gambarogno"},"geometry":{"type":"Polygon","coordinates":[[[8.8568,46.15176],[8.90798,46.15991],[8.91273,46.15522],[8.92035,46.15841],[8.93359,46.15629],[8.93991,46.14471],[8.92839,46.14472],[8.91357,46.14536],[8.89788,46.14691],[8.89418,46.14084],[8.87129,46.10456],[8.86596,46.10388],[8.86589,46.08432],[8.85912,46.07933],[8.85633,46.074],[8.85347,46.07478],[8.84388,46.08012],[8.83158,46.08371],[8.80613,46.10133],[8.80182,46.09736],[8.78338,46.09429],[8.75597,46.10477],[8.76763,46.1109],[8.77756,46.11884],[8.78301,46.12445],[8.79354,46.1294],[8.80568,46.13642],[8.81349,46.13886],[8.82219,46.14099],[8.83044,46.14328],[8.83981,46.14585],[8.84937,46.14693],[8.8568,46.15176]]]}},{"type":"Feature","properties":{"vogeId":5399,"vogeName":"Verzasca"},"geometry":{"type":"Polygon","coordinates":[[[8.89908,46.30751],[8.91175,46.29929],[8.90495,46.27788],[8.91329,46.25777],[8.92428,46.25374],[8.91699,46.23876],[8.93126,46.23335],[8.92246,46.21167],[8.88526,46.20573],[8.87924,46.19611],[8.8551,46.20567],[8.85356,46.2233],[8.81515,46.23079],[8.79797,46.22682],[8.79738,46.23877],[8.79044,46.24557],[8.77915,46.24645],[8.77258,46.25922],[8.77613,46.26798],[8.73356,46.29863],[8.70055,46.31229],[8.68151,46.32489],[8.69226,46.33805],[8.69471,46.34803],[8.71354,46.35453],[8.71165,46.35933],[8.7354,46.37593],[8.73109,46.39091],[8.74213,46.40586],[8.78768,46.39368],[8.82935,46.3784],[8.83127,46.36673],[8.84319,46.36315],[8.86257,46.34709],[8.84692,46.32683],[8.87165,46.32055],[8.88413,46.30517],[8.89908,46.30751]]]}},{"type":"Feature","properties":{"vogeId":5401,"vogeName":"Aigle"},"geometry":{"type":"Polygon","coordinates":[[[7.03083,46.34171],[7.03509,46.3377],[7.04003,46.33055],[6.94971,46.29124],[6.94124,46.29449],[6.93653,46.29849],[6.93603,46.30521],[6.93216,46.31519],[6.93229,46.3246],[6.93137,46.32802],[6.97825,46.32957],[6.98499,46.32094],[7.03083,46.34171]]]}},{"type":"Feature","properties":{"vogeId":5402,"vogeName":"Bex"},"geometry":{"type":"Polygon","coordinates":[[[7.15131,46.30268],[7.19395,46.30323],[7.20782,46.28236],[7.16707,46.26048],[7.14698,46.24013],[7.1268,46.23724],[7.11606,46.21647],[7.08843,46.20161],[7.07558,46.19933],[7.07136,46.20096],[7.05633,46.22509],[7.03235,46.22814],[7.00867,46.22193],[7.00444,46.224],[7.00264,46.22713],[7.00328,46.22937],[7.00172,46.23116],[6.99815,46.23368],[6.99524,46.2365],[6.98962,46.24514],[6.99003,46.24917],[6.98778,46.25259],[6.97953,46.25719],[6.97037,46.26386],[7.01516,46.27135],[7.04346,46.28683],[7.05903,46.28285],[7.05268,46.27059],[7.06581,46.26631],[7.12098,46.28394],[7.12248,46.29395],[7.15131,46.30268]]]}},{"type":"Feature","properties":{"vogeId":5403,"vogeName":"Chessel"},"geometry":{"type":"Polygon","coordinates":[[[6.88676,46.36543],[6.90282,46.36147],[6.91029,46.34778],[6.89591,46.34055],[6.89005,46.34873],[6.88423,46.35243],[6.88175,46.356],[6.88676,46.36543]]]}},{"type":"Feature","properties":{"vogeId":5404,"vogeName":"Corbeyrier"},"geometry":{"type":"Polygon","coordinates":[[[6.93876,46.37044],[7.01233,46.40507],[7.02141,46.38138],[7.0077,46.37192],[7.00585,46.35281],[6.99081,46.3432],[6.98297,46.34959],[6.96596,46.33788],[6.95508,46.33664],[6.94941,46.34915],[6.9542,46.36036],[6.95194,46.36423],[6.93876,46.37044]]]}},{"type":"Feature","properties":{"vogeId":5405,"vogeName":"Gryon"},"geometry":{"type":"Polygon","coordinates":[[[7.05903,46.28285],[7.0993,46.30746],[7.13573,46.30801],[7.14417,46.30803],[7.15131,46.30268],[7.12248,46.29395],[7.12098,46.28394],[7.06581,46.26631],[7.05268,46.27059],[7.05903,46.28285]]]}},{"type":"Feature","properties":{"vogeId":5406,"vogeName":"Lavey-Morcles"},"geometry":{"type":"Polygon","coordinates":[[[7.00867,46.22193],[7.03235,46.22814],[7.05633,46.22509],[7.07136,46.20096],[7.0331,46.18694],[7.0284,46.19379],[7.0217,46.20034],[7.01435,46.20419],[7.01255,46.20702],[7.01113,46.21865],[7.00867,46.22193]]]}},{"type":"Feature","properties":{"vogeId":5407,"vogeName":"Leysin"},"geometry":{"type":"Polygon","coordinates":[[[7.02141,46.38138],[7.04035,46.37756],[7.03083,46.34171],[6.98499,46.32094],[6.97825,46.32957],[6.99081,46.3432],[7.00585,46.35281],[7.0077,46.37192],[7.02141,46.38138]]]}},{"type":"Feature","properties":{"vogeId":5408,"vogeName":"Noville"},"geometry":{"type":"Polygon","coordinates":[[[6.85887,46.39469],[6.86064,46.39574],[6.86845,46.39384],[6.87734,46.39523],[6.88801,46.39588],[6.89448,46.39412],[6.90047,46.39609],[6.91873,46.39528],[6.92794,46.38517],[6.90734,46.37642],[6.90679,46.36463],[6.90282,46.36147],[6.88676,46.36543],[6.88692,46.37185],[6.88443,46.37631],[6.87032,46.3852],[6.85887,46.39469]]]}},{"type":"Feature","properties":{"vogeId":5409,"vogeName":"Ollon"},"geometry":{"type":"Polygon","coordinates":[[[7.03509,46.3377],[7.08914,46.33265],[7.09675,46.32327],[7.11895,46.32811],[7.122,46.33723],[7.14452,46.3255],[7.14434,46.31714],[7.14417,46.30803],[7.13573,46.30801],[7.0993,46.30746],[7.05903,46.28285],[7.04346,46.28683],[7.01516,46.27135],[6.97037,46.26386],[6.96613,46.26713],[6.96409,46.2713],[6.9618,46.27995],[6.95954,46.28427],[6.94971,46.29124],[7.04003,46.33055],[7.03509,46.3377]]]}},{"type":"Feature","properties":{"vogeId":5410,"vogeName":"Ormont-Dessous"},"geometry":{"type":"Polygon","coordinates":[[[7.04401,46.42564],[7.07185,46.42379],[7.07732,46.40426],[7.09638,46.4167],[7.11779,46.41109],[7.13777,46.38055],[7.09644,46.37238],[7.1051,46.33837],[7.122,46.33723],[7.11895,46.32811],[7.09675,46.32327],[7.08914,46.33265],[7.03509,46.3377],[7.03083,46.34171],[7.04035,46.37756],[7.02141,46.38138],[7.01233,46.40507],[7.04401,46.42564]]]}},{"type":"Feature","properties":{"vogeId":5411,"vogeName":"Ormont-Dessus"},"geometry":{"type":"Polygon","coordinates":[[[7.13777,46.38055],[7.19361,46.3789],[7.20812,46.36743],[7.21038,46.35938],[7.21353,46.34894],[7.21963,46.32716],[7.20058,46.31279],[7.19395,46.30323],[7.15131,46.30268],[7.14417,46.30803],[7.14434,46.31714],[7.14452,46.3255],[7.122,46.33723],[7.1051,46.33837],[7.09644,46.37238],[7.13777,46.38055]]]}},{"type":"Feature","properties":{"vogeId":5412,"vogeName":"Rennaz"},"geometry":{"type":"Polygon","coordinates":[[[6.92794,46.38517],[6.92518,46.37158],[6.90679,46.36463],[6.90734,46.37642],[6.92794,46.38517]]]}},{"type":"Feature","properties":{"vogeId":5413,"vogeName":"Roche (VD)"},"geometry":{"type":"Polygon","coordinates":[[[6.92518,46.37158],[6.93876,46.37044],[6.95194,46.36423],[6.9542,46.36036],[6.94508,46.35973],[6.93406,46.34983],[6.91029,46.34778],[6.90282,46.36147],[6.90679,46.36463],[6.92518,46.37158]]]}},{"type":"Feature","properties":{"vogeId":5414,"vogeName":"Villeneuve (VD)"},"geometry":{"type":"Polygon","coordinates":[[[7.02272,46.44317],[7.02475,46.44034],[7.01456,46.43284],[7.01776,46.42196],[7.04088,46.42727],[7.04401,46.42564],[7.01233,46.40507],[6.93876,46.37044],[6.92518,46.37158],[6.92794,46.38517],[6.91873,46.39528],[6.92315,46.39769],[6.92467,46.40202],[6.93084,46.40832],[7.02272,46.44317]]]}},{"type":"Feature","properties":{"vogeId":5415,"vogeName":"Yvorne"},"geometry":{"type":"Polygon","coordinates":[[[6.91029,46.34778],[6.93406,46.34983],[6.94508,46.35973],[6.9542,46.36036],[6.94941,46.34915],[6.95508,46.33664],[6.96596,46.33788],[6.98297,46.34959],[6.99081,46.3432],[6.97825,46.32957],[6.93137,46.32802],[6.92935,46.33055],[6.91904,46.33931],[6.91304,46.33958],[6.90127,46.33833],[6.89591,46.34055],[6.91029,46.34778]]]}},{"type":"Feature","properties":{"vogeId":5422,"vogeName":"Aubonne"},"geometry":{"type":"Polygon","coordinates":[[[6.39583,46.49705],[6.40282,46.49263],[6.4059,46.48326],[6.40662,46.48043],[6.38735,46.47458],[6.36562,46.49139],[6.36142,46.48926],[6.35082,46.48468],[6.33974,46.49219],[6.3353,46.49155],[6.33091,46.49897],[6.33531,46.50155],[6.33705,46.50411],[6.35061,46.51722],[6.3586,46.51894],[6.37015,46.51039],[6.39583,46.49705]]]}},{"type":"Feature","properties":{"vogeId":5423,"vogeName":"Ballens"},"geometry":{"type":"Polygon","coordinates":[[[6.35684,46.56266],[6.36758,46.56097],[6.39012,46.57297],[6.40118,46.54337],[6.40058,46.53978],[6.38594,46.54681],[6.37227,46.53818],[6.35398,46.5492],[6.35684,46.56266]]]}},{"type":"Feature","properties":{"vogeId":5424,"vogeName":"Berolle"},"geometry":{"type":"Polygon","coordinates":[[[6.29876,46.58537],[6.30812,46.58636],[6.35684,46.56266],[6.35398,46.5492],[6.32911,46.55403],[6.3089,46.5707],[6.31371,46.57537],[6.29305,46.58084],[6.29876,46.58537]]]}},{"type":"Feature","properties":{"vogeId":5425,"vogeName":"Bi\u00e8re"},"geometry":{"type":"Polygon","coordinates":[[[6.29305,46.58084],[6.31371,46.57537],[6.3089,46.5707],[6.32911,46.55403],[6.35398,46.5492],[6.37227,46.53818],[6.37075,46.53652],[6.3586,46.51894],[6.35061,46.51722],[6.33023,46.52091],[6.31368,46.53388],[6.2647,46.55995],[6.29305,46.58084]]]}},{"type":"Feature","properties":{"vogeId":5426,"vogeName":"Bougy-Villars"},"geometry":{"type":"Polygon","coordinates":[[[6.3353,46.49155],[6.33974,46.49219],[6.35082,46.48468],[6.36142,46.48926],[6.36299,46.47764],[6.35259,46.47395],[6.34827,46.47839],[6.3353,46.49155]]]}},{"type":"Feature","properties":{"vogeId":5427,"vogeName":"F\u00e9chy"},"geometry":{"type":"Polygon","coordinates":[[[6.36142,46.48926],[6.36562,46.49139],[6.38735,46.47458],[6.37814,46.46658],[6.36299,46.47764],[6.36142,46.48926]]]}},{"type":"Feature","properties":{"vogeId":5428,"vogeName":"Gimel"},"geometry":{"type":"Polygon","coordinates":[[[6.23871,46.54416],[6.2647,46.55995],[6.31368,46.53388],[6.30732,46.52859],[6.31513,46.51792],[6.33705,46.50411],[6.33531,46.50155],[6.33091,46.49897],[6.31663,46.49913],[6.29491,46.50369],[6.28861,46.49601],[6.27656,46.50679],[6.2858,46.5124],[6.27628,46.51977],[6.28259,46.52715],[6.23871,46.54416]]]}},{"type":"Feature","properties":{"vogeId":5429,"vogeName":"Longirod"},"geometry":{"type":"Polygon","coordinates":[[[6.22177,46.52353],[6.22742,46.53015],[6.23929,46.52819],[6.25055,46.50323],[6.26224,46.49873],[6.27656,46.50679],[6.28861,46.49601],[6.27694,46.48903],[6.26641,46.48131],[6.2334,46.50201],[6.22177,46.52353]]]}},{"type":"Feature","properties":{"vogeId":5430,"vogeName":"Marchissy"},"geometry":{"type":"Polygon","coordinates":[[[6.21039,46.52355],[6.22177,46.52353],[6.2334,46.50201],[6.26641,46.48131],[6.24933,46.47725],[6.21685,46.48437],[6.20381,46.499],[6.19691,46.50818],[6.21039,46.52355]]]}},{"type":"Feature","properties":{"vogeId":5431,"vogeName":"Mollens (VD)"},"geometry":{"type":"Polygon","coordinates":[[[6.30812,46.58636],[6.32187,46.59128],[6.35672,46.59087],[6.38796,46.58071],[6.38852,46.5746],[6.39012,46.57297],[6.36758,46.56097],[6.35684,46.56266],[6.30812,46.58636]]]}},{"type":"Feature","properties":{"vogeId":5434,"vogeName":"Saint-George"},"geometry":{"type":"Polygon","coordinates":[[[6.23871,46.54416],[6.28259,46.52715],[6.27628,46.51977],[6.2858,46.5124],[6.27656,46.50679],[6.26224,46.49873],[6.25055,46.50323],[6.23929,46.52819],[6.22742,46.53015],[6.23871,46.54416]]]}},{"type":"Feature","properties":{"vogeId":5435,"vogeName":"Saint-Livres"},"geometry":{"type":"Polygon","coordinates":[[[6.3586,46.51894],[6.37075,46.53652],[6.40355,46.51294],[6.39293,46.50866],[6.39819,46.50155],[6.39583,46.49705],[6.37015,46.51039],[6.3586,46.51894]]]}},{"type":"Feature","properties":{"vogeId":5436,"vogeName":"Saint-Oyens"},"geometry":{"type":"Polygon","coordinates":[[[6.28861,46.49601],[6.29491,46.50369],[6.31663,46.49913],[6.30592,46.48902],[6.28016,46.48443],[6.27694,46.48903],[6.28861,46.49601]]]}},{"type":"Feature","properties":{"vogeId":5437,"vogeName":"Saubraz"},"geometry":{"type":"Polygon","coordinates":[[[6.31368,46.53388],[6.33023,46.52091],[6.35061,46.51722],[6.33705,46.50411],[6.31513,46.51792],[6.30732,46.52859],[6.31368,46.53388]]]}},{"type":"Feature","properties":{"vogeId":5451,"vogeName":"Avenches"},"geometry":{"type":"Polygon","coordinates":[[[7.04022,46.90979],[7.04788,46.90593],[7.05485,46.90491],[7.06054,46.89478],[7.07446,46.89527],[7.06177,46.87971],[7.06679,46.86868],[7.06031,46.86359],[7.0583,46.86239],[7.05719,46.86104],[7.05028,46.8546],[7.03507,46.84679],[7.02965,46.85259],[7.03902,46.85934],[7.03216,46.87588],[7.01618,46.88075],[7.00704,46.8731],[6.99397,46.87902],[7.00938,46.88908],[7.01673,46.89672],[7.0277,46.90213],[7.04022,46.90979]]]}},{"type":"Feature","properties":{"vogeId":5456,"vogeName":"Cudrefin"},"geometry":{"type":"Polygon","coordinates":[[[6.98152,46.94359],[6.9972,46.95022],[7.02566,46.96227],[7.02832,46.96661],[7.03549,46.97126],[7.03905,46.9756],[7.06091,46.96926],[7.05969,46.95179],[7.04289,46.94382],[7.02338,46.93704],[7.02545,46.93108],[7.01805,46.92956],[7.00946,46.9349],[7.00006,46.92994],[6.98152,46.94359]]]}},{"type":"Feature","properties":{"vogeId":5458,"vogeName":"Faoug"},"geometry":{"type":"Polygon","coordinates":[[[7.08445,46.91292],[7.0901,46.90771],[7.09148,46.90369],[7.08322,46.89605],[7.07446,46.89527],[7.06054,46.89478],[7.05485,46.90491],[7.06496,46.90524],[7.08445,46.91292]]]}},{"type":"Feature","properties":{"vogeId":5464,"vogeName":"Vully-les-Lacs"},"geometry":{"type":"Polygon","coordinates":[[[7.05969,46.95179],[7.06359,46.94121],[7.0589,46.93597],[7.04881,46.9325],[7.03965,46.92546],[7.03272,46.9211],[7.03411,46.91588],[7.04022,46.90979],[7.0277,46.90213],[7.01673,46.89672],[7.00938,46.88908],[6.98407,46.90779],[6.98735,46.91825],[6.96166,46.92754],[6.97887,46.93776],[6.9784,46.94075],[6.98152,46.94359],[7.00006,46.92994],[7.00946,46.9349],[7.01805,46.92956],[7.02545,46.93108],[7.02338,46.93704],[7.04289,46.94382],[7.05969,46.95179]]]}},{"type":"Feature","properties":{"vogeId":5471,"vogeName":"Bettens"},"geometry":{"type":"Polygon","coordinates":[[[6.56665,46.63267],[6.58321,46.63131],[6.58977,46.62643],[6.58792,46.61657],[6.58106,46.61233],[6.55973,46.61844],[6.56665,46.63267]]]}},{"type":"Feature","properties":{"vogeId":5472,"vogeName":"Bournens"},"geometry":{"type":"Polygon","coordinates":[[[6.55973,46.61844],[6.58106,46.61233],[6.57273,46.60212],[6.5529,46.59898],[6.54846,46.61074],[6.55973,46.61844]]]}},{"type":"Feature","properties":{"vogeId":5473,"vogeName":"Boussens"},"geometry":{"type":"Polygon","coordinates":[[[6.58106,46.61233],[6.58792,46.61657],[6.5956,46.61095],[6.59427,46.59631],[6.58517,46.59237],[6.57273,46.60212],[6.58106,46.61233]]]}},{"type":"Feature","properties":{"vogeId":5474,"vogeName":"La Chaux (Cossonay)"},"geometry":{"type":"Polygon","coordinates":[[[6.44854,46.63797],[6.45408,46.64071],[6.45844,46.63463],[6.48034,46.63496],[6.48674,46.62681],[6.48438,46.60843],[6.46494,46.60841],[6.46094,46.60748],[6.45493,46.61863],[6.44854,46.63797]]]}},{"type":"Feature","properties":{"vogeId":5475,"vogeName":"Chavannes-le-Veyron"},"geometry":{"type":"Polygon","coordinates":[[[6.43803,46.6143],[6.45493,46.61863],[6.46094,46.60748],[6.4421,46.59911],[6.43054,46.60856],[6.43803,46.6143]]]}},{"type":"Feature","properties":{"vogeId":5476,"vogeName":"Chevilly"},"geometry":{"type":"Polygon","coordinates":[[[6.47405,46.64924],[6.48466,46.65575],[6.49361,46.65567],[6.48533,46.64321],[6.48034,46.63496],[6.45844,46.63463],[6.45408,46.64071],[6.47405,46.64924]]]}},{"type":"Feature","properties":{"vogeId":5477,"vogeName":"Cossonay"},"geometry":{"type":"Polygon","coordinates":[[[6.48674,46.62681],[6.51169,46.63149],[6.51948,46.62036],[6.52275,46.59874],[6.50072,46.59394],[6.49715,46.6066],[6.48438,46.60843],[6.48674,46.62681]]]}},{"type":"Feature","properties":{"vogeId":5479,"vogeName":"Cuarnens"},"geometry":{"type":"Polygon","coordinates":[[[6.42976,46.65005],[6.44854,46.63797],[6.45493,46.61863],[6.43803,46.6143],[6.41282,46.63542],[6.42976,46.65005]]]}},{"type":"Feature","properties":{"vogeId":5480,"vogeName":"Daillens"},"geometry":{"type":"Polygon","coordinates":[[[6.54285,46.6392],[6.5568,46.64737],[6.56665,46.63267],[6.55973,46.61844],[6.54846,46.61074],[6.5462,46.61236],[6.5299,46.62522],[6.5365,46.63139],[6.54285,46.6392]]]}},{"type":"Feature","properties":{"vogeId":5481,"vogeName":"Dizy"},"geometry":{"type":"Polygon","coordinates":[[[6.48034,46.63496],[6.48533,46.64321],[6.503,46.64291],[6.51207,46.63523],[6.51169,46.63149],[6.48674,46.62681],[6.48034,46.63496]]]}},{"type":"Feature","properties":{"vogeId":5482,"vogeName":"Ecl\u00e9pens"},"geometry":{"type":"Polygon","coordinates":[[[6.56031,46.66501],[6.57042,46.66225],[6.5568,46.64737],[6.54285,46.6392],[6.51954,46.64275],[6.52069,46.65395],[6.53452,46.65586],[6.53918,46.65828],[6.55702,46.66111],[6.56031,46.66501]]]}},{"type":"Feature","properties":{"vogeId":5483,"vogeName":"Ferreyres"},"geometry":{"type":"Polygon","coordinates":[[[6.46562,46.67036],[6.47415,46.66849],[6.50182,46.65902],[6.50054,46.65558],[6.49361,46.65567],[6.48466,46.65575],[6.47405,46.64924],[6.46244,46.66019],[6.46562,46.67036]]]}},{"type":"Feature","properties":{"vogeId":5484,"vogeName":"Gollion"},"geometry":{"type":"Polygon","coordinates":[[[6.52275,46.59874],[6.52922,46.59924],[6.52716,46.58908],[6.52604,46.57608],[6.49682,46.57405],[6.49466,46.58254],[6.50072,46.59394],[6.52275,46.59874]]]}},{"type":"Feature","properties":{"vogeId":5485,"vogeName":"Grancy"},"geometry":{"type":"Polygon","coordinates":[[[6.46094,46.60748],[6.46494,46.60841],[6.47846,46.58957],[6.46075,46.58106],[6.44654,46.58855],[6.4421,46.59911],[6.46094,46.60748]]]}},{"type":"Feature","properties":{"vogeId":5486,"vogeName":"L'Isle"},"geometry":{"type":"Polygon","coordinates":[[[6.34914,46.63423],[6.35271,46.63471],[6.36377,46.64049],[6.41282,46.63542],[6.43803,46.6143],[6.43054,46.60856],[6.41959,46.60846],[6.40858,46.60016],[6.38516,46.62129],[6.35116,46.62276],[6.32991,46.62375],[6.34914,46.63423]]]}},{"type":"Feature","properties":{"vogeId":5487,"vogeName":"Lussery-Villars"},"geometry":{"type":"Polygon","coordinates":[[[6.51207,46.63523],[6.5176,46.63841],[6.51954,46.64275],[6.54285,46.6392],[6.5365,46.63139],[6.5299,46.62522],[6.51948,46.62036],[6.51169,46.63149],[6.51207,46.63523]]]}},{"type":"Feature","properties":{"vogeId":5488,"vogeName":"Mauraz"},"geometry":{"type":"Polygon","coordinates":[[[6.43054,46.60856],[6.41552,46.59917],[6.40858,46.60016],[6.41959,46.60846],[6.43054,46.60856]]]}},{"type":"Feature","properties":{"vogeId":5489,"vogeName":"Mex (VD)"},"geometry":{"type":"Polygon","coordinates":[[[6.5491,46.58567],[6.57481,46.58348],[6.57295,46.57451],[6.56892,46.57493],[6.55516,46.57019],[6.55304,46.56316],[6.54635,46.56311],[6.5491,46.58567]]]}},{"type":"Feature","properties":{"vogeId":5490,"vogeName":"Moiry"},"geometry":{"type":"Polygon","coordinates":[[[6.44896,46.66395],[6.4609,46.67122],[6.46562,46.67036],[6.46244,46.66019],[6.47405,46.64924],[6.45408,46.64071],[6.44854,46.63797],[6.42976,46.65005],[6.43478,46.65681],[6.44097,46.66045],[6.44896,46.66395]]]}},{"type":"Feature","properties":{"vogeId":5491,"vogeName":"Mont-la-Ville"},"geometry":{"type":"Polygon","coordinates":[[[6.39045,46.67104],[6.39759,46.67215],[6.43478,46.65681],[6.42976,46.65005],[6.41282,46.63542],[6.36377,46.64049],[6.35271,46.63471],[6.34914,46.63423],[6.34909,46.63662],[6.35023,46.66887],[6.36753,46.66515],[6.39045,46.67104]]]}},{"type":"Feature","properties":{"vogeId":5492,"vogeName":"Montricher"},"geometry":{"type":"Polygon","coordinates":[[[6.32991,46.62375],[6.35116,46.62276],[6.38516,46.62129],[6.40858,46.60016],[6.40324,46.58712],[6.38796,46.58071],[6.35672,46.59087],[6.32187,46.59128],[6.30812,46.58636],[6.29876,46.58537],[6.3019,46.59541],[6.33256,46.61467],[6.32991,46.62375]]]}},{"type":"Feature","properties":{"vogeId":5493,"vogeName":"Orny"},"geometry":{"type":"Polygon","coordinates":[[[6.54973,46.68269],[6.5498,46.66523],[6.55874,46.6653],[6.56031,46.66501],[6.55702,46.66111],[6.53918,46.65828],[6.51517,46.66331],[6.53294,46.68375],[6.54973,46.68269]]]}},{"type":"Feature","properties":{"vogeId":5495,"vogeName":"Penthalaz"},"geometry":{"type":"Polygon","coordinates":[[[6.51948,46.62036],[6.5299,46.62522],[6.5462,46.61236],[6.52922,46.59924],[6.52275,46.59874],[6.51948,46.62036]]]}},{"type":"Feature","properties":{"vogeId":5496,"vogeName":"Penthaz"},"geometry":{"type":"Polygon","coordinates":[[[6.5462,46.61236],[6.54846,46.61074],[6.5529,46.59898],[6.55038,46.58926],[6.52716,46.58908],[6.52922,46.59924],[6.5462,46.61236]]]}},{"type":"Feature","properties":{"vogeId":5497,"vogeName":"Pompaples"},"geometry":{"type":"Polygon","coordinates":[[[6.54918,46.6894],[6.54973,46.68269],[6.53294,46.68375],[6.51517,46.66331],[6.49447,46.67016],[6.52414,46.68786],[6.54918,46.6894]]]}},{"type":"Feature","properties":{"vogeId":5498,"vogeName":"La Sarraz"},"geometry":{"type":"Polygon","coordinates":[[[6.48457,46.67381],[6.48817,46.67249],[6.49447,46.67016],[6.51517,46.66331],[6.53918,46.65828],[6.53452,46.65586],[6.52069,46.65395],[6.51954,46.64275],[6.5176,46.63841],[6.51207,46.63523],[6.503,46.64291],[6.48533,46.64321],[6.49361,46.65567],[6.50054,46.65558],[6.50182,46.65902],[6.47415,46.66849],[6.48457,46.67381]]]}},{"type":"Feature","properties":{"vogeId":5499,"vogeName":"Senarclens"},"geometry":{"type":"Polygon","coordinates":[[[6.46494,46.60841],[6.48438,46.60843],[6.49715,46.6066],[6.50072,46.59394],[6.49466,46.58254],[6.47846,46.58957],[6.46494,46.60841]]]}},{"type":"Feature","properties":{"vogeId":5501,"vogeName":"Sullens"},"geometry":{"type":"Polygon","coordinates":[[[6.5529,46.59898],[6.57273,46.60212],[6.58517,46.59237],[6.58107,46.58308],[6.57481,46.58348],[6.5491,46.58567],[6.55038,46.58926],[6.5529,46.59898]]]}},{"type":"Feature","properties":{"vogeId":5503,"vogeName":"Vufflens-la-Ville"},"geometry":{"type":"Polygon","coordinates":[[[6.52716,46.58908],[6.55038,46.58926],[6.5491,46.58567],[6.54635,46.56311],[6.52917,46.56208],[6.52604,46.57608],[6.52716,46.58908]]]}},{"type":"Feature","properties":{"vogeId":5511,"vogeName":"Assens"},"geometry":{"type":"Polygon","coordinates":[[[6.61456,46.62736],[6.63267,46.62734],[6.64767,46.62521],[6.64353,46.61816],[6.64155,46.61576],[6.63809,46.60827],[6.63047,46.60971],[6.62632,46.60341],[6.61169,46.61092],[6.5956,46.61095],[6.58792,46.61657],[6.58977,46.62643],[6.60514,46.62968],[6.6117,46.62465],[6.61456,46.62736]]]}},{"type":"Feature","properties":{"vogeId":5512,"vogeName":"Bercher"},"geometry":{"type":"Polygon","coordinates":[[[6.69999,46.70526],[6.70956,46.7092],[6.71909,46.69911],[6.71735,46.69567],[6.70466,46.67454],[6.69131,46.6852],[6.69999,46.70526]]]}},{"type":"Feature","properties":{"vogeId":5514,"vogeName":"Bottens"},"geometry":{"type":"Polygon","coordinates":[[[6.64767,46.62521],[6.65138,46.63105],[6.67494,46.62465],[6.6894,46.61385],[6.68855,46.61041],[6.67958,46.61244],[6.66612,46.60085],[6.65743,46.59915],[6.64776,46.60386],[6.64854,46.61133],[6.64155,46.61576],[6.64353,46.61816],[6.64767,46.62521]]]}},{"type":"Feature","properties":{"vogeId":5515,"vogeName":"Bretigny-sur-Morrens"},"geometry":{"type":"Polygon","coordinates":[[[6.63809,46.60827],[6.64155,46.61576],[6.64854,46.61133],[6.64776,46.60386],[6.65743,46.59915],[6.65927,46.59588],[6.65304,46.59405],[6.64126,46.59053],[6.63358,46.59585],[6.63809,46.60827]]]}},{"type":"Feature","properties":{"vogeId":5516,"vogeName":"Cugy (VD)"},"geometry":{"type":"Polygon","coordinates":[[[6.64126,46.59053],[6.65304,46.59405],[6.658,46.57572],[6.63977,46.56993],[6.62914,46.57925],[6.64126,46.59053]]]}},{"type":"Feature","properties":{"vogeId":5518,"vogeName":"Echallens"},"geometry":{"type":"Polygon","coordinates":[[[6.6243,46.64862],[6.6565,46.64795],[6.65138,46.63105],[6.64767,46.62521],[6.63267,46.62734],[6.61456,46.62736],[6.62018,46.64038],[6.61298,46.64347],[6.6243,46.64862]]]}},{"type":"Feature","properties":{"vogeId":5520,"vogeName":"Essertines-sur-Yverdon"},"geometry":{"type":"Polygon","coordinates":[[[6.63682,46.73886],[6.64123,46.74352],[6.65573,46.73228],[6.66821,46.72087],[6.66652,46.71325],[6.65909,46.70111],[6.63224,46.70047],[6.61851,46.70619],[6.62331,46.71384],[6.63553,46.72049],[6.63682,46.73886]]]}},{"type":"Feature","properties":{"vogeId":5521,"vogeName":"Etagni\u00e8res"},"geometry":{"type":"Polygon","coordinates":[[[6.5956,46.61095],[6.61169,46.61092],[6.62632,46.60341],[6.61378,46.59064],[6.59427,46.59631],[6.5956,46.61095]]]}},{"type":"Feature","properties":{"vogeId":5522,"vogeName":"Fey"},"geometry":{"type":"Polygon","coordinates":[[[6.66871,46.6855],[6.6843,46.69053],[6.69131,46.6852],[6.70466,46.67454],[6.70289,46.67319],[6.69603,46.66777],[6.68916,46.66325],[6.68744,46.65831],[6.67305,46.66329],[6.66196,46.6571],[6.65563,46.66168],[6.66887,46.67461],[6.66504,46.67637],[6.66871,46.6855]]]}},{"type":"Feature","properties":{"vogeId":5523,"vogeName":"Froideville"},"geometry":{"type":"Polygon","coordinates":[[[6.68855,46.61041],[6.70536,46.60664],[6.71105,46.59876],[6.70977,46.59413],[6.70637,46.58142],[6.66612,46.60085],[6.67958,46.61244],[6.68855,46.61041]]]}},{"type":"Feature","properties":{"vogeId":5527,"vogeName":"Morrens (VD)"},"geometry":{"type":"Polygon","coordinates":[[[6.62632,46.60341],[6.63047,46.60971],[6.63809,46.60827],[6.63358,46.59585],[6.64126,46.59053],[6.62914,46.57925],[6.6166,46.5817],[6.61378,46.59064],[6.62632,46.60341]]]}},{"type":"Feature","properties":{"vogeId":5529,"vogeName":"Oulens-sous-Echallens"},"geometry":{"type":"Polygon","coordinates":[[[6.57042,46.66225],[6.57959,46.66203],[6.58321,46.65952],[6.58736,46.63761],[6.58321,46.63131],[6.56665,46.63267],[6.5568,46.64737],[6.57042,46.66225]]]}},{"type":"Feature","properties":{"vogeId":5530,"vogeName":"Pailly"},"geometry":{"type":"Polygon","coordinates":[[[6.66652,46.71325],[6.67593,46.71271],[6.69172,46.70401],[6.6843,46.69053],[6.66871,46.6855],[6.65698,46.69229],[6.65909,46.70111],[6.66652,46.71325]]]}},{"type":"Feature","properties":{"vogeId":5531,"vogeName":"Penth\u00e9r\u00e9az"},"geometry":{"type":"Polygon","coordinates":[[[6.62635,46.69043],[6.62467,46.68325],[6.61854,46.6744],[6.59375,46.67228],[6.58602,46.67969],[6.58055,46.68621],[6.58785,46.69134],[6.60288,46.68877],[6.62092,46.69457],[6.62635,46.69043]]]}},{"type":"Feature","properties":{"vogeId":5533,"vogeName":"Poliez-Pittet"},"geometry":{"type":"Polygon","coordinates":[[[6.69899,46.63092],[6.70536,46.60664],[6.68855,46.61041],[6.6894,46.61385],[6.67494,46.62465],[6.67169,46.63343],[6.68303,46.63724],[6.69899,46.63092]]]}},{"type":"Feature","properties":{"vogeId":5534,"vogeName":"Rueyres"},"geometry":{"type":"Polygon","coordinates":[[[6.69172,46.70401],[6.69452,46.71194],[6.69968,46.71138],[6.69999,46.70526],[6.69131,46.6852],[6.6843,46.69053],[6.69172,46.70401]]]}},{"type":"Feature","properties":{"vogeId":5535,"vogeName":"Saint-Barth\u00e9lemy (VD)"},"geometry":{"type":"Polygon","coordinates":[[[6.61298,46.64347],[6.62018,46.64038],[6.61456,46.62736],[6.6117,46.62465],[6.60514,46.62968],[6.58977,46.62643],[6.58321,46.63131],[6.58736,46.63761],[6.60289,46.64533],[6.61298,46.64347]]]}},{"type":"Feature","properties":{"vogeId":5537,"vogeName":"Villars-le-Terroir"},"geometry":{"type":"Polygon","coordinates":[[[6.61854,46.6744],[6.62467,46.68325],[6.64168,46.668],[6.66504,46.67637],[6.66887,46.67461],[6.65563,46.66168],[6.66196,46.6571],[6.65961,46.64977],[6.6565,46.64795],[6.6243,46.64862],[6.63318,46.66794],[6.61854,46.6744]]]}},{"type":"Feature","properties":{"vogeId":5539,"vogeName":"Vuarrens"},"geometry":{"type":"Polygon","coordinates":[[[6.63224,46.70047],[6.65909,46.70111],[6.65698,46.69229],[6.66871,46.6855],[6.66504,46.67637],[6.64168,46.668],[6.62467,46.68325],[6.62635,46.69043],[6.63224,46.70047]]]}},{"type":"Feature","properties":{"vogeId":5540,"vogeName":"Montilliez"},"geometry":{"type":"Polygon","coordinates":[[[6.70875,46.65308],[6.70271,46.63692],[6.69899,46.63092],[6.68303,46.63724],[6.67169,46.63343],[6.67494,46.62465],[6.65138,46.63105],[6.6565,46.64795],[6.65961,46.64977],[6.66196,46.6571],[6.67305,46.66329],[6.68744,46.65831],[6.68916,46.66325],[6.69603,46.66777],[6.70065,46.65705],[6.70875,46.65308]]]}},{"type":"Feature","properties":{"vogeId":5541,"vogeName":"Goumo\u00ebns"},"geometry":{"type":"Polygon","coordinates":[[[6.58736,46.63761],[6.58321,46.65952],[6.57959,46.66203],[6.58602,46.67969],[6.59375,46.67228],[6.61854,46.6744],[6.63318,46.66794],[6.6243,46.64862],[6.61298,46.64347],[6.60289,46.64533],[6.58736,46.63761]]]}},{"type":"Feature","properties":{"vogeId":5551,"vogeName":"Bonvillars"},"geometry":{"type":"Polygon","coordinates":[[[6.65795,46.87259],[6.67787,46.87646],[6.68313,46.86992],[6.67177,46.86388],[6.68773,46.82981],[6.68332,46.82425],[6.66847,46.82759],[6.65653,46.84631],[6.66367,46.86502],[6.65581,46.86481],[6.65349,46.87047],[6.65795,46.87259]]]}},{"type":"Feature","properties":{"vogeId":5552,"vogeName":"Bullet"},"geometry":{"type":"Polygon","coordinates":[[[6.57805,46.87097],[6.58129,46.86488],[6.57711,46.85947],[6.58975,46.84091],[6.57861,46.83575],[6.55801,46.81962],[6.52228,46.83666],[6.53843,46.85037],[6.57805,46.87097]]]}},{"type":"Feature","properties":{"vogeId":5553,"vogeName":"Champagne"},"geometry":{"type":"Polygon","coordinates":[[[6.65653,46.84631],[6.66847,46.82759],[6.64224,46.82681],[6.63831,46.83469],[6.63781,46.83782],[6.63993,46.8465],[6.64911,46.8476],[6.65653,46.84631]]]}},{"type":"Feature","properties":{"vogeId":5554,"vogeName":"Concise"},"geometry":{"type":"Polygon","coordinates":[[[6.67787,46.87646],[6.69039,46.88027],[6.70742,46.88277],[6.72282,46.87316],[6.73105,46.87919],[6.73935,46.87924],[6.73631,46.87146],[6.75675,46.87054],[6.75391,46.8647],[6.74589,46.86017],[6.73985,46.85879],[6.73141,46.85173],[6.72648,46.8511],[6.71644,46.84701],[6.69638,46.86926],[6.68313,46.86992],[6.67787,46.87646]]]}},{"type":"Feature","properties":{"vogeId":5555,"vogeName":"Corcelles-pr\u00e8s-Concise"},"geometry":{"type":"Polygon","coordinates":[[[6.68313,46.86992],[6.69638,46.86926],[6.71644,46.84701],[6.70291,46.83543],[6.68313,46.86992]]]}},{"type":"Feature","properties":{"vogeId":5556,"vogeName":"Fiez"},"geometry":{"type":"MultiPolygon","coordinates":[[[[6.63831,46.83469],[6.64224,46.82681],[6.62549,46.82192],[6.60862,46.82493],[6.63831,46.83469]]],[[[6.56293,46.87563],[6.57805,46.87097],[6.53843,46.85037],[6.52729,46.85879],[6.56293,46.87563]]]]}},{"type":"Feature","properties":{"vogeId":5557,"vogeName":"Fontaines-sur-Grandson"},"geometry":{"type":"Polygon","coordinates":[[[6.58682,46.88417],[6.60479,46.86938],[6.59595,46.86051],[6.61674,46.85111],[6.62028,46.83979],[6.63329,46.83988],[6.63781,46.83782],[6.63831,46.83469],[6.60862,46.82493],[6.60458,46.82475],[6.60354,46.834],[6.61403,46.83795],[6.58129,46.86488],[6.57805,46.87097],[6.56293,46.87563],[6.57051,46.87882],[6.58682,46.88417]]]}},{"type":"Feature","properties":{"vogeId":5559,"vogeName":"Giez"},"geometry":{"type":"Polygon","coordinates":[[[6.60458,46.82475],[6.60862,46.82493],[6.62549,46.82192],[6.62795,46.80761],[6.61883,46.80247],[6.5968,46.80604],[6.59473,46.82378],[6.59471,46.82527],[6.60458,46.82475]]]}},{"type":"Feature","properties":{"vogeId":5560,"vogeName":"Grandevent"},"geometry":{"type":"Polygon","coordinates":[[[6.58129,46.86488],[6.61403,46.83795],[6.60354,46.834],[6.58975,46.84091],[6.57711,46.85947],[6.58129,46.86488]]]}},{"type":"Feature","properties":{"vogeId":5561,"vogeName":"Grandson"},"geometry":{"type":"Polygon","coordinates":[[[6.64224,46.82681],[6.66847,46.82759],[6.68332,46.82425],[6.67886,46.82243],[6.67665,46.82033],[6.67061,46.81924],[6.66035,46.81529],[6.63611,46.80154],[6.63664,46.79603],[6.62119,46.79487],[6.61883,46.80247],[6.62795,46.80761],[6.62549,46.82192],[6.64224,46.82681]]]}},{"type":"Feature","properties":{"vogeId":5562,"vogeName":"Mauborget"},"geometry":{"type":"Polygon","coordinates":[[[6.58682,46.88417],[6.60295,46.88638],[6.60505,46.88177],[6.61223,46.86749],[6.62498,46.87042],[6.62716,46.85999],[6.61674,46.85111],[6.59595,46.86051],[6.60479,46.86938],[6.58682,46.88417]]]}},{"type":"Feature","properties":{"vogeId":5563,"vogeName":"Mutrux"},"geometry":{"type":"Polygon","coordinates":[[[6.73794,46.88445],[6.74019,46.88402],[6.73935,46.87924],[6.73105,46.87919],[6.72282,46.87316],[6.70742,46.88277],[6.69039,46.88027],[6.68785,46.88518],[6.71566,46.88834],[6.73794,46.88445]]]}},{"type":"Feature","properties":{"vogeId":5564,"vogeName":"Novalles"},"geometry":{"type":"Polygon","coordinates":[[[6.57861,46.83575],[6.58975,46.84091],[6.60354,46.834],[6.60458,46.82475],[6.59471,46.82527],[6.57861,46.83575]]]}},{"type":"Feature","properties":{"vogeId":5565,"vogeName":"Onnens (VD)"},"geometry":{"type":"Polygon","coordinates":[[[6.68313,46.86992],[6.70291,46.83543],[6.69597,46.83389],[6.69198,46.83088],[6.68773,46.82981],[6.67177,46.86388],[6.68313,46.86992]]]}},{"type":"Feature","properties":{"vogeId":5566,"vogeName":"Provence"},"geometry":{"type":"Polygon","coordinates":[[[6.72086,46.93614],[6.72362,46.93108],[6.71676,46.90611],[6.73963,46.89237],[6.73794,46.88445],[6.71566,46.88834],[6.68785,46.88518],[6.69039,46.88027],[6.67787,46.87646],[6.65795,46.87259],[6.64076,46.88128],[6.63027,46.89165],[6.64555,46.90624],[6.66246,46.91755],[6.72086,46.93614]]]}},{"type":"Feature","properties":{"vogeId":5568,"vogeName":"Sainte-Croix"},"geometry":{"type":"Polygon","coordinates":[[[6.52729,46.85879],[6.53843,46.85037],[6.52228,46.83666],[6.55801,46.81962],[6.52862,46.80701],[6.47194,46.79146],[6.44336,46.80988],[6.43477,46.80159],[6.43098,46.81245],[6.43761,46.81729],[6.442,46.83479],[6.46009,46.85136],[6.48217,46.84648],[6.513,46.85494],[6.52729,46.85879]]]}},{"type":"Feature","properties":{"vogeId":5571,"vogeName":"T\u00e9venon"},"geometry":{"type":"Polygon","coordinates":[[[6.65795,46.87259],[6.65349,46.87047],[6.65581,46.86481],[6.66367,46.86502],[6.65653,46.84631],[6.64911,46.8476],[6.63993,46.8465],[6.63781,46.83782],[6.63329,46.83988],[6.62028,46.83979],[6.61674,46.85111],[6.62716,46.85999],[6.62498,46.87042],[6.61223,46.86749],[6.60505,46.88177],[6.60295,46.88638],[6.62133,46.88875],[6.63027,46.89165],[6.64076,46.88128],[6.65795,46.87259]]]}},{"type":"Feature","properties":{"vogeId":5581,"vogeName":"Belmont-sur-Lausanne"},"geometry":{"type":"Polygon","coordinates":[[[6.70226,46.53886],[6.70965,46.53696],[6.67941,46.51348],[6.67361,46.51374],[6.67061,46.52088],[6.67435,46.52449],[6.70226,46.53886]]]}},{"type":"Feature","properties":{"vogeId":5582,"vogeName":"Cheseaux-sur-Lausanne"},"geometry":{"type":"Polygon","coordinates":[[[6.58517,46.59237],[6.59427,46.59631],[6.61378,46.59064],[6.6166,46.5817],[6.60144,46.5801],[6.59152,46.57226],[6.57964,46.57501],[6.58107,46.58308],[6.58517,46.59237]]]}},{"type":"Feature","properties":{"vogeId":5583,"vogeName":"Crissier"},"geometry":{"type":"Polygon","coordinates":[[[6.57481,46.58348],[6.58107,46.58308],[6.57964,46.57501],[6.59152,46.57226],[6.58088,46.55323],[6.5867,46.55178],[6.58904,46.54538],[6.57732,46.53857],[6.56586,46.54356],[6.56404,46.55967],[6.57295,46.57451],[6.57481,46.58348]]]}},{"type":"Feature","properties":{"vogeId":5584,"vogeName":"Epalinges"},"geometry":{"type":"Polygon","coordinates":[[[6.64681,46.54684],[6.662,46.56142],[6.67042,46.56581],[6.67513,46.56435],[6.67252,46.55911],[6.68551,46.55606],[6.67438,46.53807],[6.64681,46.54684]]]}},{"type":"Feature","properties":{"vogeId":5585,"vogeName":"Jouxtens-M\u00e9zery"},"geometry":{"type":"Polygon","coordinates":[[[6.5867,46.55178],[6.59702,46.56275],[6.60502,46.55042],[6.59666,46.54275],[6.58904,46.54538],[6.5867,46.55178]]]}},{"type":"Feature","properties":{"vogeId":5586,"vogeName":"Lausanne"},"geometry":{"type":"MultiPolygon","coordinates":[[[[6.662,46.56142],[6.658,46.57572],[6.65304,46.59405],[6.65927,46.59588],[6.65743,46.59915],[6.66612,46.60085],[6.70637,46.58142],[6.7209,46.58047],[6.7181,46.57254],[6.69819,46.54256],[6.69283,46.54342],[6.68731,46.53876],[6.67133,46.53328],[6.65659,46.5187],[6.65373,46.51584],[6.65087,46.51314],[6.64065,46.51053],[6.64186,46.50427],[6.63225,46.50599],[6.62017,46.50829],[6.6016,46.51249],[6.59215,46.51764],[6.58657,46.5176],[6.58341,46.52041],[6.58132,46.52547],[6.58932,46.52762],[6.60208,46.52458],[6.60735,46.53014],[6.6124,46.5354],[6.61229,46.54212],[6.61239,46.55018],[6.61907,46.55127],[6.62545,46.54266],[6.62928,46.54015],[6.63461,46.54213],[6.64149,46.54471],[6.64681,46.54684],[6.67438,46.53807],[6.68551,46.55606],[6.67252,46.55911],[6.67513,46.56435],[6.67042,46.56581],[6.662,46.56142]]],[[[6.6166,46.5817],[6.62914,46.57925],[6.62614,46.57117],[6.61773,46.56619],[6.60138,46.5698],[6.59702,46.56275],[6.5867,46.55178],[6.58088,46.55323],[6.59152,46.57226],[6.60144,46.5801],[6.6166,46.5817]]]]}},{"type":"Feature","properties":{"vogeId":5587,"vogeName":"Le Mont-sur-Lausanne"},"geometry":{"type":"Polygon","coordinates":[[[6.62914,46.57925],[6.63977,46.56993],[6.658,46.57572],[6.662,46.56142],[6.64681,46.54684],[6.64149,46.54471],[6.63461,46.54213],[6.62928,46.54015],[6.62545,46.54266],[6.61907,46.55127],[6.61773,46.56619],[6.62614,46.57117],[6.62914,46.57925]]]}},{"type":"Feature","properties":{"vogeId":5588,"vogeName":"Paudex"},"geometry":{"type":"Polygon","coordinates":[[[6.67361,46.51374],[6.67941,46.51348],[6.67599,46.50316],[6.66706,46.50384],[6.67361,46.51374]]]}},{"type":"Feature","properties":{"vogeId":5589,"vogeName":"Prilly"},"geometry":{"type":"Polygon","coordinates":[[[6.60502,46.55042],[6.61239,46.55018],[6.61229,46.54212],[6.6124,46.5354],[6.60735,46.53014],[6.60208,46.52458],[6.59666,46.54275],[6.60502,46.55042]]]}},{"type":"Feature","properties":{"vogeId":5590,"vogeName":"Pully"},"geometry":{"type":"Polygon","coordinates":[[[6.69819,46.54256],[6.70226,46.53886],[6.67435,46.52449],[6.67061,46.52088],[6.67361,46.51374],[6.66706,46.50384],[6.6637,46.50502],[6.64186,46.50427],[6.64065,46.51053],[6.65087,46.51314],[6.65373,46.51584],[6.65659,46.5187],[6.67133,46.53328],[6.68731,46.53876],[6.69283,46.54342],[6.69819,46.54256]]]}},{"type":"Feature","properties":{"vogeId":5591,"vogeName":"Renens (VD)"},"geometry":{"type":"Polygon","coordinates":[[[6.58904,46.54538],[6.59666,46.54275],[6.60208,46.52458],[6.58932,46.52762],[6.57732,46.53857],[6.58904,46.54538]]]}},{"type":"Feature","properties":{"vogeId":5592,"vogeName":"Romanel-sur-Lausanne"},"geometry":{"type":"Polygon","coordinates":[[[6.59702,46.56275],[6.60138,46.5698],[6.61773,46.56619],[6.61907,46.55127],[6.61239,46.55018],[6.60502,46.55042],[6.59702,46.56275]]]}},{"type":"Feature","properties":{"vogeId":5601,"vogeName":"Chexbres"},"geometry":{"type":"Polygon","coordinates":[[[6.77639,46.48006],[6.76294,46.4861],[6.77249,46.48899],[6.77487,46.49453],[6.78896,46.49058],[6.78615,46.4834],[6.78621,46.47847],[6.77639,46.48006]]]}},{"type":"Feature","properties":{"vogeId":5604,"vogeName":"Forel (Lavaux)"},"geometry":{"type":"Polygon","coordinates":[[[6.74829,46.56825],[6.76015,46.56623],[6.77606,46.56155],[6.79063,46.55611],[6.79448,46.55136],[6.80322,46.54812],[6.76274,46.52013],[6.75578,46.50576],[6.74928,46.50826],[6.74077,46.51104],[6.73425,46.51518],[6.72796,46.51902],[6.72368,46.52183],[6.75328,46.545],[6.7556,46.55546],[6.74213,46.5615],[6.74829,46.56825]]]}},{"type":"Feature","properties":{"vogeId":5606,"vogeName":"Lutry"},"geometry":{"type":"Polygon","coordinates":[[[6.70965,46.53696],[6.71971,46.51822],[6.7024,46.49557],[6.68941,46.50026],[6.67599,46.50316],[6.67941,46.51348],[6.70965,46.53696]]]}},{"type":"Feature","properties":{"vogeId":5607,"vogeName":"Puidoux"},"geometry":{"type":"Polygon","coordinates":[[[6.80322,46.54812],[6.81264,46.54459],[6.80411,46.52962],[6.81241,46.52593],[6.82439,46.51212],[6.79912,46.48019],[6.78896,46.49058],[6.77487,46.49453],[6.77249,46.48899],[6.76294,46.4861],[6.77639,46.48006],[6.77485,46.47781],[6.77647,46.47349],[6.75879,46.47951],[6.75068,46.48573],[6.75578,46.50576],[6.76274,46.52013],[6.80322,46.54812]]]}},{"type":"Feature","properties":{"vogeId":5609,"vogeName":"Rivaz"},"geometry":{"type":"Polygon","coordinates":[[[6.77639,46.48006],[6.78621,46.47847],[6.78628,46.47295],[6.77647,46.47349],[6.77485,46.47781],[6.77639,46.48006]]]}},{"type":"Feature","properties":{"vogeId":5610,"vogeName":"Saint-Saphorin (Lavaux)"},"geometry":{"type":"Polygon","coordinates":[[[6.78896,46.49058],[6.79912,46.48019],[6.79879,46.47063],[6.78628,46.47295],[6.78621,46.47847],[6.78615,46.4834],[6.78896,46.49058]]]}},{"type":"Feature","properties":{"vogeId":5611,"vogeName":"Savigny"},"geometry":{"type":"Polygon","coordinates":[[[6.7181,46.57254],[6.74286,46.57374],[6.74829,46.56825],[6.74213,46.5615],[6.7556,46.55546],[6.75328,46.545],[6.72368,46.52183],[6.71971,46.51822],[6.70965,46.53696],[6.70226,46.53886],[6.69819,46.54256],[6.7181,46.57254]]]}},{"type":"Feature","properties":{"vogeId":5613,"vogeName":"Bourg-en-Lavaux"},"geometry":{"type":"Polygon","coordinates":[[[6.75578,46.50576],[6.75068,46.48573],[6.74262,46.48866],[6.73571,46.48862],[6.72973,46.4856],[6.72082,46.48554],[6.71296,46.48952],[6.7024,46.49557],[6.71971,46.51822],[6.72368,46.52183],[6.72796,46.51902],[6.73425,46.51518],[6.74077,46.51104],[6.74928,46.50826],[6.75578,46.50576]]]}},{"type":"Feature","properties":{"vogeId":5621,"vogeName":"Aclens"},"geometry":{"type":"Polygon","coordinates":[[[6.49682,46.57405],[6.52604,46.57608],[6.52917,46.56208],[6.52831,46.56013],[6.52497,46.5601],[6.49796,46.56018],[6.4946,46.5606],[6.49682,46.57405]]]}},{"type":"Feature","properties":{"vogeId":5622,"vogeName":"Bremblens"},"geometry":{"type":"Polygon","coordinates":[[[6.52497,46.5601],[6.52831,46.56013],[6.5347,46.55197],[6.52197,46.53948],[6.50723,46.54011],[6.5032,46.54112],[6.5062,46.54786],[6.51531,46.55032],[6.52497,46.5601]]]}},{"type":"Feature","properties":{"vogeId":5623,"vogeName":"Buchillon"},"geometry":{"type":"Polygon","coordinates":[[[6.40631,46.47356],[6.42835,46.47465],[6.43578,46.47039],[6.42111,46.46862],[6.40964,46.46269],[6.40768,46.46014],[6.39946,46.45872],[6.39141,46.46044],[6.40631,46.47356]]]}},{"type":"Feature","properties":{"vogeId":5624,"vogeName":"Bussigny"},"geometry":{"type":"Polygon","coordinates":[[[6.54635,46.56311],[6.55304,46.56316],[6.56404,46.55967],[6.56586,46.54356],[6.55094,46.5415],[6.5347,46.55197],[6.52831,46.56013],[6.52917,46.56208],[6.54635,46.56311]]]}},{"type":"Feature","properties":{"vogeId":5627,"vogeName":"Chavannes-pr\u00e8s-Renens"},"geometry":{"type":"Polygon","coordinates":[[[6.57732,46.53857],[6.58932,46.52762],[6.58132,46.52547],[6.56864,46.52298],[6.56524,46.52639],[6.57001,46.53494],[6.57732,46.53857]]]}},{"type":"Feature","properties":{"vogeId":5628,"vogeName":"Chigny"},"geometry":{"type":"Polygon","coordinates":[[[6.47022,46.51383],[6.47209,46.52146],[6.48102,46.52079],[6.48717,46.51382],[6.47651,46.51134],[6.47409,46.50938],[6.47022,46.51383]]]}},{"type":"Feature","properties":{"vogeId":5629,"vogeName":"Clarmont"},"geometry":{"type":"Polygon","coordinates":[[[6.4506,46.56187],[6.45558,46.54609],[6.45012,46.53963],[6.4455,46.54839],[6.44685,46.5599],[6.4506,46.56187]]]}},{"type":"Feature","properties":{"vogeId":5631,"vogeName":"Denens"},"geometry":{"type":"Polygon","coordinates":[[[6.43661,46.52234],[6.45548,46.52713],[6.4673,46.5147],[6.45426,46.50832],[6.44488,46.50883],[6.4389,46.51893],[6.43661,46.52234]]]}},{"type":"Feature","properties":{"vogeId":5632,"vogeName":"Denges"},"geometry":{"type":"Polygon","coordinates":[[[6.53238,46.53091],[6.54623,46.52968],[6.54181,46.51382],[6.53554,46.51526],[6.53093,46.52418],[6.53238,46.53091]]]}},{"type":"Feature","properties":{"vogeId":5633,"vogeName":"Echandens"},"geometry":{"type":"Polygon","coordinates":[[[6.5347,46.55197],[6.55094,46.5415],[6.54623,46.52968],[6.53238,46.53091],[6.52197,46.53948],[6.5347,46.55197]]]}},{"type":"Feature","properties":{"vogeId":5634,"vogeName":"Echichens"},"geometry":{"type":"Polygon","coordinates":[[[6.4506,46.56187],[6.46166,46.56779],[6.48666,46.55546],[6.4946,46.5606],[6.49796,46.56018],[6.5062,46.54786],[6.5032,46.54112],[6.50723,46.54011],[6.50752,46.5231],[6.48097,46.52347],[6.47372,46.52968],[6.47122,46.54473],[6.45558,46.54609],[6.4506,46.56187]]]}},{"type":"Feature","properties":{"vogeId":5635,"vogeName":"Ecublens (VD)"},"geometry":{"type":"Polygon","coordinates":[[[6.55094,46.5415],[6.56586,46.54356],[6.57732,46.53857],[6.57001,46.53494],[6.56524,46.52639],[6.56864,46.52298],[6.58132,46.52547],[6.58341,46.52041],[6.54181,46.51382],[6.54623,46.52968],[6.55094,46.5415]]]}},{"type":"Feature","properties":{"vogeId":5636,"vogeName":"Etoy"},"geometry":{"type":"Polygon","coordinates":[[[6.42434,46.4982],[6.43416,46.49799],[6.43855,46.48982],[6.42835,46.47465],[6.40631,46.47356],[6.40662,46.48043],[6.4059,46.48326],[6.41055,46.48479],[6.4111,46.49107],[6.42434,46.4982]]]}},{"type":"Feature","properties":{"vogeId":5637,"vogeName":"Lavigny"},"geometry":{"type":"Polygon","coordinates":[[[6.40355,46.51294],[6.41587,46.50992],[6.42434,46.4982],[6.4111,46.49107],[6.41055,46.48479],[6.4059,46.48326],[6.40282,46.49263],[6.39583,46.49705],[6.39819,46.50155],[6.39293,46.50866],[6.40355,46.51294]]]}},{"type":"Feature","properties":{"vogeId":5638,"vogeName":"Lonay"},"geometry":{"type":"Polygon","coordinates":[[[6.50723,46.54011],[6.52197,46.53948],[6.53238,46.53091],[6.53093,46.52418],[6.51341,46.51792],[6.50752,46.5231],[6.50723,46.54011]]]}},{"type":"Feature","properties":{"vogeId":5639,"vogeName":"Lully (VD)"},"geometry":{"type":"Polygon","coordinates":[[[6.4673,46.5147],[6.47022,46.51383],[6.47409,46.50938],[6.46798,46.50172],[6.47591,46.49447],[6.46677,46.49454],[6.46178,46.49943],[6.45426,46.50832],[6.4673,46.5147]]]}},{"type":"Feature","properties":{"vogeId":5640,"vogeName":"Lussy-sur-Morges"},"geometry":{"type":"Polygon","coordinates":[[[6.44488,46.50883],[6.45426,46.50832],[6.46178,46.49943],[6.45253,46.49293],[6.43592,46.49905],[6.44488,46.50883]]]}},{"type":"Feature","properties":{"vogeId":5642,"vogeName":"Morges"},"geometry":{"type":"Polygon","coordinates":[[[6.48097,46.52347],[6.50752,46.5231],[6.51341,46.51792],[6.51099,46.51596],[6.50502,46.51337],[6.49627,46.5036],[6.48694,46.50143],[6.47651,46.51134],[6.48717,46.51382],[6.48102,46.52079],[6.48097,46.52347]]]}},{"type":"Feature","properties":{"vogeId":5643,"vogeName":"Pr\u00e9verenges"},"geometry":{"type":"Polygon","coordinates":[[[6.51341,46.51792],[6.53093,46.52418],[6.53554,46.51526],[6.54181,46.51382],[6.53746,46.50722],[6.52329,46.51427],[6.51099,46.51596],[6.51341,46.51792]]]}},{"type":"Feature","properties":{"vogeId":5645,"vogeName":"Romanel-sur-Morges"},"geometry":{"type":"Polygon","coordinates":[[[6.49796,46.56018],[6.52497,46.5601],[6.51531,46.55032],[6.5062,46.54786],[6.49796,46.56018]]]}},{"type":"Feature","properties":{"vogeId":5646,"vogeName":"Saint-Prex"},"geometry":{"type":"Polygon","coordinates":[[[6.43416,46.49799],[6.43592,46.49905],[6.45253,46.49293],[6.46178,46.49943],[6.46677,46.49454],[6.47591,46.49447],[6.47933,46.49062],[6.47152,46.4907],[6.46248,46.4851],[6.46215,46.47868],[6.46039,46.47762],[6.45525,46.47847],[6.44865,46.47364],[6.43578,46.47039],[6.42835,46.47465],[6.43855,46.48982],[6.43416,46.49799]]]}},{"type":"Feature","properties":{"vogeId":5648,"vogeName":"Saint-Sulpice (VD)"},"geometry":{"type":"Polygon","coordinates":[[[6.58341,46.52041],[6.58657,46.5176],[6.57945,46.51695],[6.57371,46.51317],[6.55886,46.50724],[6.53746,46.50722],[6.54181,46.51382],[6.58341,46.52041]]]}},{"type":"Feature","properties":{"vogeId":5649,"vogeName":"Tolochenaz"},"geometry":{"type":"Polygon","coordinates":[[[6.47409,46.50938],[6.47651,46.51134],[6.48694,46.50143],[6.4824,46.49304],[6.47933,46.49062],[6.47591,46.49447],[6.46798,46.50172],[6.47409,46.50938]]]}},{"type":"Feature","properties":{"vogeId":5650,"vogeName":"Vaux-sur-Morges"},"geometry":{"type":"Polygon","coordinates":[[[6.45558,46.54609],[6.47122,46.54473],[6.47372,46.52968],[6.4569,46.53461],[6.44814,46.53782],[6.45012,46.53963],[6.45558,46.54609]]]}},{"type":"Feature","properties":{"vogeId":5651,"vogeName":"Villars-Sainte-Croix"},"geometry":{"type":"Polygon","coordinates":[[[6.55304,46.56316],[6.55516,46.57019],[6.56892,46.57493],[6.57295,46.57451],[6.56404,46.55967],[6.55304,46.56316]]]}},{"type":"Feature","properties":{"vogeId":5652,"vogeName":"Villars-sous-Yens"},"geometry":{"type":"Polygon","coordinates":[[[6.41587,46.50992],[6.4389,46.51893],[6.44488,46.50883],[6.43592,46.49905],[6.43416,46.49799],[6.42434,46.4982],[6.41587,46.50992]]]}},{"type":"Feature","properties":{"vogeId":5653,"vogeName":"Vufflens-le-Ch\u00e2teau"},"geometry":{"type":"Polygon","coordinates":[[[6.4569,46.53461],[6.47372,46.52968],[6.48097,46.52347],[6.48102,46.52079],[6.47209,46.52146],[6.47022,46.51383],[6.4673,46.5147],[6.45548,46.52713],[6.45274,46.53054],[6.4569,46.53461]]]}},{"type":"Feature","properties":{"vogeId":5654,"vogeName":"Vullierens"},"geometry":{"type":"Polygon","coordinates":[[[6.47846,46.58957],[6.49466,46.58254],[6.49682,46.57405],[6.4946,46.5606],[6.48666,46.55546],[6.46166,46.56779],[6.46075,46.58106],[6.47846,46.58957]]]}},{"type":"Feature","properties":{"vogeId":5655,"vogeName":"Yens"},"geometry":{"type":"Polygon","coordinates":[[[6.37227,46.53818],[6.38594,46.54681],[6.40058,46.53978],[6.42126,46.53161],[6.43661,46.52234],[6.4389,46.51893],[6.41587,46.50992],[6.40355,46.51294],[6.37075,46.53652],[6.37227,46.53818]]]}},{"type":"Feature","properties":{"vogeId":5656,"vogeName":"Hautemorges"},"geometry":{"type":"Polygon","coordinates":[[[6.4569,46.53461],[6.45274,46.53054],[6.45548,46.52713],[6.43661,46.52234],[6.42126,46.53161],[6.40058,46.53978],[6.40118,46.54337],[6.39012,46.57297],[6.38852,46.5746],[6.38796,46.58071],[6.40324,46.58712],[6.40858,46.60016],[6.41552,46.59917],[6.43054,46.60856],[6.4421,46.59911],[6.44654,46.58855],[6.46075,46.58106],[6.46166,46.56779],[6.4506,46.56187],[6.44685,46.5599],[6.4455,46.54839],[6.45012,46.53963],[6.44814,46.53782],[6.4569,46.53461]]]}},{"type":"Feature","properties":{"vogeId":5661,"vogeName":"Boulens"},"geometry":{"type":"Polygon","coordinates":[[[6.71735,46.69567],[6.72229,46.69406],[6.73237,46.67636],[6.71128,46.66474],[6.70289,46.67319],[6.70466,46.67454],[6.71735,46.69567]]]}},{"type":"Feature","properties":{"vogeId":5663,"vogeName":"Bussy-sur-Moudon"},"geometry":{"type":"Polygon","coordinates":[[[6.80505,46.69694],[6.81149,46.701],[6.82591,46.69228],[6.81104,46.68234],[6.79197,46.68672],[6.80505,46.69694]]]}},{"type":"Feature","properties":{"vogeId":5665,"vogeName":"Chavannes-sur-Moudon"},"geometry":{"type":"Polygon","coordinates":[[[6.82521,46.67541],[6.84319,46.66729],[6.84416,46.66088],[6.82806,46.66035],[6.81836,46.64836],[6.80473,46.64798],[6.79868,46.64944],[6.82521,46.67541]]]}},{"type":"Feature","properties":{"vogeId":5669,"vogeName":"Curtilles"},"geometry":{"type":"Polygon","coordinates":[[[6.86119,46.72022],[6.8666,46.71652],[6.86651,46.70428],[6.85345,46.69108],[6.8408,46.68161],[6.83832,46.68339],[6.82883,46.69125],[6.8337,46.6959],[6.8404,46.69743],[6.83877,46.70279],[6.84566,46.70686],[6.86119,46.72022]]]}},{"type":"Feature","properties":{"vogeId":5671,"vogeName":"Dompierre (VD)"},"geometry":{"type":"Polygon","coordinates":[[[6.8666,46.71652],[6.88562,46.71736],[6.89802,46.70831],[6.89226,46.70246],[6.873,46.70356],[6.86651,46.70428],[6.8666,46.71652]]]}},{"type":"Feature","properties":{"vogeId":5673,"vogeName":"Hermenches"},"geometry":{"type":"Polygon","coordinates":[[[6.76175,46.65206],[6.76714,46.65045],[6.77253,46.64839],[6.76512,46.63283],[6.76112,46.63101],[6.75071,46.62394],[6.73842,46.62386],[6.7409,46.6394],[6.76175,46.65206]]]}},{"type":"Feature","properties":{"vogeId":5674,"vogeName":"Lovatens"},"geometry":{"type":"Polygon","coordinates":[[[6.86651,46.70428],[6.873,46.70356],[6.87822,46.69717],[6.86979,46.69012],[6.8772,46.68702],[6.86456,46.67666],[6.86005,46.68051],[6.85345,46.69108],[6.86651,46.70428]]]}},{"type":"Feature","properties":{"vogeId":5675,"vogeName":"Lucens"},"geometry":{"type":"MultiPolygon","coordinates":[[[[6.83832,46.68339],[6.8408,46.68161],[6.85345,46.69108],[6.86005,46.68051],[6.86456,46.67666],[6.87175,46.67341],[6.86809,46.66085],[6.85361,46.65556],[6.85002,46.65688],[6.84416,46.66088],[6.84319,46.66729],[6.82521,46.67541],[6.83832,46.68339]]],[[[6.86226,46.72441],[6.86119,46.72022],[6.84566,46.70686],[6.83877,46.70279],[6.8404,46.69743],[6.8337,46.6959],[6.82883,46.69125],[6.82591,46.69228],[6.81149,46.701],[6.80505,46.69694],[6.80073,46.70259],[6.81892,46.71657],[6.8114,46.72787],[6.81738,46.73327],[6.82811,46.73542],[6.83889,46.73249],[6.85172,46.72644],[6.86226,46.72441]]]]}},{"type":"Feature","properties":{"vogeId":5678,"vogeName":"Moudon"},"geometry":{"type":"Polygon","coordinates":[[[6.82591,46.69228],[6.82883,46.69125],[6.83832,46.68339],[6.82521,46.67541],[6.79868,46.64944],[6.78996,46.64894],[6.78225,46.65785],[6.77284,46.65959],[6.76714,46.65045],[6.76175,46.65206],[6.75879,46.65652],[6.76162,46.66296],[6.75572,46.66919],[6.74893,46.67601],[6.75515,46.67874],[6.76437,46.67536],[6.77607,46.68812],[6.77915,46.69231],[6.79197,46.68672],[6.81104,46.68234],[6.82591,46.69228]]]}},{"type":"Feature","properties":{"vogeId":5680,"vogeName":"Ogens"},"geometry":{"type":"Polygon","coordinates":[[[6.70992,46.71562],[6.73004,46.71739],[6.73911,46.70849],[6.73694,46.70355],[6.71909,46.69911],[6.70956,46.7092],[6.70992,46.71562]]]}},{"type":"Feature","properties":{"vogeId":5683,"vogeName":"Pr\u00e9vonloup"},"geometry":{"type":"Polygon","coordinates":[[[6.873,46.70356],[6.89226,46.70246],[6.89341,46.69993],[6.88477,46.69109],[6.8772,46.68702],[6.86979,46.69012],[6.87822,46.69717],[6.873,46.70356]]]}},{"type":"Feature","properties":{"vogeId":5684,"vogeName":"Rossenges"},"geometry":{"type":"Polygon","coordinates":[[[6.76714,46.65045],[6.77284,46.65959],[6.78225,46.65785],[6.77253,46.64839],[6.76714,46.65045]]]}},{"type":"Feature","properties":{"vogeId":5688,"vogeName":"Syens"},"geometry":{"type":"Polygon","coordinates":[[[6.78225,46.65785],[6.78996,46.64894],[6.78717,46.63952],[6.7818,46.63949],[6.7714,46.63107],[6.76512,46.63283],[6.77253,46.64839],[6.78225,46.65785]]]}},{"type":"Feature","properties":{"vogeId":5690,"vogeName":"Villars-le-Comte"},"geometry":{"type":"Polygon","coordinates":[[[6.80626,46.72694],[6.8114,46.72787],[6.81892,46.71657],[6.80073,46.70259],[6.78642,46.70146],[6.7841,46.70816],[6.80626,46.72694]]]}},{"type":"Feature","properties":{"vogeId":5692,"vogeName":"Vucherens"},"geometry":{"type":"Polygon","coordinates":[[[6.76512,46.63283],[6.7714,46.63107],[6.7818,46.63949],[6.78717,46.63952],[6.77986,46.61605],[6.76663,46.61955],[6.76112,46.63101],[6.76512,46.63283]]]}},{"type":"Feature","properties":{"vogeId":5693,"vogeName":"Montanaire"},"geometry":{"type":"Polygon","coordinates":[[[6.75879,46.65652],[6.74913,46.6599],[6.7156,46.65909],[6.71452,46.65595],[6.70875,46.65308],[6.70065,46.65705],[6.69603,46.66777],[6.70289,46.67319],[6.71128,46.66474],[6.73237,46.67636],[6.72229,46.69406],[6.71735,46.69567],[6.71909,46.69911],[6.73694,46.70355],[6.73911,46.70849],[6.73004,46.71739],[6.73131,46.72262],[6.73148,46.7274],[6.74525,46.73584],[6.74866,46.73183],[6.75863,46.72204],[6.77074,46.72062],[6.78444,46.73548],[6.79362,46.73583],[6.78787,46.72938],[6.79307,46.72568],[6.80626,46.72694],[6.7841,46.70816],[6.78642,46.70146],[6.80073,46.70259],[6.80505,46.69694],[6.79197,46.68672],[6.77915,46.69231],[6.77607,46.68812],[6.76437,46.67536],[6.75515,46.67874],[6.74893,46.67601],[6.75572,46.66919],[6.76162,46.66296],[6.75879,46.65652]]]}},{"type":"Feature","properties":{"vogeId":5701,"vogeName":"Arnex-sur-Nyon"},"geometry":{"type":"Polygon","coordinates":[[[6.17646,46.37167],[6.19271,46.38111],[6.20226,46.37181],[6.19859,46.36714],[6.18985,46.36973],[6.1804,46.3647],[6.17646,46.37167]]]}},{"type":"Feature","properties":{"vogeId":5702,"vogeName":"Arzier-Le Muids"},"geometry":{"type":"Polygon","coordinates":[[[6.15656,46.54535],[6.17268,46.53344],[6.19349,46.53098],[6.15208,46.49902],[6.18835,46.47361],[6.2253,46.46565],[6.23219,46.44632],[6.23019,46.446],[6.21346,46.44701],[6.19851,46.43879],[6.19008,46.4372],[6.18114,46.4483],[6.18119,46.45547],[6.15813,46.46043],[6.11528,46.46307],[6.097,46.48137],[6.11257,46.50991],[6.15656,46.54535]]]}},{"type":"Feature","properties":{"vogeId":5703,"vogeName":"Bassins"},"geometry":{"type":"Polygon","coordinates":[[[6.19349,46.53098],[6.21039,46.52355],[6.19691,46.50818],[6.20381,46.499],[6.21685,46.48437],[6.21941,46.47962],[6.24205,46.46404],[6.24835,46.46112],[6.23708,46.44682],[6.23219,46.44632],[6.2253,46.46565],[6.18835,46.47361],[6.15208,46.49902],[6.19349,46.53098]]]}},{"type":"Feature","properties":{"vogeId":5704,"vogeName":"Begnins"},"geometry":{"type":"Polygon","coordinates":[[[6.24835,46.46112],[6.26535,46.45786],[6.2682,46.43968],[6.25274,46.43385],[6.24809,46.43245],[6.23708,46.44682],[6.24835,46.46112]]]}},{"type":"Feature","properties":{"vogeId":5705,"vogeName":"Bogis-Bossey"},"geometry":{"type":"Polygon","coordinates":[[[6.16992,46.36608],[6.17445,46.3624],[6.17325,46.35671],[6.19587,46.34965],[6.19404,46.34246],[6.18314,46.34249],[6.17098,46.34907],[6.1666,46.34619],[6.15848,46.35132],[6.15984,46.35954],[6.16992,46.36608]]]}},{"type":"Feature","properties":{"vogeId":5706,"vogeName":"Borex"},"geometry":{"type":"Polygon","coordinates":[[[6.17607,46.38854],[6.18878,46.38733],[6.19059,46.38601],[6.19271,46.38111],[6.17646,46.37167],[6.16944,46.38637],[6.17607,46.38854]]]}},{"type":"Feature","properties":{"vogeId":5707,"vogeName":"Chavannes-de-Bogis"},"geometry":{"type":"Polygon","coordinates":[[[6.15848,46.35132],[6.1666,46.34619],[6.1661,46.33931],[6.1622,46.33494],[6.1393,46.33483],[6.13941,46.33976],[6.15848,46.35132]]]}},{"type":"Feature","properties":{"vogeId":5708,"vogeName":"Chavannes-des-Bois"},"geometry":{"type":"Polygon","coordinates":[[[6.12457,46.31899],[6.13176,46.32489],[6.14785,46.32149],[6.14529,46.31699],[6.14343,46.31114],[6.14069,46.30484],[6.12457,46.31899]]]}},{"type":"Feature","properties":{"vogeId":5709,"vogeName":"Ch\u00e9serex"},"geometry":{"type":"Polygon","coordinates":[[[6.09929,46.42497],[6.1055,46.4349],[6.14045,46.4262],[6.1582,46.41983],[6.17015,46.40369],[6.18398,46.40251],[6.18634,46.39641],[6.17607,46.38854],[6.16944,46.38637],[6.16764,46.38755],[6.12145,46.42016],[6.09929,46.42497]]]}},{"type":"Feature","properties":{"vogeId":5710,"vogeName":"Coinsins"},"geometry":{"type":"Polygon","coordinates":[[[6.22339,46.42144],[6.24051,46.43267],[6.25032,46.42218],[6.25047,46.41546],[6.24646,46.41542],[6.22339,46.42144]]]}},{"type":"Feature","properties":{"vogeId":5711,"vogeName":"Commugny"},"geometry":{"type":"Polygon","coordinates":[[[6.1393,46.33483],[6.1622,46.33494],[6.17879,46.32901],[6.18652,46.32133],[6.18003,46.3138],[6.14529,46.31699],[6.14785,46.32149],[6.13176,46.32489],[6.1393,46.33483]]]}},{"type":"Feature","properties":{"vogeId":5712,"vogeName":"Coppet"},"geometry":{"type":"Polygon","coordinates":[[[6.17879,46.32901],[6.18028,46.33156],[6.2011,46.32507],[6.19597,46.31621],[6.18768,46.30985],[6.18003,46.3138],[6.18652,46.32133],[6.17879,46.32901]]]}},{"type":"Feature","properties":{"vogeId":5713,"vogeName":"Crans (VD)"},"geometry":{"type":"Polygon","coordinates":[[[6.20226,46.37181],[6.21425,46.37298],[6.22707,46.3664],[6.21269,46.35326],[6.1804,46.3647],[6.18985,46.36973],[6.19859,46.36714],[6.20226,46.37181]]]}},{"type":"Feature","properties":{"vogeId":5714,"vogeName":"Crassier"},"geometry":{"type":"Polygon","coordinates":[[[6.16764,46.38755],[6.16944,46.38637],[6.17646,46.37167],[6.1804,46.3647],[6.17445,46.3624],[6.16992,46.36608],[6.16126,46.37494],[6.15848,46.37968],[6.16764,46.38755]]]}},{"type":"Feature","properties":{"vogeId":5715,"vogeName":"Duillier"},"geometry":{"type":"Polygon","coordinates":[[[6.21323,46.4179],[6.22339,46.42144],[6.24646,46.41542],[6.23664,46.39666],[6.21372,46.40641],[6.21323,46.4179]]]}},{"type":"Feature","properties":{"vogeId":5716,"vogeName":"Eysins"},"geometry":{"type":"Polygon","coordinates":[[[6.19059,46.38601],[6.2137,46.38731],[6.21425,46.37298],[6.20226,46.37181],[6.19271,46.38111],[6.19059,46.38601]]]}},{"type":"Feature","properties":{"vogeId":5717,"vogeName":"Founex"},"geometry":{"type":"Polygon","coordinates":[[[6.18314,46.34249],[6.19404,46.34246],[6.20768,46.33873],[6.2011,46.32507],[6.18028,46.33156],[6.17879,46.32901],[6.1622,46.33494],[6.1661,46.33931],[6.18314,46.34249]]]}},{"type":"Feature","properties":{"vogeId":5718,"vogeName":"Genolier"},"geometry":{"type":"Polygon","coordinates":[[[6.19851,46.43879],[6.21346,46.44701],[6.23019,46.446],[6.24051,46.43267],[6.22339,46.42144],[6.19851,46.43879]]]}},{"type":"Feature","properties":{"vogeId":5719,"vogeName":"Gingins"},"geometry":{"type":"Polygon","coordinates":[[[6.07461,46.43214],[6.08378,46.43956],[6.09762,46.44749],[6.1793,46.42186],[6.19676,46.40787],[6.18398,46.40251],[6.17015,46.40369],[6.1582,46.41983],[6.14045,46.4262],[6.1055,46.4349],[6.09929,46.42497],[6.07461,46.43214]]]}},{"type":"Feature","properties":{"vogeId":5720,"vogeName":"Givrins"},"geometry":{"type":"Polygon","coordinates":[[[6.17781,46.43811],[6.16607,46.4447],[6.16669,46.44679],[6.18114,46.4483],[6.19008,46.4372],[6.19851,46.43879],[6.22339,46.42144],[6.21323,46.4179],[6.17781,46.43811]]]}},{"type":"Feature","properties":{"vogeId":5721,"vogeName":"Gland"},"geometry":{"type":"Polygon","coordinates":[[[6.25274,46.43385],[6.2682,46.43968],[6.27888,46.42949],[6.29745,46.42535],[6.29128,46.4226],[6.29035,46.41378],[6.28207,46.40534],[6.28269,46.39729],[6.27784,46.3953],[6.25541,46.41357],[6.25921,46.42272],[6.25274,46.43385]]]}},{"type":"Feature","properties":{"vogeId":5722,"vogeName":"Grens"},"geometry":{"type":"Polygon","coordinates":[[[6.19676,46.40787],[6.20578,46.40304],[6.20606,46.40066],[6.18878,46.38733],[6.17607,46.38854],[6.18634,46.39641],[6.18398,46.40251],[6.19676,46.40787]]]}},{"type":"Feature","properties":{"vogeId":5723,"vogeName":"Mies"},"geometry":{"type":"Polygon","coordinates":[[[6.14069,46.30484],[6.14343,46.31114],[6.18248,46.30397],[6.17661,46.29823],[6.17134,46.29579],[6.14069,46.30484]]]}},{"type":"Feature","properties":{"vogeId":5724,"vogeName":"Nyon"},"geometry":{"type":"Polygon","coordinates":[[[6.20578,46.40304],[6.21372,46.40641],[6.23664,46.39666],[6.24822,46.38603],[6.23342,46.3711],[6.22707,46.3664],[6.21425,46.37298],[6.2137,46.38731],[6.21414,46.39746],[6.20606,46.40066],[6.20578,46.40304]]]}},{"type":"Feature","properties":{"vogeId":5725,"vogeName":"Prangins"},"geometry":{"type":"Polygon","coordinates":[[[6.24646,46.41542],[6.25047,46.41546],[6.25541,46.41357],[6.27784,46.3953],[6.27416,46.39018],[6.26343,46.39276],[6.25898,46.39256],[6.24822,46.38603],[6.23664,46.39666],[6.24646,46.41542]]]}},{"type":"Feature","properties":{"vogeId":5726,"vogeName":"La Rippe"},"geometry":{"type":"Polygon","coordinates":[[[6.07461,46.43214],[6.09929,46.42497],[6.12145,46.42016],[6.16764,46.38755],[6.15848,46.37968],[6.14985,46.37749],[6.11801,46.39683],[6.10887,46.39732],[6.09503,46.40805],[6.06908,46.41327],[6.06388,46.41634],[6.07461,46.43214]]]}},{"type":"Feature","properties":{"vogeId":5727,"vogeName":"Saint-Cergue"},"geometry":{"type":"Polygon","coordinates":[[[6.097,46.48137],[6.11528,46.46307],[6.15813,46.46043],[6.18119,46.45547],[6.18114,46.4483],[6.16669,46.44679],[6.16607,46.4447],[6.17781,46.43811],[6.17217,46.43148],[6.18121,46.42606],[6.1793,46.42186],[6.09762,46.44749],[6.08378,46.43956],[6.07117,46.45374],[6.07311,46.46541],[6.097,46.48137]]]}},{"type":"Feature","properties":{"vogeId":5728,"vogeName":"Signy-Avenex"},"geometry":{"type":"Polygon","coordinates":[[[6.18878,46.38733],[6.20606,46.40066],[6.21414,46.39746],[6.2137,46.38731],[6.19059,46.38601],[6.18878,46.38733]]]}},{"type":"Feature","properties":{"vogeId":5729,"vogeName":"Tannay"},"geometry":{"type":"Polygon","coordinates":[[[6.14529,46.31699],[6.18003,46.3138],[6.18768,46.30985],[6.18248,46.30397],[6.14343,46.31114],[6.14529,46.31699]]]}},{"type":"Feature","properties":{"vogeId":5730,"vogeName":"Tr\u00e9lex"},"geometry":{"type":"Polygon","coordinates":[[[6.1793,46.42186],[6.18121,46.42606],[6.17217,46.43148],[6.17781,46.43811],[6.21323,46.4179],[6.21372,46.40641],[6.20578,46.40304],[6.19676,46.40787],[6.1793,46.42186]]]}},{"type":"Feature","properties":{"vogeId":5731,"vogeName":"Le Vaud"},"geometry":{"type":"Polygon","coordinates":[[[6.21685,46.48437],[6.24933,46.47725],[6.24835,46.46112],[6.24205,46.46404],[6.21941,46.47962],[6.21685,46.48437]]]}},{"type":"Feature","properties":{"vogeId":5732,"vogeName":"Vich"},"geometry":{"type":"Polygon","coordinates":[[[6.23219,46.44632],[6.23708,46.44682],[6.24809,46.43245],[6.25274,46.43385],[6.25921,46.42272],[6.25541,46.41357],[6.25047,46.41546],[6.25032,46.42218],[6.24051,46.43267],[6.23019,46.446],[6.23219,46.44632]]]}},{"type":"Feature","properties":{"vogeId":5741,"vogeName":"L'Abergement"},"geometry":{"type":"Polygon","coordinates":[[[6.44587,46.77079],[6.45445,46.76758],[6.49986,46.75886],[6.48981,46.7443],[6.47746,46.74599],[6.43899,46.76715],[6.44587,46.77079]]]}},{"type":"Feature","properties":{"vogeId":5742,"vogeName":"Agiez"},"geometry":{"type":"Polygon","coordinates":[[[6.4892,46.72818],[6.49412,46.72866],[6.49751,46.72705],[6.50468,46.72636],[6.50892,46.72744],[6.51543,46.7263],[6.52145,46.72799],[6.52473,46.70608],[6.51201,46.70403],[6.4885,46.71712],[6.4892,46.72818]]]}},{"type":"Feature","properties":{"vogeId":5743,"vogeName":"Arnex-sur-Orbe"},"geometry":{"type":"Polygon","coordinates":[[[6.51201,46.70403],[6.52473,46.70608],[6.5392,46.69754],[6.54862,46.69582],[6.54918,46.6894],[6.52414,46.68786],[6.49447,46.67016],[6.48817,46.67249],[6.49913,46.68542],[6.51201,46.70403]]]}},{"type":"Feature","properties":{"vogeId":5744,"vogeName":"Ballaigues"},"geometry":{"type":"Polygon","coordinates":[[[6.38163,46.73305],[6.39003,46.7388],[6.38702,46.7434],[6.39941,46.75142],[6.41708,46.75278],[6.43612,46.72891],[6.42972,46.72378],[6.41325,46.71886],[6.4081,46.71866],[6.40378,46.72251],[6.40041,46.72307],[6.38163,46.73305]]]}},{"type":"Feature","properties":{"vogeId":5745,"vogeName":"Baulmes"},"geometry":{"type":"Polygon","coordinates":[[[6.52862,46.80701],[6.55083,46.79255],[6.53409,46.77511],[6.51024,46.76745],[6.47491,46.77627],[6.45445,46.76758],[6.44587,46.77079],[6.4552,46.78744],[6.43477,46.80159],[6.44336,46.80988],[6.47194,46.79146],[6.52862,46.80701]]]}},{"type":"Feature","properties":{"vogeId":5746,"vogeName":"Bavois"},"geometry":{"type":"Polygon","coordinates":[[[6.54918,46.6894],[6.54862,46.69582],[6.56872,46.69821],[6.58055,46.68621],[6.58602,46.67969],[6.57959,46.66203],[6.57042,46.66225],[6.56031,46.66501],[6.55874,46.6653],[6.5498,46.66523],[6.54973,46.68269],[6.54918,46.6894]]]}},{"type":"Feature","properties":{"vogeId":5747,"vogeName":"Bofflens"},"geometry":{"type":"Polygon","coordinates":[[[6.4885,46.71712],[6.51201,46.70403],[6.49913,46.68542],[6.49486,46.68613],[6.49176,46.69745],[6.48347,46.69768],[6.4789,46.70316],[6.4885,46.71712]]]}},{"type":"Feature","properties":{"vogeId":5748,"vogeName":"Bretonni\u00e8res"},"geometry":{"type":"Polygon","coordinates":[[[6.45119,46.72517],[6.47266,46.72684],[6.47939,46.7257],[6.48521,46.7262],[6.4892,46.72818],[6.4885,46.71712],[6.4789,46.70316],[6.46528,46.70141],[6.45119,46.72517]]]}},{"type":"Feature","properties":{"vogeId":5749,"vogeName":"Chavornay"},"geometry":{"type":"Polygon","coordinates":[[[6.61851,46.70619],[6.63224,46.70047],[6.62635,46.69043],[6.62092,46.69457],[6.60288,46.68877],[6.58785,46.69134],[6.58055,46.68621],[6.56872,46.69821],[6.54862,46.69582],[6.5392,46.69754],[6.54121,46.71098],[6.57367,46.7387],[6.57854,46.74187],[6.59386,46.73631],[6.58428,46.71923],[6.58541,46.71849],[6.60766,46.71253],[6.60869,46.70433],[6.61429,46.70363],[6.61851,46.70619]]]}},{"type":"Feature","properties":{"vogeId":5750,"vogeName":"Les Cl\u00e9es"},"geometry":{"type":"Polygon","coordinates":[[[6.47746,46.74599],[6.48981,46.7443],[6.50329,46.74187],[6.49412,46.72866],[6.4892,46.72818],[6.48521,46.7262],[6.47939,46.7257],[6.47266,46.72684],[6.45119,46.72517],[6.43671,46.72131],[6.42972,46.72378],[6.43612,46.72891],[6.4474,46.73677],[6.47163,46.73385],[6.47746,46.74599]]]}},{"type":"Feature","properties":{"vogeId":5752,"vogeName":"Croy"},"geometry":{"type":"Polygon","coordinates":[[[6.48347,46.69768],[6.49176,46.69745],[6.49486,46.68613],[6.49913,46.68542],[6.48817,46.67249],[6.48457,46.67381],[6.47036,46.69279],[6.48347,46.69768]]]}},{"type":"Feature","properties":{"vogeId":5754,"vogeName":"Juriens"},"geometry":{"type":"Polygon","coordinates":[[[6.39045,46.67104],[6.4015,46.6898],[6.42672,46.69316],[6.45198,46.69413],[6.46337,46.68348],[6.45039,46.67128],[6.44896,46.66395],[6.44097,46.66045],[6.43958,46.67506],[6.42314,46.68089],[6.39759,46.67215],[6.39045,46.67104]]]}},{"type":"Feature","properties":{"vogeId":5755,"vogeName":"Lignerolle"},"geometry":{"type":"Polygon","coordinates":[[[6.41708,46.75278],[6.43417,46.76173],[6.43899,46.76715],[6.47746,46.74599],[6.47163,46.73385],[6.4474,46.73677],[6.43612,46.72891],[6.41708,46.75278]]]}},{"type":"Feature","properties":{"vogeId":5756,"vogeName":"Montcherand"},"geometry":{"type":"Polygon","coordinates":[[[6.50329,46.74187],[6.52754,46.73834],[6.52145,46.72799],[6.51543,46.7263],[6.50892,46.72744],[6.50468,46.72636],[6.49751,46.72705],[6.49412,46.72866],[6.50329,46.74187]]]}},{"type":"Feature","properties":{"vogeId":5757,"vogeName":"Orbe"},"geometry":{"type":"Polygon","coordinates":[[[6.5731,46.74631],[6.57872,46.74486],[6.57854,46.74187],[6.57367,46.7387],[6.54121,46.71098],[6.5392,46.69754],[6.52473,46.70608],[6.52145,46.72799],[6.52754,46.73834],[6.53746,46.74782],[6.56111,46.73995],[6.5731,46.74631]]]}},{"type":"Feature","properties":{"vogeId":5758,"vogeName":"La Praz"},"geometry":{"type":"Polygon","coordinates":[[[6.39759,46.67215],[6.42314,46.68089],[6.43958,46.67506],[6.44097,46.66045],[6.43478,46.65681],[6.39759,46.67215]]]}},{"type":"Feature","properties":{"vogeId":5759,"vogeName":"Premier"},"geometry":{"type":"Polygon","coordinates":[[[6.43671,46.72131],[6.45119,46.72517],[6.46528,46.70141],[6.42706,46.69883],[6.4225,46.70342],[6.40802,46.69971],[6.40502,46.70431],[6.43152,46.71171],[6.43671,46.72131]]]}},{"type":"Feature","properties":{"vogeId":5760,"vogeName":"Rances"},"geometry":{"type":"Polygon","coordinates":[[[6.45445,46.76758],[6.47491,46.77627],[6.51024,46.76745],[6.53409,46.77511],[6.54678,46.76655],[6.54446,46.75788],[6.50776,46.75579],[6.49986,46.75886],[6.45445,46.76758]]]}},{"type":"Feature","properties":{"vogeId":5761,"vogeName":"Romainm\u00f4tier-Envy"},"geometry":{"type":"Polygon","coordinates":[[[6.46528,46.70141],[6.4789,46.70316],[6.48347,46.69768],[6.47036,46.69279],[6.48457,46.67381],[6.47415,46.66849],[6.46562,46.67036],[6.4609,46.67122],[6.44896,46.66395],[6.45039,46.67128],[6.46337,46.68348],[6.45198,46.69413],[6.42672,46.69316],[6.42706,46.69883],[6.46528,46.70141]]]}},{"type":"Feature","properties":{"vogeId":5762,"vogeName":"Sergey"},"geometry":{"type":"Polygon","coordinates":[[[6.49986,46.75886],[6.50776,46.75579],[6.50329,46.74187],[6.48981,46.7443],[6.49986,46.75886]]]}},{"type":"Feature","properties":{"vogeId":5763,"vogeName":"Valeyres-sous-Rances"},"geometry":{"type":"Polygon","coordinates":[[[6.50776,46.75579],[6.54446,46.75788],[6.5493,46.74941],[6.5731,46.74631],[6.56111,46.73995],[6.53746,46.74782],[6.52754,46.73834],[6.50329,46.74187],[6.50776,46.75579]]]}},{"type":"Feature","properties":{"vogeId":5764,"vogeName":"Vallorbe"},"geometry":{"type":"Polygon","coordinates":[[[6.42972,46.72378],[6.43671,46.72131],[6.43152,46.71171],[6.40502,46.70431],[6.36893,46.69606],[6.35037,46.6841],[6.33692,46.68531],[6.30733,46.6989],[6.36013,46.72195],[6.36601,46.73037],[6.38163,46.73305],[6.40041,46.72307],[6.40378,46.72251],[6.4081,46.71866],[6.41325,46.71886],[6.42972,46.72378]]]}},{"type":"Feature","properties":{"vogeId":5765,"vogeName":"Vaulion"},"geometry":{"type":"Polygon","coordinates":[[[6.40502,46.70431],[6.40802,46.69971],[6.4225,46.70342],[6.42706,46.69883],[6.42672,46.69316],[6.4015,46.6898],[6.39045,46.67104],[6.36753,46.66515],[6.35023,46.66887],[6.35037,46.6841],[6.36893,46.69606],[6.40502,46.70431]]]}},{"type":"Feature","properties":{"vogeId":5766,"vogeName":"Vuiteboeuf"},"geometry":{"type":"Polygon","coordinates":[[[6.55801,46.81962],[6.56347,46.81474],[6.56948,46.80374],[6.57319,46.79646],[6.57298,46.79526],[6.55083,46.79255],[6.52862,46.80701],[6.55801,46.81962]]]}},{"type":"Feature","properties":{"vogeId":5785,"vogeName":"Corcelles-le-Jorat"},"geometry":{"type":"Polygon","coordinates":[[[6.73842,46.62386],[6.75071,46.62394],[6.74378,46.58912],[6.7358,46.58504],[6.72308,46.58436],[6.70977,46.59413],[6.71105,46.59876],[6.71462,46.59864],[6.7256,46.61318],[6.72851,46.6129],[6.73842,46.62386]]]}},{"type":"Feature","properties":{"vogeId":5790,"vogeName":"Maracon"},"geometry":{"type":"Polygon","coordinates":[[[6.87173,46.56968],[6.88631,46.56289],[6.89806,46.57055],[6.90239,46.56132],[6.89416,46.55874],[6.89194,46.55769],[6.88726,46.55692],[6.86845,46.5416],[6.86468,46.56069],[6.87173,46.56968]]]}},{"type":"Feature","properties":{"vogeId":5792,"vogeName":"Montpreveyres"},"geometry":{"type":"Polygon","coordinates":[[[6.74378,46.58912],[6.74868,46.59034],[6.75164,46.58603],[6.74903,46.58019],[6.74286,46.57374],[6.7181,46.57254],[6.7209,46.58047],[6.70637,46.58142],[6.70977,46.59413],[6.72308,46.58436],[6.7358,46.58504],[6.74378,46.58912]]]}},{"type":"Feature","properties":{"vogeId":5798,"vogeName":"Ropraz"},"geometry":{"type":"Polygon","coordinates":[[[6.75071,46.62394],[6.76112,46.63101],[6.76663,46.61955],[6.74868,46.59034],[6.74378,46.58912],[6.75071,46.62394]]]}},{"type":"Feature","properties":{"vogeId":5799,"vogeName":"Servion"},"geometry":{"type":"Polygon","coordinates":[[[6.74903,46.58019],[6.76876,46.57434],[6.77532,46.58543],[6.79923,46.58347],[6.79487,46.57524],[6.77606,46.56155],[6.76015,46.56623],[6.74829,46.56825],[6.74286,46.57374],[6.74903,46.58019]]]}},{"type":"Feature","properties":{"vogeId":5803,"vogeName":"Vulliens"},"geometry":{"type":"Polygon","coordinates":[[[6.79868,46.64944],[6.80473,46.64798],[6.80343,46.64469],[6.79724,46.63824],[6.80342,46.60768],[6.79837,46.59974],[6.79436,46.59912],[6.77986,46.61605],[6.78717,46.63952],[6.78996,46.64894],[6.79868,46.64944]]]}},{"type":"Feature","properties":{"vogeId":5804,"vogeName":"Jorat-Menthue"},"geometry":{"type":"Polygon","coordinates":[[[6.71105,46.59876],[6.70536,46.60664],[6.69899,46.63092],[6.70271,46.63692],[6.70875,46.65308],[6.71452,46.65595],[6.7156,46.65909],[6.74913,46.6599],[6.75879,46.65652],[6.76175,46.65206],[6.7409,46.6394],[6.73842,46.62386],[6.72851,46.6129],[6.7256,46.61318],[6.71462,46.59864],[6.71105,46.59876]]]}},{"type":"Feature","properties":{"vogeId":5805,"vogeName":"Oron"},"geometry":{"type":"Polygon","coordinates":[[[6.87173,46.56968],[6.86468,46.56069],[6.86845,46.5416],[6.8669,46.54055],[6.86471,46.53636],[6.86607,46.53443],[6.86322,46.52964],[6.86076,46.53037],[6.8583,46.53155],[6.85959,46.53574],[6.85646,46.53632],[6.85552,46.54094],[6.85083,46.54122],[6.83213,46.53768],[6.82383,46.54107],[6.81241,46.52593],[6.80411,46.52962],[6.81264,46.54459],[6.80322,46.54812],[6.79448,46.55136],[6.79063,46.55611],[6.77606,46.56155],[6.79487,46.57524],[6.79935,46.57407],[6.81314,46.57833],[6.81221,46.58116],[6.81417,46.58565],[6.82089,46.58389],[6.82543,46.5772],[6.83035,46.57618],[6.83483,46.57531],[6.84058,46.58012],[6.84235,46.58207],[6.85262,46.58197],[6.86382,46.57815],[6.86518,46.57621],[6.87173,46.56968]]]}},{"type":"Feature","properties":{"vogeId":5806,"vogeName":"Jorat-M\u00e9zi\u00e8res"},"geometry":{"type":"Polygon","coordinates":[[[6.79837,46.59974],[6.80113,46.59274],[6.79923,46.58347],[6.77532,46.58543],[6.76876,46.57434],[6.74903,46.58019],[6.75164,46.58603],[6.74868,46.59034],[6.76663,46.61955],[6.77986,46.61605],[6.79436,46.59912],[6.79837,46.59974]]]}},{"type":"Feature","properties":{"vogeId":5812,"vogeName":"Champtauroz"},"geometry":{"type":"Polygon","coordinates":[[[6.78226,46.76711],[6.78894,46.77103],[6.79756,46.76182],[6.7974,46.75704],[6.78631,46.74773],[6.77305,46.75138],[6.77656,46.75737],[6.78226,46.76711]]]}},{"type":"Feature","properties":{"vogeId":5813,"vogeName":"Chevroux"},"geometry":{"type":"Polygon","coordinates":[[[6.92299,46.90588],[6.92603,46.89262],[6.91088,46.88046],[6.89105,46.88723],[6.90176,46.894],[6.90173,46.89698],[6.92299,46.90588]]]}},{"type":"Feature","properties":{"vogeId":5816,"vogeName":"Corcelles-pr\u00e8s-Payerne"},"geometry":{"type":"Polygon","coordinates":[[[6.96869,46.86802],[6.9815,46.86733],[6.97265,46.85207],[6.98509,46.84063],[6.99235,46.83051],[6.97896,46.82299],[6.96523,46.82831],[6.95813,46.81933],[6.94753,46.82615],[6.95628,46.85111],[6.95012,46.86168],[6.95906,46.86604],[6.96869,46.86802]]]}},{"type":"Feature","properties":{"vogeId":5817,"vogeName":"Grandcour"},"geometry":{"type":"Polygon","coordinates":[[[6.92603,46.89262],[6.93864,46.88954],[6.95906,46.86604],[6.95012,46.86168],[6.92999,46.85398],[6.91735,46.86213],[6.92085,46.87125],[6.91088,46.88046],[6.92603,46.89262]]]}},{"type":"Feature","properties":{"vogeId":5819,"vogeName":"Henniez"},"geometry":{"type":"Polygon","coordinates":[[[6.89311,46.75127],[6.89683,46.73771],[6.89371,46.7362],[6.88202,46.74092],[6.87182,46.73057],[6.86665,46.73279],[6.88215,46.74973],[6.88547,46.75377],[6.89311,46.75127]]]}},{"type":"Feature","properties":{"vogeId":5821,"vogeName":"Missy"},"geometry":{"type":"Polygon","coordinates":[[[6.96227,46.88412],[6.97369,46.8873],[6.98727,46.87496],[6.98885,46.87348],[6.9815,46.86733],[6.96869,46.86802],[6.96227,46.88412]]]}},{"type":"Feature","properties":{"vogeId":5822,"vogeName":"Payerne"},"geometry":{"type":"Polygon","coordinates":[[[6.92999,46.85398],[6.95012,46.86168],[6.95628,46.85111],[6.94753,46.82615],[6.95813,46.81933],[6.96476,46.80547],[6.95839,46.79022],[6.93875,46.78148],[6.91696,46.78616],[6.92113,46.79603],[6.92604,46.79829],[6.93157,46.80578],[6.90754,46.81015],[6.90538,46.82387],[6.90774,46.83462],[6.91929,46.84721],[6.92999,46.85398]]]}},{"type":"Feature","properties":{"vogeId":5827,"vogeName":"Trey"},"geometry":{"type":"Polygon","coordinates":[[[6.91696,46.78616],[6.93875,46.78148],[6.92902,46.76741],[6.91428,46.76287],[6.90766,46.77463],[6.91097,46.77972],[6.91696,46.78616]]]}},{"type":"Feature","properties":{"vogeId":5828,"vogeName":"Treytorrens (Payerne)"},"geometry":{"type":"Polygon","coordinates":[[[6.79798,46.78287],[6.81439,46.77893],[6.81755,46.77715],[6.79756,46.76182],[6.78894,46.77103],[6.79798,46.78287]]]}},{"type":"Feature","properties":{"vogeId":5830,"vogeName":"Villarzel"},"geometry":{"type":"Polygon","coordinates":[[[6.89683,46.73771],[6.89311,46.75127],[6.91056,46.7533],[6.92178,46.75171],[6.93072,46.75384],[6.94132,46.74523],[6.93627,46.73446],[6.93541,46.73087],[6.92363,46.72186],[6.91936,46.72379],[6.92269,46.72664],[6.91502,46.73242],[6.91147,46.72942],[6.89683,46.73771]]]}},{"type":"Feature","properties":{"vogeId":5831,"vogeName":"Valbroye"},"geometry":{"type":"MultiPolygon","coordinates":[[[[6.89683,46.73771],[6.91147,46.72942],[6.91502,46.73242],[6.92269,46.72664],[6.91936,46.72379],[6.89802,46.70831],[6.88562,46.71736],[6.8666,46.71652],[6.86119,46.72022],[6.86226,46.72441],[6.86603,46.72801],[6.86399,46.73009],[6.86665,46.73279],[6.87182,46.73057],[6.88202,46.74092],[6.89371,46.7362],[6.89683,46.73771]]],[[[6.81755,46.77715],[6.82544,46.77317],[6.84308,46.77863],[6.85309,46.78555],[6.86408,46.78441],[6.87695,46.77597],[6.90533,46.78357],[6.91097,46.77972],[6.90766,46.77463],[6.91428,46.76287],[6.91056,46.7533],[6.89311,46.75127],[6.88547,46.75377],[6.88215,46.74973],[6.87244,46.75759],[6.86793,46.76025],[6.86297,46.76321],[6.85209,46.7745],[6.8463,46.77119],[6.83722,46.76129],[6.82903,46.75304],[6.81576,46.73804],[6.79362,46.73583],[6.78444,46.73548],[6.78631,46.74773],[6.7974,46.75704],[6.79756,46.76182],[6.81755,46.77715]]]]}},{"type":"Feature","properties":{"vogeId":5841,"vogeName":"Ch\u00e2teau-d'Oex"},"geometry":{"type":"Polygon","coordinates":[[[7.14457,46.52057],[7.17105,46.53272],[7.17578,46.52303],[7.16535,46.51226],[7.18439,46.49484],[7.17957,46.47737],[7.20018,46.45398],[7.19512,46.4395],[7.21126,46.41386],[7.19361,46.3789],[7.13777,46.38055],[7.11779,46.41109],[7.09638,46.4167],[7.07732,46.40426],[7.07185,46.42379],[7.04401,46.42564],[7.04088,46.42727],[7.01776,46.42196],[7.01456,46.43284],[7.02475,46.44034],[7.04724,46.43983],[7.09278,46.45863],[7.10738,46.47479],[7.10397,46.48643],[7.11038,46.4948],[7.13774,46.50562],[7.14457,46.52057]]]}},{"type":"Feature","properties":{"vogeId":5842,"vogeName":"Rossini\u00e8re"},"geometry":{"type":"Polygon","coordinates":[[[7.10397,46.48643],[7.10738,46.47479],[7.09278,46.45863],[7.04724,46.43983],[7.02475,46.44034],[7.02272,46.44317],[7.01757,46.44733],[7.02286,46.45377],[7.03103,46.4641],[7.03941,46.47487],[7.06273,46.4863],[7.07454,46.48633],[7.10397,46.48643]]]}},{"type":"Feature","properties":{"vogeId":5843,"vogeName":"Rougemont"},"geometry":{"type":"Polygon","coordinates":[[[7.17105,46.53272],[7.18953,46.54157],[7.1956,46.53039],[7.21187,46.53475],[7.22075,46.54507],[7.23679,46.55241],[7.24624,46.52885],[7.24917,46.52094],[7.24029,46.50869],[7.2241,46.48687],[7.22569,46.48075],[7.23248,46.4539],[7.2225,46.44209],[7.19512,46.4395],[7.20018,46.45398],[7.17957,46.47737],[7.18439,46.49484],[7.16535,46.51226],[7.17578,46.52303],[7.17105,46.53272]]]}},{"type":"Feature","properties":{"vogeId":5851,"vogeName":"Allaman"},"geometry":{"type":"Polygon","coordinates":[[[6.38735,46.47458],[6.40662,46.48043],[6.40631,46.47356],[6.39141,46.46044],[6.38487,46.46426],[6.3784,46.46465],[6.37814,46.46658],[6.38735,46.47458]]]}},{"type":"Feature","properties":{"vogeId":5852,"vogeName":"Bursinel"},"geometry":{"type":"Polygon","coordinates":[[[6.29906,46.44447],[6.31841,46.44556],[6.32002,46.44304],[6.31634,46.43823],[6.30934,46.43219],[6.29898,46.43775],[6.29906,46.44447]]]}},{"type":"Feature","properties":{"vogeId":5853,"vogeName":"Bursins"},"geometry":{"type":"Polygon","coordinates":[[[6.2711,46.46001],[6.27913,46.46994],[6.29906,46.44447],[6.29898,46.43775],[6.29028,46.43796],[6.28577,46.44061],[6.28658,46.44464],[6.2711,46.46001]]]}},{"type":"Feature","properties":{"vogeId":5854,"vogeName":"Burtigny"},"geometry":{"type":"Polygon","coordinates":[[[6.27694,46.48903],[6.28016,46.48443],[6.28273,46.47909],[6.27913,46.46994],[6.2711,46.46001],[6.26756,46.45893],[6.26535,46.45786],[6.24835,46.46112],[6.24933,46.47725],[6.26641,46.48131],[6.27694,46.48903]]]}},{"type":"Feature","properties":{"vogeId":5855,"vogeName":"Dully"},"geometry":{"type":"Polygon","coordinates":[[[6.29028,46.43796],[6.29898,46.43775],[6.30934,46.43219],[6.30717,46.42948],[6.29745,46.42535],[6.27888,46.42949],[6.29028,46.43796]]]}},{"type":"Feature","properties":{"vogeId":5856,"vogeName":"Essertines-sur-Rolle"},"geometry":{"type":"Polygon","coordinates":[[[6.31663,46.49913],[6.33091,46.49897],[6.3353,46.49155],[6.32567,46.4828],[6.32776,46.46759],[6.32429,46.46323],[6.31844,46.46586],[6.30726,46.47829],[6.30345,46.47915],[6.28273,46.47909],[6.28016,46.48443],[6.30592,46.48902],[6.31663,46.49913]]]}},{"type":"Feature","properties":{"vogeId":5857,"vogeName":"Gilly"},"geometry":{"type":"Polygon","coordinates":[[[6.28273,46.47909],[6.30345,46.47915],[6.3089,46.46383],[6.31921,46.46079],[6.31841,46.44556],[6.29906,46.44447],[6.27913,46.46994],[6.28273,46.47909]]]}},{"type":"Feature","properties":{"vogeId":5858,"vogeName":"Luins"},"geometry":{"type":"Polygon","coordinates":[[[6.26535,46.45786],[6.26756,46.45893],[6.27677,46.44499],[6.28577,46.44061],[6.29028,46.43796],[6.27888,46.42949],[6.2682,46.43968],[6.26535,46.45786]]]}},{"type":"Feature","properties":{"vogeId":5859,"vogeName":"Mont-sur-Rolle"},"geometry":{"type":"Polygon","coordinates":[[[6.3353,46.49155],[6.34827,46.47839],[6.34679,46.4745],[6.35011,46.46423],[6.32429,46.46323],[6.32776,46.46759],[6.32567,46.4828],[6.3353,46.49155]]]}},{"type":"Feature","properties":{"vogeId":5860,"vogeName":"Perroy"},"geometry":{"type":"Polygon","coordinates":[[[6.34827,46.47839],[6.35259,46.47395],[6.36299,46.47764],[6.37814,46.46658],[6.3784,46.46465],[6.35174,46.46096],[6.35011,46.46423],[6.34679,46.4745],[6.34827,46.47839]]]}},{"type":"Feature","properties":{"vogeId":5861,"vogeName":"Rolle"},"geometry":{"type":"Polygon","coordinates":[[[6.32429,46.46323],[6.35011,46.46423],[6.35174,46.46096],[6.34684,46.46091],[6.33979,46.45667],[6.33391,46.45034],[6.32002,46.44304],[6.31841,46.44556],[6.31921,46.46079],[6.32429,46.46323]]]}},{"type":"Feature","properties":{"vogeId":5862,"vogeName":"Tartegnin"},"geometry":{"type":"Polygon","coordinates":[[[6.30345,46.47915],[6.30726,46.47829],[6.31844,46.46586],[6.32429,46.46323],[6.31921,46.46079],[6.3089,46.46383],[6.30345,46.47915]]]}},{"type":"Feature","properties":{"vogeId":5863,"vogeName":"Vinzel"},"geometry":{"type":"Polygon","coordinates":[[[6.26756,46.45893],[6.2711,46.46001],[6.28658,46.44464],[6.28577,46.44061],[6.27677,46.44499],[6.26756,46.45893]]]}},{"type":"Feature","properties":{"vogeId":5871,"vogeName":"L'Abbaye"},"geometry":{"type":"Polygon","coordinates":[[[6.33692,46.68531],[6.35037,46.6841],[6.35023,46.66887],[6.34909,46.63662],[6.34914,46.63423],[6.32991,46.62375],[6.33256,46.61467],[6.3019,46.59541],[6.29876,46.58537],[6.25502,46.61448],[6.25833,46.61646],[6.2603,46.61857],[6.26365,46.61875],[6.26516,46.62115],[6.27069,46.6236],[6.27737,46.62501],[6.3131,46.64746],[6.32241,46.65129],[6.32437,46.65399],[6.32383,46.65831],[6.33018,46.66494],[6.32903,46.66672],[6.32566,46.66714],[6.33692,46.68531]]]}},{"type":"Feature","properties":{"vogeId":5872,"vogeName":"Le Chenit"},"geometry":{"type":"Polygon","coordinates":[[[6.21859,46.64485],[6.24133,46.62762],[6.25585,46.62763],[6.24667,46.61828],[6.24181,46.61584],[6.24166,46.6124],[6.24438,46.61094],[6.25055,46.61488],[6.25281,46.61371],[6.25502,46.61448],[6.29876,46.58537],[6.29305,46.58084],[6.2647,46.55995],[6.23871,46.54416],[6.22742,46.53015],[6.22177,46.52353],[6.21039,46.52355],[6.19349,46.53098],[6.17268,46.53344],[6.15656,46.54535],[6.15134,46.54902],[6.11049,46.57646],[6.15223,46.60545],[6.17194,46.61299],[6.21859,46.64485]]]}},{"type":"Feature","properties":{"vogeId":5873,"vogeName":"Le Lieu"},"geometry":{"type":"Polygon","coordinates":[[[6.30733,46.6989],[6.33692,46.68531],[6.32566,46.66714],[6.32017,46.66231],[6.28588,46.6448],[6.25585,46.62763],[6.24133,46.62762],[6.21859,46.64485],[6.2346,46.6586],[6.26703,46.67909],[6.2687,46.68433],[6.30733,46.6989]]]}},{"type":"Feature","properties":{"vogeId":5882,"vogeName":"Chardonne"},"geometry":{"type":"Polygon","coordinates":[[[6.82439,46.51212],[6.83018,46.51245],[6.83272,46.505],[6.84157,46.49087],[6.84018,46.47534],[6.83975,46.47399],[6.81346,46.4737],[6.81329,46.46878],[6.79879,46.47063],[6.79912,46.48019],[6.82439,46.51212]]]}},{"type":"Feature","properties":{"vogeId":5883,"vogeName":"Corseaux"},"geometry":{"type":"Polygon","coordinates":[[[6.81329,46.46878],[6.81346,46.4737],[6.83975,46.47399],[6.83558,46.46845],[6.83203,46.46679],[6.81329,46.46878]]]}},{"type":"Feature","properties":{"vogeId":5884,"vogeName":"Corsier-sur-Vevey"},"geometry":{"type":"Polygon","coordinates":[[[6.88169,46.51257],[6.8885,46.5226],[6.89768,46.51981],[6.89579,46.50771],[6.85225,46.47212],[6.84138,46.46788],[6.83558,46.46845],[6.83975,46.47399],[6.84018,46.47534],[6.85039,46.47897],[6.85826,46.49319],[6.88169,46.51257]]]}},{"type":"Feature","properties":{"vogeId":5885,"vogeName":"Jongny"},"geometry":{"type":"Polygon","coordinates":[[[6.83272,46.505],[6.83984,46.50593],[6.84822,46.49374],[6.85826,46.49319],[6.85039,46.47897],[6.84018,46.47534],[6.84157,46.49087],[6.83272,46.505]]]}},{"type":"Feature","properties":{"vogeId":5886,"vogeName":"Montreux"},"geometry":{"type":"Polygon","coordinates":[[[6.88564,46.45378],[6.92409,46.46306],[6.92618,46.47755],[6.95957,46.48218],[6.97978,46.46405],[6.98401,46.43795],[6.92338,46.42112],[6.92088,46.42589],[6.91707,46.42885],[6.91173,46.42808],[6.90815,46.4303],[6.90788,46.43478],[6.90093,46.43967],[6.89315,46.43844],[6.87886,46.44151],[6.8777,46.44583],[6.88564,46.45378]]]}},{"type":"Feature","properties":{"vogeId":5889,"vogeName":"La Tour-de-Peilz"},"geometry":{"type":"Polygon","coordinates":[[[6.86326,46.46367],[6.8695,46.46325],[6.88564,46.45378],[6.8777,46.44583],[6.8641,46.44755],[6.85784,46.44946],[6.85198,46.4563],[6.86326,46.46367]]]}},{"type":"Feature","properties":{"vogeId":5890,"vogeName":"Vevey"},"geometry":{"type":"Polygon","coordinates":[[[6.83558,46.46845],[6.84138,46.46788],[6.85225,46.47212],[6.86326,46.46367],[6.85198,46.4563],[6.8397,46.45832],[6.83455,46.46053],[6.83203,46.46679],[6.83558,46.46845]]]}},{"type":"Feature","properties":{"vogeId":5891,"vogeName":"Veytaux"},"geometry":{"type":"Polygon","coordinates":[[[7.01757,46.44733],[7.02272,46.44317],[6.93084,46.40832],[6.92338,46.42112],[6.98401,46.43795],[7.01757,46.44733]]]}},{"type":"Feature","properties":{"vogeId":5892,"vogeName":"Blonay - Saint-L\u00e9gier"},"geometry":{"type":"Polygon","coordinates":[[[6.98482,46.47452],[6.97978,46.46405],[6.95957,46.48218],[6.92618,46.47755],[6.92409,46.46306],[6.88564,46.45378],[6.8695,46.46325],[6.86326,46.46367],[6.85225,46.47212],[6.89579,46.50771],[6.90406,46.50625],[6.91157,46.51316],[6.93413,46.50908],[6.95292,46.50304],[6.95917,46.50143],[6.96476,46.50011],[6.96168,46.49592],[6.96572,46.49235],[6.9682,46.48878],[6.98482,46.47452]]]}},{"type":"Feature","properties":{"vogeId":5902,"vogeName":"Belmont-sur-Yverdon"},"geometry":{"type":"Polygon","coordinates":[[[6.61348,46.75646],[6.62955,46.76075],[6.63179,46.74584],[6.63682,46.73886],[6.63553,46.72049],[6.62331,46.71384],[6.61406,46.73318],[6.62077,46.74875],[6.61348,46.75646]]]}},{"type":"Feature","properties":{"vogeId":5903,"vogeName":"Bioley-Magnoux"},"geometry":{"type":"Polygon","coordinates":[[[6.69734,46.73494],[6.70782,46.73815],[6.72153,46.73435],[6.73148,46.7274],[6.73131,46.72262],[6.73004,46.71739],[6.70992,46.71562],[6.70302,46.72886],[6.69734,46.73494]]]}},{"type":"Feature","properties":{"vogeId":5904,"vogeName":"Chamblon"},"geometry":{"type":"Polygon","coordinates":[[[6.59176,46.78466],[6.60989,46.78583],[6.61624,46.78125],[6.5927,46.7672],[6.58691,46.7794],[6.59176,46.78466]]]}},{"type":"Feature","properties":{"vogeId":5905,"vogeName":"Champvent"},"geometry":{"type":"Polygon","coordinates":[[[6.55083,46.79255],[6.57298,46.79526],[6.57319,46.79646],[6.56948,46.80374],[6.58405,46.8043],[6.58459,46.79818],[6.59022,46.79688],[6.59348,46.7893],[6.59176,46.78466],[6.58691,46.7794],[6.5833,46.78071],[6.57649,46.77245],[6.55984,46.77635],[6.54678,46.76655],[6.53409,46.77511],[6.55083,46.79255]]]}},{"type":"Feature","properties":{"vogeId":5907,"vogeName":"Chavannes-le-Ch\u00eane"},"geometry":{"type":"Polygon","coordinates":[[[6.77819,46.78828],[6.78353,46.79174],[6.79798,46.78287],[6.78894,46.77103],[6.78226,46.76711],[6.77433,46.77452],[6.76378,46.77565],[6.76266,46.7761],[6.77819,46.78828]]]}},{"type":"Feature","properties":{"vogeId":5908,"vogeName":"Ch\u00eane-P\u00e2quier"},"geometry":{"type":"Polygon","coordinates":[[[6.76378,46.77565],[6.77433,46.77452],[6.78226,46.76711],[6.77656,46.75737],[6.7626,46.76296],[6.76378,46.77565]]]}},{"type":"Feature","properties":{"vogeId":5909,"vogeName":"Cheseaux-Nor\u00e9az"},"geometry":{"type":"Polygon","coordinates":[[[6.71765,46.80642],[6.72245,46.80018],[6.7051,46.78977],[6.69128,46.78431],[6.69333,46.78178],[6.67012,46.77461],[6.65988,46.78604],[6.66321,46.7877],[6.66971,46.78789],[6.67482,46.79136],[6.71765,46.80642]]]}},{"type":"Feature","properties":{"vogeId":5910,"vogeName":"Cronay"},"geometry":{"type":"Polygon","coordinates":[[[6.71026,46.77264],[6.72505,46.77258],[6.70483,46.74395],[6.6881,46.73921],[6.68271,46.73992],[6.67635,46.74645],[6.68852,46.75712],[6.71026,46.77264]]]}},{"type":"Feature","properties":{"vogeId":5911,"vogeName":"Cuarny"},"geometry":{"type":"Polygon","coordinates":[[[6.69333,46.78178],[6.69474,46.77702],[6.70455,46.78066],[6.71026,46.77264],[6.68852,46.75712],[6.67104,46.77298],[6.67012,46.77461],[6.69333,46.78178]]]}},{"type":"Feature","properties":{"vogeId":5912,"vogeName":"D\u00e9moret"},"geometry":{"type":"Polygon","coordinates":[[[6.7626,46.76296],[6.77656,46.75737],[6.77305,46.75138],[6.74866,46.73183],[6.74525,46.73584],[6.74225,46.74254],[6.7626,46.76296]]]}},{"type":"Feature","properties":{"vogeId":5913,"vogeName":"Donneloye"},"geometry":{"type":"Polygon","coordinates":[[[6.72505,46.77258],[6.73584,46.77011],[6.7361,46.76743],[6.7355,46.74489],[6.74225,46.74254],[6.74525,46.73584],[6.73148,46.7274],[6.72153,46.73435],[6.70782,46.73815],[6.69734,46.73494],[6.6881,46.73921],[6.70483,46.74395],[6.72505,46.77258]]]}},{"type":"Feature","properties":{"vogeId":5914,"vogeName":"Ependes (VD)"},"geometry":{"type":"Polygon","coordinates":[[[6.6025,46.75682],[6.6076,46.76029],[6.61348,46.75646],[6.62077,46.74875],[6.61406,46.73318],[6.59386,46.73631],[6.57854,46.74187],[6.57872,46.74486],[6.58963,46.74927],[6.6025,46.75682]]]}},{"type":"Feature","properties":{"vogeId":5919,"vogeName":"Mathod"},"geometry":{"type":"Polygon","coordinates":[[[6.54678,46.76655],[6.55984,46.77635],[6.57649,46.77245],[6.57353,46.76153],[6.58963,46.74927],[6.57872,46.74486],[6.5731,46.74631],[6.5493,46.74941],[6.54446,46.75788],[6.54678,46.76655]]]}},{"type":"Feature","properties":{"vogeId":5921,"vogeName":"Molondin"},"geometry":{"type":"Polygon","coordinates":[[[6.75298,46.77917],[6.76266,46.7761],[6.76378,46.77565],[6.7626,46.76296],[6.74225,46.74254],[6.7355,46.74489],[6.7361,46.76743],[6.73584,46.77011],[6.75298,46.77917]]]}},{"type":"Feature","properties":{"vogeId":5922,"vogeName":"Montagny-pr\u00e8s-Yverdon"},"geometry":{"type":"Polygon","coordinates":[[[6.62119,46.79487],[6.63664,46.79603],[6.63736,46.79305],[6.62754,46.78969],[6.61737,46.78051],[6.61624,46.78125],[6.60989,46.78583],[6.59176,46.78466],[6.59348,46.7893],[6.59022,46.79688],[6.62119,46.79487]]]}},{"type":"Feature","properties":{"vogeId":5923,"vogeName":"Oppens"},"geometry":{"type":"Polygon","coordinates":[[[6.70302,46.72886],[6.70992,46.71562],[6.70956,46.7092],[6.69999,46.70526],[6.69968,46.71138],[6.69452,46.71194],[6.69172,46.70401],[6.67593,46.71271],[6.70302,46.72886]]]}},{"type":"Feature","properties":{"vogeId":5924,"vogeName":"Orges"},"geometry":{"type":"Polygon","coordinates":[[[6.56347,46.81474],[6.59473,46.82378],[6.5968,46.80604],[6.58405,46.8043],[6.56948,46.80374],[6.56347,46.81474]]]}},{"type":"Feature","properties":{"vogeId":5925,"vogeName":"Orzens"},"geometry":{"type":"Polygon","coordinates":[[[6.68271,46.73992],[6.6881,46.73921],[6.69734,46.73494],[6.70302,46.72886],[6.67593,46.71271],[6.66652,46.71325],[6.66821,46.72087],[6.68271,46.73992]]]}},{"type":"Feature","properties":{"vogeId":5926,"vogeName":"Pomy"},"geometry":{"type":"Polygon","coordinates":[[[6.67104,46.77298],[6.68852,46.75712],[6.67635,46.74645],[6.66784,46.74624],[6.65089,46.75672],[6.6497,46.76164],[6.67104,46.77298]]]}},{"type":"Feature","properties":{"vogeId":5928,"vogeName":"Rovray"},"geometry":{"type":"Polygon","coordinates":[[[6.7769,46.8026],[6.7841,46.80055],[6.7739,46.79153],[6.77819,46.78828],[6.76266,46.7761],[6.75298,46.77917],[6.74842,46.78497],[6.76914,46.79509],[6.7769,46.8026]]]}},{"type":"Feature","properties":{"vogeId":5929,"vogeName":"Suchy"},"geometry":{"type":"Polygon","coordinates":[[[6.59386,46.73631],[6.61406,46.73318],[6.62331,46.71384],[6.61851,46.70619],[6.61429,46.70363],[6.60869,46.70433],[6.60766,46.71253],[6.58541,46.71849],[6.58428,46.71923],[6.59386,46.73631]]]}},{"type":"Feature","properties":{"vogeId":5930,"vogeName":"Susc\u00e9vaz"},"geometry":{"type":"Polygon","coordinates":[[[6.58691,46.7794],[6.5927,46.7672],[6.6025,46.75682],[6.58963,46.74927],[6.57353,46.76153],[6.57649,46.77245],[6.5833,46.78071],[6.58691,46.7794]]]}},{"type":"Feature","properties":{"vogeId":5931,"vogeName":"Treycovagnes"},"geometry":{"type":"Polygon","coordinates":[[[6.61624,46.78125],[6.61737,46.78051],[6.62039,46.77367],[6.60395,46.76475],[6.6076,46.76029],[6.6025,46.75682],[6.5927,46.7672],[6.61624,46.78125]]]}},{"type":"Feature","properties":{"vogeId":5932,"vogeName":"Ursins"},"geometry":{"type":"Polygon","coordinates":[[[6.66784,46.74624],[6.67635,46.74645],[6.68271,46.73992],[6.66821,46.72087],[6.65573,46.73228],[6.66784,46.74624]]]}},{"type":"Feature","properties":{"vogeId":5933,"vogeName":"Valeyres-sous-Montagny"},"geometry":{"type":"Polygon","coordinates":[[[6.58405,46.8043],[6.5968,46.80604],[6.61883,46.80247],[6.62119,46.79487],[6.59022,46.79688],[6.58459,46.79818],[6.58405,46.8043]]]}},{"type":"Feature","properties":{"vogeId":5934,"vogeName":"Valeyres-sous-Ursins"},"geometry":{"type":"Polygon","coordinates":[[[6.65089,46.75672],[6.66784,46.74624],[6.65573,46.73228],[6.64123,46.74352],[6.65089,46.75672]]]}},{"type":"Feature","properties":{"vogeId":5935,"vogeName":"Villars-Epeney"},"geometry":{"type":"Polygon","coordinates":[[[6.69333,46.78178],[6.69128,46.78431],[6.7051,46.78977],[6.70455,46.78066],[6.69474,46.77702],[6.69333,46.78178]]]}},{"type":"Feature","properties":{"vogeId":5937,"vogeName":"Vugelles-La Mothe"},"geometry":{"type":"Polygon","coordinates":[[[6.57861,46.83575],[6.59471,46.82527],[6.59473,46.82378],[6.56347,46.81474],[6.55801,46.81962],[6.57861,46.83575]]]}},{"type":"Feature","properties":{"vogeId":5938,"vogeName":"Yverdon-les-Bains"},"geometry":{"type":"Polygon","coordinates":[[[6.65089,46.75672],[6.64123,46.74352],[6.63682,46.73886],[6.63179,46.74584],[6.62955,46.76075],[6.61348,46.75646],[6.6076,46.76029],[6.60395,46.76475],[6.62039,46.77367],[6.61737,46.78051],[6.62754,46.78969],[6.63736,46.79305],[6.64302,46.78891],[6.64823,46.78521],[6.65988,46.78604],[6.67012,46.77461],[6.67104,46.77298],[6.6497,46.76164],[6.65089,46.75672]]]}},{"type":"Feature","properties":{"vogeId":5939,"vogeName":"Yvonand"},"geometry":{"type":"Polygon","coordinates":[[[6.71765,46.80642],[6.73132,46.8071],[6.7365,46.80579],[6.74119,46.80701],[6.74999,46.80259],[6.75873,46.80294],[6.76718,46.80896],[6.7769,46.8026],[6.76914,46.79509],[6.74842,46.78497],[6.75298,46.77917],[6.73584,46.77011],[6.72505,46.77258],[6.71026,46.77264],[6.70455,46.78066],[6.7051,46.78977],[6.72245,46.80018],[6.71765,46.80642]]]}},{"type":"Feature","properties":{"vogeId":6002,"vogeName":"Brig-Glis"},"geometry":{"type":"Polygon","coordinates":[[[8.00121,46.32419],[8.00272,46.3197],[8.00232,46.30269],[8.02127,46.28782],[8.03128,46.26911],[7.98246,46.24921],[7.95395,46.26143],[7.94527,46.28326],[7.93039,46.28288],[7.92676,46.29901],[7.91209,46.29758],[7.91058,46.30296],[7.95174,46.3095],[7.96556,46.31406],[7.97983,46.31937],[7.98584,46.31994],[8.00121,46.32419]]]}},{"type":"Feature","properties":{"vogeId":6004,"vogeName":"Eggerberg"},"geometry":{"type":"Polygon","coordinates":[[[7.88019,46.33517],[7.89045,46.33991],[7.89254,46.32363],[7.9054,46.32015],[7.90436,46.30343],[7.87927,46.30488],[7.86862,46.30596],[7.87044,46.31088],[7.88225,46.31546],[7.88031,46.32278],[7.88019,46.33517]]]}},{"type":"Feature","properties":{"vogeId":6007,"vogeName":"Naters"},"geometry":{"type":"Polygon","coordinates":[[[7.89378,46.419],[7.94056,46.44641],[7.96261,46.4696],[7.99154,46.46618],[8.06847,46.43234],[8.05421,46.41212],[8.01192,46.3916],[7.99621,46.35645],[8.00091,46.33762],[8.01327,46.3298],[8.01236,46.32727],[8.00879,46.32594],[8.00523,46.32551],[8.00121,46.32419],[7.98584,46.31994],[7.97983,46.31937],[7.96556,46.31406],[7.95174,46.3095],[7.91058,46.30296],[7.90436,46.30343],[7.9054,46.32015],[7.89254,46.32363],[7.89045,46.33991],[7.8843,46.34859],[7.89834,46.35301],[7.89821,46.36435],[7.91207,46.37236],[7.90912,46.39058],[7.90885,46.41177],[7.89378,46.419]]]}},{"type":"Feature","properties":{"vogeId":6008,"vogeName":"Ried-Brig"},"geometry":{"type":"Polygon","coordinates":[[[8.10332,46.31408],[8.12972,46.31124],[8.14093,46.30207],[8.1237,46.29157],[8.11623,46.28057],[8.10642,46.2772],[8.09877,46.26874],[8.08941,46.26581],[8.09024,46.26147],[8.08467,46.25942],[8.09151,46.25564],[8.107,46.25227],[8.08515,46.24374],[8.06228,46.24238],[8.03693,46.25819],[8.03128,46.26911],[8.02127,46.28782],[8.00232,46.30269],[8.00272,46.3197],[8.04923,46.32573],[8.05466,46.31466],[8.03791,46.30669],[8.03807,46.30102],[8.07166,46.30531],[8.08226,46.29973],[8.10234,46.30678],[8.10332,46.31408]]]}},{"type":"Feature","properties":{"vogeId":6009,"vogeName":"Simplon"},"geometry":{"type":"Polygon","coordinates":[[[8.03128,46.26911],[8.03693,46.25819],[8.06228,46.24238],[8.08515,46.24374],[8.11519,46.1967],[8.07402,46.18365],[8.0656,46.16475],[8.03615,46.1461],[8.0379,46.12385],[8.01725,46.11903],[8.01225,46.12772],[8.00473,46.14999],[8.0058,46.1676],[7.99328,46.17796],[7.99158,46.18558],[7.98005,46.22952],[7.98246,46.24921],[8.03128,46.26911]]]}},{"type":"Feature","properties":{"vogeId":6010,"vogeName":"Termen"},"geometry":{"type":"Polygon","coordinates":[[[8.02608,46.34287],[8.02766,46.34465],[8.08257,46.32599],[8.09216,46.32878],[8.10332,46.31408],[8.10234,46.30678],[8.08226,46.29973],[8.07166,46.30531],[8.03807,46.30102],[8.03791,46.30669],[8.05466,46.31466],[8.04923,46.32573],[8.00272,46.3197],[8.00121,46.32419],[8.00523,46.32551],[8.00879,46.32594],[8.01236,46.32727],[8.01327,46.3298],[8.01396,46.33204],[8.01509,46.33382],[8.01935,46.33738],[8.02292,46.33841],[8.02583,46.34048],[8.02608,46.34287]]]}},{"type":"Feature","properties":{"vogeId":6011,"vogeName":"Zwischbergen"},"geometry":{"type":"Polygon","coordinates":[[[8.08515,46.24374],[8.107,46.25227],[8.11482,46.23894],[8.12191,46.23785],[8.12802,46.22961],[8.14131,46.22788],[8.14995,46.21037],[8.15397,46.19542],[8.16562,46.18758],[8.16991,46.17725],[8.15265,46.16244],[8.15845,46.14822],[8.14855,46.13635],[8.13854,46.13327],[8.13014,46.13482],[8.11855,46.12877],[8.11441,46.11611],[8.09925,46.10724],[8.06999,46.10413],[8.05157,46.0996],[8.03452,46.0985],[8.01725,46.11903],[8.0379,46.12385],[8.03615,46.1461],[8.0656,46.16475],[8.07402,46.18365],[8.11519,46.1967],[8.08515,46.24374]]]}},{"type":"Feature","properties":{"vogeId":6021,"vogeName":"Ardon"},"geometry":{"type":"Polygon","coordinates":[[[7.21945,46.26194],[7.23677,46.25958],[7.24838,46.23901],[7.25044,46.2211],[7.28245,46.19921],[7.26761,46.19307],[7.24409,46.19751],[7.24562,46.20602],[7.22313,46.22762],[7.19513,46.24025],[7.21945,46.26194]]]}},{"type":"Feature","properties":{"vogeId":6022,"vogeName":"Chamoson"},"geometry":{"type":"Polygon","coordinates":[[[7.1268,46.23724],[7.14698,46.24013],[7.16808,46.23615],[7.19513,46.24025],[7.22313,46.22762],[7.24562,46.20602],[7.24409,46.19751],[7.26761,46.19307],[7.25035,46.18409],[7.2426,46.18198],[7.23396,46.18047],[7.23065,46.17748],[7.22732,46.17763],[7.22377,46.17852],[7.22037,46.19672],[7.17801,46.20155],[7.1268,46.23724]]]}},{"type":"Feature","properties":{"vogeId":6023,"vogeName":"Conthey"},"geometry":{"type":"Polygon","coordinates":[[[7.20058,46.31279],[7.30189,46.31192],[7.32636,46.29941],[7.33039,46.28046],[7.31026,46.24835],[7.31163,46.23238],[7.3128,46.20999],[7.30859,46.20835],[7.30194,46.20416],[7.291,46.23146],[7.27991,46.23308],[7.26063,46.225],[7.26124,46.24141],[7.24828,46.26721],[7.23318,46.26987],[7.21945,46.26194],[7.19513,46.24025],[7.16808,46.23615],[7.14698,46.24013],[7.16707,46.26048],[7.20782,46.28236],[7.19395,46.30323],[7.20058,46.31279]]]}},{"type":"Feature","properties":{"vogeId":6024,"vogeName":"Nendaz"},"geometry":{"type":"Polygon","coordinates":[[[7.3128,46.20999],[7.31767,46.21074],[7.32677,46.20971],[7.33297,46.21046],[7.33652,46.21211],[7.34186,46.2048],[7.33499,46.20225],[7.32946,46.19255],[7.34764,46.19346],[7.36806,46.17795],[7.36365,46.16019],[7.35789,46.1572],[7.34885,46.13152],[7.36575,46.08407],[7.35227,46.07138],[7.35406,46.06049],[7.28208,46.09667],[7.27693,46.11532],[7.29151,46.12833],[7.29276,46.15564],[7.26127,46.16589],[7.2528,46.17961],[7.25035,46.18409],[7.26761,46.19307],[7.28245,46.19921],[7.29463,46.20102],[7.30194,46.20416],[7.30859,46.20835],[7.3128,46.20999]]]}},{"type":"Feature","properties":{"vogeId":6025,"vogeName":"V\u00e9troz"},"geometry":{"type":"Polygon","coordinates":[[[7.21945,46.26194],[7.23318,46.26987],[7.24828,46.26721],[7.26124,46.24141],[7.26063,46.225],[7.27991,46.23308],[7.291,46.23146],[7.30194,46.20416],[7.29463,46.20102],[7.28245,46.19921],[7.25044,46.2211],[7.24838,46.23901],[7.23677,46.25958],[7.21945,46.26194]]]}},{"type":"Feature","properties":{"vogeId":6032,"vogeName":"Bourg-Saint-Pierre"},"geometry":{"type":"Polygon","coordinates":[[[7.13747,45.914],[7.16146,45.92436],[7.17122,45.95841],[7.19042,45.9598],[7.20228,45.97311],[7.26459,45.95874],[7.26728,45.94591],[7.30063,45.9376],[7.29384,45.91789],[7.28878,45.9152],[7.27933,45.90071],[7.26064,45.88665],[7.2527,45.8853],[7.24872,45.89111],[7.23771,45.88751],[7.22866,45.88958],[7.21985,45.88718],[7.21701,45.88195],[7.20271,45.8752],[7.20276,45.86252],[7.19198,45.85832],[7.17522,45.8629],[7.16108,45.86944],[7.16016,45.876],[7.15421,45.87703],[7.13747,45.914]]]}},{"type":"Feature","properties":{"vogeId":6033,"vogeName":"Liddes"},"geometry":{"type":"Polygon","coordinates":[[[7.13747,45.914],[7.12527,45.92665],[7.14253,45.95834],[7.15027,45.99612],[7.14536,46.0064],[7.1687,46.02154],[7.18816,46.01979],[7.19629,46.0307],[7.23217,46.00943],[7.24152,45.99199],[7.26849,45.98203],[7.26459,45.95874],[7.20228,45.97311],[7.19042,45.9598],[7.17122,45.95841],[7.16146,45.92436],[7.13747,45.914]]]}},{"type":"Feature","properties":{"vogeId":6034,"vogeName":"Orsi\u00e8res"},"geometry":{"type":"Polygon","coordinates":[[[7.05109,46.02731],[7.06522,46.03005],[7.08584,46.05339],[7.10615,46.05973],[7.11217,46.05198],[7.14728,46.06014],[7.18358,46.05276],[7.19629,46.0307],[7.18816,46.01979],[7.1687,46.02154],[7.14536,46.0064],[7.15027,45.99612],[7.14253,45.95834],[7.12527,45.92665],[7.13747,45.914],[7.15421,45.87703],[7.13837,45.87117],[7.1351,45.86504],[7.11751,45.85753],[7.10298,45.85614],[7.09434,45.86418],[7.089,45.87207],[7.09228,45.87656],[7.07833,45.88547],[7.07498,45.89247],[7.06303,45.8987],[7.06097,45.91004],[7.0417,45.92146],[7.03319,45.93755],[7.0344,45.95382],[7.01714,45.95868],[7.00845,45.96895],[7.01215,45.97598],[7.02227,45.98049],[7.05378,45.9912],[7.03798,46.00667],[7.0414,46.02265],[7.05109,46.02731]]]}},{"type":"Feature","properties":{"vogeId":6035,"vogeName":"Sembrancher"},"geometry":{"type":"Polygon","coordinates":[[[7.10311,46.08569],[7.11969,46.08827],[7.1244,46.07814],[7.13257,46.0795],[7.15514,46.08031],[7.15868,46.07912],[7.17439,46.07916],[7.18257,46.08097],[7.19075,46.08129],[7.19299,46.07472],[7.18358,46.05276],[7.14728,46.06014],[7.11217,46.05198],[7.10615,46.05973],[7.10311,46.08569]]]}},{"type":"Feature","properties":{"vogeId":6037,"vogeName":"Val de Bagnes"},"geometry":{"type":"Polygon","coordinates":[[[7.22399,46.12344],[7.2446,46.11915],[7.26792,46.09591],[7.28208,46.09667],[7.35406,46.06049],[7.35828,46.04467],[7.36868,46.03781],[7.37048,46.01632],[7.3875,46.01051],[7.40364,45.99574],[7.43169,45.99097],[7.43324,45.9844],[7.4551,45.99112],[7.46725,45.985],[7.48997,45.9535],[7.47849,45.95111],[7.47429,45.94679],[7.47715,45.9341],[7.46259,45.93366],[7.45553,45.92978],[7.44648,45.92888],[7.43655,45.91784],[7.41274,45.9059],[7.40259,45.90813],[7.39554,45.89932],[7.38364,45.89424],[7.36776,45.9017],[7.35805,45.90229],[7.35231,45.9096],[7.34216,45.91227],[7.32519,45.90689],[7.31746,45.91001],[7.31348,45.91523],[7.29384,45.91789],[7.30063,45.9376],[7.26728,45.94591],[7.26459,45.95874],[7.26849,45.98203],[7.24152,45.99199],[7.23217,46.00943],[7.19629,46.0307],[7.18358,46.05276],[7.19299,46.07472],[7.19075,46.08129],[7.18257,46.08097],[7.17439,46.07916],[7.15868,46.07912],[7.15514,46.08031],[7.13257,46.0795],[7.1244,46.07814],[7.11969,46.08827],[7.10311,46.08569],[7.09822,46.09015],[7.1393,46.10385],[7.15075,46.11403],[7.19658,46.11413],[7.22399,46.12344]]]}},{"type":"Feature","properties":{"vogeId":6052,"vogeName":"Bellwald"},"geometry":{"type":"Polygon","coordinates":[[[8.16213,46.47626],[8.16163,46.47194],[8.16022,46.46687],[8.17885,46.44377],[8.1731,46.43052],[8.1652,46.42236],[8.16782,46.41861],[8.1595,46.4127],[8.15414,46.41124],[8.14875,46.40724],[8.14575,46.41607],[8.15298,46.42453],[8.13367,46.4642],[8.16213,46.47626]]]}},{"type":"Feature","properties":{"vogeId":6054,"vogeName":"Binn"},"geometry":{"type":"Polygon","coordinates":[[[8.26988,46.4106],[8.291,46.4088],[8.30295,46.40423],[8.31188,46.40595],[8.3191,46.39829],[8.31804,46.38815],[8.31542,46.37697],[8.28516,46.36257],[8.27231,46.36551],[8.26532,46.35929],[8.26856,46.35344],[8.26929,46.34284],[8.25264,46.3443],[8.24831,46.33732],[8.22514,46.33345],[8.22655,46.32344],[8.21736,46.31784],[8.21633,46.30799],[8.20714,46.30253],[8.1833,46.33015],[8.17302,46.34231],[8.17525,46.35901],[8.15514,46.36884],[8.18359,46.38329],[8.21527,46.38994],[8.26988,46.4106]]]}},{"type":"Feature","properties":{"vogeId":6056,"vogeName":"Ernen"},"geometry":{"type":"Polygon","coordinates":[[[8.15514,46.36884],[8.13842,46.38283],[8.11317,46.37403],[8.10588,46.3784],[8.11261,46.38269],[8.11998,46.38518],[8.1254,46.39142],[8.12698,46.39275],[8.12944,46.39408],[8.14875,46.40724],[8.15414,46.41124],[8.1595,46.4127],[8.16782,46.41861],[8.1652,46.42236],[8.1731,46.43052],[8.17905,46.42615],[8.18019,46.42809],[8.18559,46.43163],[8.18804,46.43221],[8.20844,46.40999],[8.2214,46.41363],[8.24025,46.4235],[8.24779,46.4218],[8.25116,46.42417],[8.26988,46.4106],[8.21527,46.38994],[8.18359,46.38329],[8.15514,46.36884]]]}},{"type":"Feature","properties":{"vogeId":6057,"vogeName":"Fiesch"},"geometry":{"type":"Polygon","coordinates":[[[8.09336,46.42817],[8.11898,46.42981],[8.14575,46.41607],[8.14875,46.40724],[8.12944,46.39408],[8.12698,46.39275],[8.1254,46.39142],[8.08345,46.41898],[8.09336,46.42817]]]}},{"type":"Feature","properties":{"vogeId":6058,"vogeName":"Fieschertal"},"geometry":{"type":"Polygon","coordinates":[[[7.9974,46.55839],[8.02135,46.56558],[8.06116,46.55223],[8.07302,46.555],[8.1171,46.54654],[8.12791,46.53633],[8.17425,46.53141],[8.18438,46.52224],[8.18984,46.51385],[8.18439,46.50657],[8.16599,46.49803],[8.16213,46.47626],[8.13367,46.4642],[8.15298,46.42453],[8.14575,46.41607],[8.11898,46.42981],[8.09336,46.42817],[8.07552,46.44544],[8.02197,46.47737],[8.00815,46.47714],[7.99154,46.46618],[7.96261,46.4696],[7.92964,46.49497],[7.94179,46.50671],[7.96771,46.51286],[7.97495,46.52342],[7.96284,46.5393],[7.9716,46.54552],[7.98771,46.54933],[7.9974,46.55839]]]}},{"type":"Feature","properties":{"vogeId":6061,"vogeName":"Lax"},"geometry":{"type":"Polygon","coordinates":[[[8.08345,46.41898],[8.1254,46.39142],[8.11998,46.38518],[8.11261,46.38269],[8.10588,46.3784],[8.10552,46.38527],[8.09792,46.40083],[8.07825,46.41214],[8.08345,46.41898]]]}},{"type":"Feature","properties":{"vogeId":6076,"vogeName":"Obergoms"},"geometry":{"type":"Polygon","coordinates":[[[8.37166,46.63385],[8.39112,46.64742],[8.41452,46.65528],[8.4247,46.64952],[8.42228,46.6273],[8.40612,46.58609],[8.42529,46.54757],[8.47758,46.5277],[8.44285,46.49547],[8.39223,46.49471],[8.3915,46.45338],[8.3803,46.44959],[8.36339,46.45092],[8.34305,46.43347],[8.32331,46.42482],[8.30596,46.42585],[8.30952,46.43926],[8.32347,46.44811],[8.31574,46.46608],[8.32024,46.46858],[8.35566,46.48143],[8.33989,46.49798],[8.3111,46.49581],[8.30586,46.50302],[8.29418,46.49773],[8.25745,46.53069],[8.28212,46.53947],[8.31268,46.55252],[8.3439,46.56422],[8.36475,46.58256],[8.37166,46.63385]]]}},{"type":"Feature","properties":{"vogeId":6077,"vogeName":"Goms"},"geometry":{"type":"Polygon","coordinates":[[[8.1731,46.43052],[8.17885,46.44377],[8.16022,46.46687],[8.16163,46.47194],[8.16213,46.47626],[8.16599,46.49803],[8.18439,46.50657],[8.18984,46.51385],[8.18438,46.52224],[8.23732,46.52755],[8.25745,46.53069],[8.29418,46.49773],[8.30586,46.50302],[8.3111,46.49581],[8.33989,46.49798],[8.35566,46.48143],[8.32024,46.46858],[8.31574,46.46608],[8.32347,46.44811],[8.30952,46.43926],[8.30596,46.42585],[8.291,46.4088],[8.26988,46.4106],[8.25116,46.42417],[8.24779,46.4218],[8.24025,46.4235],[8.2214,46.41363],[8.20844,46.40999],[8.18804,46.43221],[8.18559,46.43163],[8.18019,46.42809],[8.17905,46.42615],[8.1731,46.43052]]]}},{"type":"Feature","properties":{"vogeId":6082,"vogeName":"Ayent"},"geometry":{"type":"Polygon","coordinates":[[[7.38226,46.36527],[7.39983,46.37408],[7.43875,46.38618],[7.4581,46.37677],[7.42208,46.35797],[7.44586,46.32722],[7.41789,46.26842],[7.41101,46.25946],[7.41634,46.25439],[7.40325,46.2523],[7.39125,46.26662],[7.39746,46.27602],[7.38855,46.30184],[7.39654,46.30647],[7.38319,46.3299],[7.35917,46.34048],[7.3596,46.35287],[7.38226,46.36527]]]}},{"type":"Feature","properties":{"vogeId":6083,"vogeName":"Evol\u00e8ne"},"geometry":{"type":"Polygon","coordinates":[[[7.42946,46.11514],[7.44584,46.1232],[7.46068,46.14529],[7.47154,46.14693],[7.47397,46.13499],[7.52027,46.14481],[7.57594,46.08611],[7.5951,46.05534],[7.60881,46.05457],[7.61206,46.03427],[7.60201,46.0019],[7.57547,45.98745],[7.56331,45.98374],[7.54896,45.98375],[7.5432,45.97376],[7.54736,45.95883],[7.53897,45.95346],[7.52462,45.95571],[7.51778,45.95945],[7.50851,45.95826],[7.49814,45.95961],[7.48997,45.9535],[7.46725,45.985],[7.4551,45.99112],[7.43324,45.9844],[7.43169,45.99097],[7.44273,45.99828],[7.43434,46.01231],[7.42748,46.03962],[7.43411,46.06037],[7.42946,46.11514]]]}},{"type":"Feature","properties":{"vogeId":6084,"vogeName":"H\u00e9r\u00e9mence"},"geometry":{"type":"Polygon","coordinates":[[[7.36365,46.16019],[7.37362,46.15811],[7.38491,46.17184],[7.3922,46.18901],[7.41459,46.18872],[7.41947,46.18021],[7.42612,46.17529],[7.43322,46.16902],[7.41882,46.15275],[7.42946,46.11514],[7.43411,46.06037],[7.42748,46.03962],[7.43434,46.01231],[7.44273,45.99828],[7.43169,45.99097],[7.40364,45.99574],[7.3875,46.01051],[7.37048,46.01632],[7.36868,46.03781],[7.35828,46.04467],[7.35406,46.06049],[7.35227,46.07138],[7.36575,46.08407],[7.34885,46.13152],[7.35789,46.1572],[7.36365,46.16019]]]}},{"type":"Feature","properties":{"vogeId":6087,"vogeName":"Saint-Martin (VS)"},"geometry":{"type":"Polygon","coordinates":[[[7.41459,46.18872],[7.41415,46.19021],[7.44984,46.1923],[7.48862,46.17886],[7.50257,46.16229],[7.5172,46.16616],[7.52027,46.14481],[7.47397,46.13499],[7.47154,46.14693],[7.46068,46.14529],[7.44584,46.1232],[7.42946,46.11514],[7.41882,46.15275],[7.43322,46.16902],[7.42612,46.17529],[7.41947,46.18021],[7.41459,46.18872]]]}},{"type":"Feature","properties":{"vogeId":6089,"vogeName":"Vex"},"geometry":{"type":"Polygon","coordinates":[[[7.40881,46.2226],[7.41326,46.19991],[7.41415,46.19021],[7.41459,46.18872],[7.3922,46.18901],[7.38491,46.17184],[7.37362,46.15811],[7.36365,46.16019],[7.36806,46.17795],[7.38088,46.20318],[7.37909,46.21661],[7.40881,46.2226]]]}},{"type":"Feature","properties":{"vogeId":6090,"vogeName":"Mont-Noble"},"geometry":{"type":"Polygon","coordinates":[[[7.41415,46.19021],[7.41326,46.19991],[7.40881,46.2226],[7.42522,46.23469],[7.45562,46.23932],[7.46427,46.22887],[7.48622,46.22423],[7.50018,46.209],[7.529,46.20436],[7.53409,46.1948],[7.52499,46.18869],[7.5172,46.16616],[7.50257,46.16229],[7.48862,46.17886],[7.44984,46.1923],[7.41415,46.19021]]]}},{"type":"Feature","properties":{"vogeId":6101,"vogeName":"Agarn"},"geometry":{"type":"Polygon","coordinates":[[[7.68424,46.30681],[7.6784,46.29279],[7.67948,46.28548],[7.67281,46.28355],[7.66533,46.24864],[7.65376,46.23911],[7.64335,46.24421],[7.64269,46.24779],[7.66009,46.26821],[7.66042,46.29701],[7.68424,46.30681]]]}},{"type":"Feature","properties":{"vogeId":6102,"vogeName":"Albinen"},"geometry":{"type":"Polygon","coordinates":[[[7.61843,46.36066],[7.65141,46.37732],[7.67076,46.37624],[7.66863,46.34595],[7.6566,46.3397],[7.62834,46.33229],[7.61843,46.36066]]]}},{"type":"Feature","properties":{"vogeId":6104,"vogeName":"Ergisch"},"geometry":{"type":"Polygon","coordinates":[[[7.74566,46.28696],[7.75228,46.27918],[7.73515,46.27296],[7.74637,46.25547],[7.75098,46.2459],[7.74026,46.23325],[7.75726,46.21962],[7.75383,46.20187],[7.74983,46.20038],[7.70599,46.21318],[7.71354,46.25794],[7.70897,46.27676],[7.70062,46.29558],[7.7293,46.30118],[7.73989,46.28698],[7.74566,46.28696]]]}},{"type":"Feature","properties":{"vogeId":6109,"vogeName":"Inden"},"geometry":{"type":"Polygon","coordinates":[[[7.57198,46.37013],[7.58024,46.3843],[7.59826,46.38353],[7.60598,46.35949],[7.61843,46.36066],[7.62834,46.33229],[7.6221,46.32842],[7.57198,46.37013]]]}},{"type":"Feature","properties":{"vogeId":6110,"vogeName":"Leuk"},"geometry":{"type":"Polygon","coordinates":[[[7.70282,46.38244],[7.71228,46.36107],[7.70848,46.35705],[7.704,46.35184],[7.70327,46.33811],[7.69828,46.31693],[7.69736,46.31007],[7.68424,46.30681],[7.66042,46.29701],[7.66009,46.26821],[7.64269,46.24779],[7.62318,46.2523],[7.58841,46.27743],[7.58493,46.30728],[7.59071,46.30742],[7.5956,46.30906],[7.6005,46.31263],[7.60561,46.31412],[7.62228,46.31529],[7.6221,46.32842],[7.62834,46.33229],[7.6566,46.3397],[7.66346,46.33208],[7.65475,46.32165],[7.66651,46.31864],[7.67516,46.31414],[7.68858,46.33367],[7.68861,46.34128],[7.67795,46.3425],[7.68386,46.37084],[7.70282,46.38244]]]}},{"type":"Feature","properties":{"vogeId":6111,"vogeName":"Leukerbad"},"geometry":{"type":"Polygon","coordinates":[[[7.56007,46.41567],[7.58344,46.414],[7.59947,46.41562],[7.61066,46.4359],[7.62606,46.44498],[7.69212,46.42679],[7.70498,46.41602],[7.69261,46.38739],[7.67076,46.37624],[7.65141,46.37732],[7.61843,46.36066],[7.60598,46.35949],[7.59826,46.38353],[7.58024,46.3843],[7.56578,46.38387],[7.55534,46.38895],[7.5262,46.39689],[7.53401,46.40972],[7.56007,46.41567]]]}},{"type":"Feature","properties":{"vogeId":6112,"vogeName":"Oberems"},"geometry":{"type":"Polygon","coordinates":[[[7.67948,46.28548],[7.69592,46.28723],[7.70075,46.27558],[7.70897,46.27676],[7.71354,46.25794],[7.70599,46.21318],[7.74983,46.20038],[7.73583,46.19475],[7.73532,46.14072],[7.74429,46.12219],[7.70949,46.11303],[7.67394,46.13385],[7.67319,46.16579],[7.65818,46.18164],[7.66189,46.22044],[7.65376,46.23911],[7.66533,46.24864],[7.67281,46.28355],[7.67948,46.28548]]]}},{"type":"Feature","properties":{"vogeId":6113,"vogeName":"Salgesch"},"geometry":{"type":"Polygon","coordinates":[[[7.55009,46.32478],[7.57188,46.33103],[7.57547,46.34222],[7.59433,46.33175],[7.58493,46.30728],[7.58841,46.27743],[7.58063,46.27594],[7.56625,46.2985],[7.56337,46.30313],[7.55894,46.30925],[7.55009,46.32478]]]}},{"type":"Feature","properties":{"vogeId":6116,"vogeName":"Varen"},"geometry":{"type":"Polygon","coordinates":[[[7.57547,46.34222],[7.57305,46.35207],[7.55882,46.35537],[7.5613,46.36731],[7.57198,46.37013],[7.6221,46.32842],[7.62228,46.31529],[7.60561,46.31412],[7.6005,46.31263],[7.5956,46.30906],[7.59071,46.30742],[7.58493,46.30728],[7.59433,46.33175],[7.57547,46.34222]]]}},{"type":"Feature","properties":{"vogeId":6117,"vogeName":"Guttet-Feschel"},"geometry":{"type":"Polygon","coordinates":[[[7.69261,46.38739],[7.70282,46.38244],[7.68386,46.37084],[7.67795,46.3425],[7.68861,46.34128],[7.68858,46.33367],[7.67516,46.31414],[7.66651,46.31864],[7.65475,46.32165],[7.66346,46.33208],[7.6566,46.3397],[7.66863,46.34595],[7.67076,46.37624],[7.69261,46.38739]]]}},{"type":"Feature","properties":{"vogeId":6118,"vogeName":"Gampel-Bratsch"},"geometry":{"type":"Polygon","coordinates":[[[7.71228,46.36107],[7.72922,46.36835],[7.75676,46.36185],[7.74385,46.32129],[7.74466,46.30607],[7.71713,46.30972],[7.70736,46.31064],[7.69736,46.31007],[7.69828,46.31693],[7.70327,46.33811],[7.704,46.35184],[7.70848,46.35705],[7.71228,46.36107]]]}},{"type":"Feature","properties":{"vogeId":6119,"vogeName":"Turtmann-Unterems"},"geometry":{"type":"Polygon","coordinates":[[[7.69736,46.31007],[7.70736,46.31064],[7.71713,46.30972],[7.74466,46.30607],[7.74441,46.30159],[7.74566,46.28696],[7.73989,46.28698],[7.7293,46.30118],[7.70062,46.29558],[7.70897,46.27676],[7.70075,46.27558],[7.69592,46.28723],[7.67948,46.28548],[7.6784,46.29279],[7.68424,46.30681],[7.69736,46.31007]]]}},{"type":"Feature","properties":{"vogeId":6131,"vogeName":"Bovernier"},"geometry":{"type":"Polygon","coordinates":[[[7.09822,46.09015],[7.10311,46.08569],[7.10615,46.05973],[7.08584,46.05339],[7.06522,46.03005],[7.05109,46.02731],[7.05693,46.04494],[7.07607,46.06023],[7.0627,46.07451],[7.07236,46.08469],[7.09822,46.09015]]]}},{"type":"Feature","properties":{"vogeId":6133,"vogeName":"Fully"},"geometry":{"type":"Polygon","coordinates":[[[7.07558,46.19933],[7.08843,46.20161],[7.0951,46.19775],[7.10447,46.18822],[7.14463,46.18266],[7.14709,46.1776],[7.16604,46.15541],[7.14195,46.1449],[7.1307,46.1377],[7.11682,46.12438],[7.08672,46.12369],[7.07323,46.12007],[7.06858,46.1208],[7.08848,46.15847],[7.08021,46.17069],[7.07558,46.19933]]]}},{"type":"Feature","properties":{"vogeId":6134,"vogeName":"Is\u00e9rables"},"geometry":{"type":"Polygon","coordinates":[[[7.2528,46.17961],[7.26127,46.16589],[7.29276,46.15564],[7.29151,46.12833],[7.27693,46.11532],[7.22958,46.16808],[7.2528,46.17961]]]}},{"type":"Feature","properties":{"vogeId":6135,"vogeName":"Leytron"},"geometry":{"type":"Polygon","coordinates":[[[7.1268,46.23724],[7.17801,46.20155],[7.22037,46.19672],[7.22377,46.17852],[7.21158,46.17819],[7.20516,46.17699],[7.19006,46.18337],[7.14709,46.1776],[7.14463,46.18266],[7.13191,46.19815],[7.0951,46.19775],[7.08843,46.20161],[7.11606,46.21647],[7.1268,46.23724]]]}},{"type":"Feature","properties":{"vogeId":6136,"vogeName":"Martigny"},"geometry":{"type":"Polygon","coordinates":[[[7.06858,46.1208],[7.07323,46.12007],[7.08672,46.12369],[7.11682,46.12438],[7.1307,46.1377],[7.14195,46.1449],[7.15734,46.12479],[7.15075,46.11403],[7.1393,46.10385],[7.09822,46.09015],[7.07236,46.08469],[7.0627,46.07451],[7.05916,46.0739],[7.05474,46.07464],[7.05294,46.07761],[7.0562,46.08658],[7.05973,46.08808],[7.05903,46.09316],[7.06583,46.10228],[7.03169,46.10903],[7.05141,46.13806],[7.06589,46.12601],[7.06858,46.1208]]]}},{"type":"Feature","properties":{"vogeId":6137,"vogeName":"Martigny-Combe"},"geometry":{"type":"Polygon","coordinates":[[[6.99871,46.08189],[7.00678,46.09715],[7.03169,46.10903],[7.06583,46.10228],[7.05903,46.09316],[7.05973,46.08808],[7.0562,46.08658],[7.05294,46.07761],[7.05474,46.07464],[7.05916,46.0739],[7.0627,46.07451],[7.07607,46.06023],[7.05693,46.04494],[7.05109,46.02731],[7.0414,46.02265],[6.99151,46.07007],[6.99871,46.08189]]]}},{"type":"Feature","properties":{"vogeId":6139,"vogeName":"Riddes"},"geometry":{"type":"Polygon","coordinates":[[[7.25035,46.18409],[7.2528,46.17961],[7.22958,46.16808],[7.27693,46.11532],[7.28208,46.09667],[7.26792,46.09591],[7.2446,46.11915],[7.22399,46.12344],[7.21325,46.15044],[7.19614,46.16264],[7.19879,46.16533],[7.20074,46.17384],[7.20516,46.17699],[7.21158,46.17819],[7.22377,46.17852],[7.22732,46.17763],[7.23065,46.17748],[7.23396,46.18047],[7.2426,46.18198],[7.25035,46.18409]]]}},{"type":"Feature","properties":{"vogeId":6140,"vogeName":"Saillon"},"geometry":{"type":"MultiPolygon","coordinates":[[[[7.14709,46.1776],[7.19006,46.18337],[7.20516,46.17699],[7.20074,46.17384],[7.19879,46.16533],[7.19614,46.16264],[7.19061,46.16054],[7.176,46.15827],[7.16604,46.15541],[7.14709,46.1776]]],[[[7.0951,46.19775],[7.13191,46.19815],[7.14463,46.18266],[7.10447,46.18822],[7.0951,46.19775]]]]}},{"type":"Feature","properties":{"vogeId":6141,"vogeName":"Saxon"},"geometry":{"type":"Polygon","coordinates":[[[7.16604,46.15541],[7.176,46.15827],[7.19061,46.16054],[7.19614,46.16264],[7.21325,46.15044],[7.22399,46.12344],[7.19658,46.11413],[7.15075,46.11403],[7.15734,46.12479],[7.14195,46.1449],[7.16604,46.15541]]]}},{"type":"Feature","properties":{"vogeId":6142,"vogeName":"Trient"},"geometry":{"type":"Polygon","coordinates":[[[6.98741,46.08379],[6.99871,46.08189],[6.99151,46.07007],[7.0414,46.02265],[7.03798,46.00667],[7.05378,45.9912],[7.02227,45.98049],[7.00964,45.98686],[7.00689,45.99849],[6.99674,45.99726],[6.98321,46.00392],[6.97912,46.01719],[6.96643,46.02848],[6.95936,46.0286],[6.95284,46.04051],[6.94524,46.04988],[6.98741,46.08379]]]}},{"type":"Feature","properties":{"vogeId":6151,"vogeName":"Champ\u00e9ry"},"geometry":{"type":"Polygon","coordinates":[[[6.81261,46.18146],[6.84525,46.17581],[6.85578,46.18617],[6.88566,46.19005],[6.88881,46.18603],[6.87848,46.17763],[6.91016,46.15524],[6.88395,46.14049],[6.85692,46.14155],[6.84713,46.12523],[6.83689,46.1304],[6.81498,46.12923],[6.79784,46.1366],[6.79014,46.15058],[6.79222,46.16239],[6.81261,46.18146]]]}},{"type":"Feature","properties":{"vogeId":6152,"vogeName":"Collombey-Muraz"},"geometry":{"type":"Polygon","coordinates":[[[6.91079,46.31927],[6.93229,46.3246],[6.93216,46.31519],[6.93603,46.30521],[6.93653,46.29849],[6.94124,46.29449],[6.94971,46.29124],[6.95954,46.28427],[6.9618,46.27995],[6.95295,46.27648],[6.95795,46.26322],[6.94176,46.2618],[6.937,46.27178],[6.92407,46.27784],[6.90484,46.26925],[6.94161,46.25374],[6.93811,46.24776],[6.91408,46.25481],[6.89835,46.2516],[6.88474,46.25885],[6.86304,46.25382],[6.85455,46.25929],[6.85662,46.27289],[6.86276,46.28053],[6.85932,46.29036],[6.876,46.28836],[6.91739,46.30244],[6.91079,46.31927]]]}},{"type":"Feature","properties":{"vogeId":6153,"vogeName":"Monthey"},"geometry":{"type":"MultiPolygon","coordinates":[[[[6.81823,46.23283],[6.84358,46.22685],[6.83155,46.21156],[6.84122,46.19997],[6.82312,46.19286],[6.81991,46.2018],[6.80282,46.20334],[6.81834,46.22313],[6.81823,46.23283]]],[[[6.9618,46.27995],[6.96409,46.2713],[6.96613,46.26713],[6.97037,46.26386],[6.97953,46.25719],[6.96647,46.22773],[6.97097,46.22073],[6.95468,46.20649],[6.94405,46.20525],[6.93289,46.23699],[6.93811,46.24776],[6.94161,46.25374],[6.90484,46.26925],[6.92407,46.27784],[6.937,46.27178],[6.94176,46.2618],[6.95795,46.26322],[6.95295,46.27648],[6.9618,46.27995]]]]}},{"type":"Feature","properties":{"vogeId":6154,"vogeName":"Port-Valais"},"geometry":{"type":"Polygon","coordinates":[[[6.84715,46.38866],[6.8525,46.38734],[6.85697,46.38528],[6.85983,46.38828],[6.85755,46.39379],[6.85887,46.39469],[6.87032,46.3852],[6.88443,46.37631],[6.88692,46.37185],[6.88676,46.36543],[6.88175,46.356],[6.8618,46.34933],[6.82145,46.35867],[6.83473,46.36456],[6.84715,46.38866]]]}},{"type":"Feature","properties":{"vogeId":6155,"vogeName":"Saint-Gingolph"},"geometry":{"type":"Polygon","coordinates":[[[6.84715,46.38866],[6.83473,46.36456],[6.82145,46.35867],[6.77692,46.34514],[6.76906,46.35195],[6.77047,46.3639],[6.79153,46.3691],[6.8039,46.37678],[6.80152,46.39005],[6.80547,46.39425],[6.82424,46.38734],[6.83115,46.38634],[6.84715,46.38866]]]}},{"type":"Feature","properties":{"vogeId":6156,"vogeName":"Troistorrents"},"geometry":{"type":"Polygon","coordinates":[[[6.81823,46.23283],[6.83169,46.23873],[6.83736,46.24801],[6.84994,46.25449],[6.85455,46.25929],[6.86304,46.25382],[6.88474,46.25885],[6.89835,46.2516],[6.91408,46.25481],[6.93811,46.24776],[6.93289,46.23699],[6.94405,46.20525],[6.94322,46.19912],[6.90267,46.21894],[6.85944,46.21678],[6.84122,46.19997],[6.83155,46.21156],[6.84358,46.22685],[6.81823,46.23283]]]}},{"type":"Feature","properties":{"vogeId":6157,"vogeName":"Val-d'Illiez"},"geometry":{"type":"Polygon","coordinates":[[[6.84122,46.19997],[6.85944,46.21678],[6.90267,46.21894],[6.94322,46.19912],[6.94811,46.17288],[6.94568,46.17212],[6.91016,46.15524],[6.87848,46.17763],[6.88881,46.18603],[6.88566,46.19005],[6.85578,46.18617],[6.84525,46.17581],[6.81261,46.18146],[6.80282,46.20334],[6.81991,46.2018],[6.82312,46.19286],[6.84122,46.19997]]]}},{"type":"Feature","properties":{"vogeId":6158,"vogeName":"Vionnaz"},"geometry":{"type":"Polygon","coordinates":[[[6.81972,46.31568],[6.89295,46.32561],[6.91079,46.31927],[6.91739,46.30244],[6.876,46.28836],[6.85932,46.29036],[6.84578,46.2897],[6.82723,46.30034],[6.82783,46.30647],[6.81972,46.31568]]]}},{"type":"Feature","properties":{"vogeId":6159,"vogeName":"Vouvry"},"geometry":{"type":"Polygon","coordinates":[[[6.82145,46.35867],[6.8618,46.34933],[6.88175,46.356],[6.88423,46.35243],[6.89005,46.34873],[6.89591,46.34055],[6.90127,46.33833],[6.91304,46.33958],[6.91904,46.33931],[6.92935,46.33055],[6.93137,46.32802],[6.93229,46.3246],[6.91079,46.31927],[6.89295,46.32561],[6.81972,46.31568],[6.80902,46.3189],[6.79836,46.31839],[6.79623,46.32957],[6.78333,46.3304],[6.77692,46.34514],[6.82145,46.35867]]]}},{"type":"Feature","properties":{"vogeId":6172,"vogeName":"Bister"},"geometry":{"type":"Polygon","coordinates":[[[8.07039,46.368],[8.09614,46.34517],[8.09216,46.32878],[8.05586,46.36107],[8.06369,46.36535],[8.07039,46.368]]]}},{"type":"Feature","properties":{"vogeId":6173,"vogeName":"Bitsch"},"geometry":{"type":"Polygon","coordinates":[[[7.99621,46.35645],[8.01399,46.35562],[8.02608,46.34287],[8.02583,46.34048],[8.02292,46.33841],[8.01935,46.33738],[8.01509,46.33382],[8.01396,46.33204],[8.01327,46.3298],[8.00091,46.33762],[7.99621,46.35645]]]}},{"type":"Feature","properties":{"vogeId":6177,"vogeName":"Grengiols"},"geometry":{"type":"Polygon","coordinates":[[[8.10552,46.38527],[8.10588,46.3784],[8.11317,46.37403],[8.13842,46.38283],[8.15514,46.36884],[8.17525,46.35901],[8.17302,46.34231],[8.1833,46.33015],[8.20714,46.30253],[8.16306,46.29551],[8.14093,46.30207],[8.12972,46.31124],[8.10332,46.31408],[8.09216,46.32878],[8.09614,46.34517],[8.07039,46.368],[8.06644,46.37235],[8.0805,46.3766],[8.08817,46.38537],[8.0986,46.38322],[8.10552,46.38527]]]}},{"type":"Feature","properties":{"vogeId":6181,"vogeName":"Riederalp"},"geometry":{"type":"Polygon","coordinates":[[[8.05729,46.36987],[8.04813,46.36663],[8.0374,46.36087],[8.02766,46.34465],[8.02608,46.34287],[8.01399,46.35562],[7.99621,46.35645],[8.01192,46.3916],[8.05421,46.41212],[8.06259,46.40491],[8.05675,46.40047],[8.0616,46.39701],[8.06557,46.3937],[8.05026,46.37752],[8.05729,46.36987]]]}},{"type":"Feature","properties":{"vogeId":6191,"vogeName":"Ausserberg"},"geometry":{"type":"Polygon","coordinates":[[[7.85566,46.35467],[7.88019,46.33517],[7.88031,46.32278],[7.84264,46.30725],[7.82113,46.31404],[7.81985,46.32091],[7.84375,46.33755],[7.85566,46.35467]]]}},{"type":"Feature","properties":{"vogeId":6192,"vogeName":"Blatten"},"geometry":{"type":"Polygon","coordinates":[[[7.84346,46.47784],[7.8789,46.47816],[7.92964,46.49497],[7.96261,46.4696],[7.94056,46.44641],[7.89378,46.419],[7.85447,46.40243],[7.85017,46.3926],[7.831,46.38864],[7.76857,46.43943],[7.84346,46.47784]]]}},{"type":"Feature","properties":{"vogeId":6193,"vogeName":"B\u00fcrchen"},"geometry":{"type":"Polygon","coordinates":[[[7.80016,46.30008],[7.83627,46.28668],[7.83399,46.27952],[7.84792,46.27126],[7.81155,46.24497],[7.79201,46.2431],[7.80932,46.27617],[7.80016,46.30008]]]}},{"type":"Feature","properties":{"vogeId":6194,"vogeName":"Eischoll"},"geometry":{"type":"Polygon","coordinates":[[[7.74441,46.30159],[7.79214,46.29712],[7.77755,46.27299],[7.74637,46.25547],[7.73515,46.27296],[7.75228,46.27918],[7.74566,46.28696],[7.74441,46.30159]]]}},{"type":"Feature","properties":{"vogeId":6195,"vogeName":"Ferden"},"geometry":{"type":"Polygon","coordinates":[[[7.70498,46.41602],[7.73708,46.42325],[7.7421,46.40518],[7.76496,46.39422],[7.75601,46.38589],[7.76683,46.37242],[7.79307,46.371],[7.78744,46.36042],[7.75676,46.36185],[7.72922,46.36835],[7.71228,46.36107],[7.70282,46.38244],[7.69261,46.38739],[7.70498,46.41602]]]}},{"type":"Feature","properties":{"vogeId":6197,"vogeName":"Kippel"},"geometry":{"type":"Polygon","coordinates":[[[7.73708,46.42325],[7.74601,46.42755],[7.80267,46.37694],[7.79307,46.371],[7.76683,46.37242],[7.75601,46.38589],[7.76496,46.39422],[7.7421,46.40518],[7.73708,46.42325]]]}},{"type":"Feature","properties":{"vogeId":6198,"vogeName":"Niedergesteln"},"geometry":{"type":"Polygon","coordinates":[[[7.80267,46.37694],[7.81583,46.38227],[7.81559,46.34794],[7.79585,46.32099],[7.79328,46.30175],[7.79214,46.29712],[7.74441,46.30159],[7.74466,46.30607],[7.75467,46.30903],[7.76577,46.30795],[7.77355,46.30733],[7.78469,46.34804],[7.78744,46.36042],[7.79307,46.371],[7.80267,46.37694]]]}},{"type":"Feature","properties":{"vogeId":6199,"vogeName":"Raron"},"geometry":{"type":"Polygon","coordinates":[[[7.831,46.38864],[7.85017,46.3926],[7.85566,46.35467],[7.84375,46.33755],[7.81985,46.32091],[7.82113,46.31404],[7.84264,46.30725],[7.84102,46.2995],[7.83627,46.28668],[7.80016,46.30008],[7.79328,46.30175],[7.79585,46.32099],[7.81559,46.34794],[7.81583,46.38227],[7.831,46.38864]]]}},{"type":"Feature","properties":{"vogeId":6201,"vogeName":"Unterb\u00e4ch"},"geometry":{"type":"Polygon","coordinates":[[[7.79328,46.30175],[7.80016,46.30008],[7.80932,46.27617],[7.79201,46.2431],[7.79396,46.23533],[7.77987,46.21821],[7.75726,46.21962],[7.74026,46.23325],[7.75098,46.2459],[7.74637,46.25547],[7.77755,46.27299],[7.79214,46.29712],[7.79328,46.30175]]]}},{"type":"Feature","properties":{"vogeId":6202,"vogeName":"Wiler (L\u00f6tschen)"},"geometry":{"type":"Polygon","coordinates":[[[7.74601,46.42755],[7.76857,46.43943],[7.831,46.38864],[7.81583,46.38227],[7.80267,46.37694],[7.74601,46.42755]]]}},{"type":"Feature","properties":{"vogeId":6203,"vogeName":"M\u00f6rel-Filet"},"geometry":{"type":"Polygon","coordinates":[[[8.05729,46.36987],[8.06644,46.37235],[8.07039,46.368],[8.06369,46.36535],[8.05586,46.36107],[8.09216,46.32878],[8.08257,46.32599],[8.02766,46.34465],[8.0374,46.36087],[8.04813,46.36663],[8.05729,46.36987]]]}},{"type":"Feature","properties":{"vogeId":6204,"vogeName":"Steg-Hohtenn"},"geometry":{"type":"Polygon","coordinates":[[[7.74466,46.30607],[7.74385,46.32129],[7.75676,46.36185],[7.78744,46.36042],[7.78469,46.34804],[7.77355,46.30733],[7.76577,46.30795],[7.75467,46.30903],[7.74466,46.30607]]]}},{"type":"Feature","properties":{"vogeId":6205,"vogeName":"Bettmeralp"},"geometry":{"type":"Polygon","coordinates":[[[7.99154,46.46618],[8.00815,46.47714],[8.02197,46.47737],[8.07552,46.44544],[8.09336,46.42817],[8.08345,46.41898],[8.07825,46.41214],[8.09792,46.40083],[8.10552,46.38527],[8.0986,46.38322],[8.08817,46.38537],[8.0805,46.3766],[8.06644,46.37235],[8.05729,46.36987],[8.05026,46.37752],[8.06557,46.3937],[8.0616,46.39701],[8.05675,46.40047],[8.06259,46.40491],[8.05421,46.41212],[8.06847,46.43234],[7.99154,46.46618]]]}},{"type":"Feature","properties":{"vogeId":6211,"vogeName":"Collonges"},"geometry":{"type":"Polygon","coordinates":[[[7.07136,46.20096],[7.07558,46.19933],[7.08021,46.17069],[7.066,46.17378],[7.03465,46.15829],[7.02787,46.17588],[7.03138,46.18082],[7.03446,46.18367],[7.0331,46.18694],[7.07136,46.20096]]]}},{"type":"Feature","properties":{"vogeId":6212,"vogeName":"Dor\u00e9naz"},"geometry":{"type":"Polygon","coordinates":[[[7.03465,46.15829],[7.066,46.17378],[7.08021,46.17069],[7.08848,46.15847],[7.06858,46.1208],[7.06589,46.12601],[7.05141,46.13806],[7.04695,46.14207],[7.0385,46.14652],[7.03582,46.14934],[7.03489,46.15516],[7.03465,46.15829]]]}},{"type":"Feature","properties":{"vogeId":6213,"vogeName":"Evionnaz"},"geometry":{"type":"Polygon","coordinates":[[[7.03446,46.18367],[7.03138,46.18082],[7.02787,46.17588],[7.03465,46.15829],[7.03489,46.15516],[7.0081,46.15297],[6.97978,46.14943],[6.98281,46.13123],[6.97006,46.12088],[6.90028,46.124],[6.89253,46.12396],[6.8815,46.12033],[6.87305,46.12402],[6.84713,46.12523],[6.85692,46.14155],[6.88395,46.14049],[6.91016,46.15524],[6.94568,46.17212],[6.97431,46.16702],[7.0019,46.18026],[7.03446,46.18367]]]}},{"type":"Feature","properties":{"vogeId":6214,"vogeName":"Finhaut"},"geometry":{"type":"Polygon","coordinates":[[[6.89104,46.07411],[6.90125,46.07087],[6.94271,46.08435],[6.96154,46.08159],[6.97118,46.09312],[6.96428,46.09817],[6.97354,46.10149],[6.98908,46.09573],[6.98741,46.08379],[6.94524,46.04988],[6.93457,46.05595],[6.93761,46.06223],[6.9336,46.0646],[6.92677,46.06189],[6.91076,46.04808],[6.89729,46.04638],[6.89272,46.03964],[6.87541,46.04537],[6.87137,46.05177],[6.87937,46.06957],[6.89104,46.07411]]]}},{"type":"Feature","properties":{"vogeId":6215,"vogeName":"Massongex"},"geometry":{"type":"Polygon","coordinates":[[[6.97953,46.25719],[6.98778,46.25259],[6.99003,46.24917],[6.98962,46.24514],[6.99524,46.2365],[6.99815,46.23368],[7.00172,46.23116],[7.00328,46.22937],[7.00264,46.22713],[6.99932,46.22503],[6.97097,46.22073],[6.96647,46.22773],[6.97953,46.25719]]]}},{"type":"Feature","properties":{"vogeId":6217,"vogeName":"Saint-Maurice"},"geometry":{"type":"Polygon","coordinates":[[[6.94811,46.17288],[6.98188,46.18958],[6.98466,46.20169],[6.99415,46.20695],[6.99932,46.22503],[7.00264,46.22713],[7.00444,46.224],[7.00867,46.22193],[7.01113,46.21865],[7.01255,46.20702],[7.01435,46.20419],[7.0217,46.20034],[7.0284,46.19379],[7.0331,46.18694],[7.03446,46.18367],[7.0019,46.18026],[6.97431,46.16702],[6.94568,46.17212],[6.94811,46.17288]]]}},{"type":"Feature","properties":{"vogeId":6218,"vogeName":"Salvan"},"geometry":{"type":"Polygon","coordinates":[[[6.90028,46.124],[6.97006,46.12088],[6.98281,46.13123],[6.97978,46.14943],[7.0081,46.15297],[7.02863,46.13305],[7.02413,46.11378],[7.03169,46.10903],[7.00678,46.09715],[6.99871,46.08189],[6.98741,46.08379],[6.98908,46.09573],[6.97354,46.10149],[6.96428,46.09817],[6.97118,46.09312],[6.96154,46.08159],[6.94271,46.08435],[6.90125,46.07087],[6.89104,46.07411],[6.89071,46.0847],[6.88089,46.09301],[6.89292,46.1077],[6.89063,46.115],[6.90028,46.124]]]}},{"type":"Feature","properties":{"vogeId":6219,"vogeName":"Vernayaz"},"geometry":{"type":"Polygon","coordinates":[[[7.0081,46.15297],[7.03489,46.15516],[7.03582,46.14934],[7.0385,46.14652],[7.04695,46.14207],[7.05141,46.13806],[7.03169,46.10903],[7.02413,46.11378],[7.02863,46.13305],[7.0081,46.15297]]]}},{"type":"Feature","properties":{"vogeId":6220,"vogeName":"V\u00e9rossaz"},"geometry":{"type":"Polygon","coordinates":[[[6.97097,46.22073],[6.99932,46.22503],[6.99415,46.20695],[6.98466,46.20169],[6.98188,46.18958],[6.94811,46.17288],[6.94322,46.19912],[6.94405,46.20525],[6.95468,46.20649],[6.97097,46.22073]]]}},{"type":"Feature","properties":{"vogeId":6232,"vogeName":"Chalais"},"geometry":{"type":"Polygon","coordinates":[[[7.55463,46.26418],[7.5595,46.2603],[7.56614,46.24984],[7.55766,46.23015],[7.5319,46.2157],[7.51329,46.22482],[7.50245,46.24975],[7.47982,46.25946],[7.52868,46.27674],[7.54819,46.26225],[7.55463,46.26418]]]}},{"type":"Feature","properties":{"vogeId":6235,"vogeName":"Chippis"},"geometry":{"type":"Polygon","coordinates":[[[7.52868,46.27674],[7.55001,46.28449],[7.55688,46.2797],[7.54621,46.2718],[7.55463,46.26418],[7.54819,46.26225],[7.52868,46.27674]]]}},{"type":"Feature","properties":{"vogeId":6238,"vogeName":"Gr\u00f4ne"},"geometry":{"type":"Polygon","coordinates":[[[7.42921,46.24618],[7.43565,46.2429],[7.47982,46.25946],[7.50245,46.24975],[7.51329,46.22482],[7.5319,46.2157],[7.529,46.20436],[7.50018,46.209],[7.48622,46.22423],[7.46427,46.22887],[7.45562,46.23932],[7.42522,46.23469],[7.42256,46.24185],[7.42921,46.24618]]]}},{"type":"Feature","properties":{"vogeId":6239,"vogeName":"Icogne"},"geometry":{"type":"Polygon","coordinates":[[[7.4581,46.37677],[7.47947,46.38528],[7.48679,46.3708],[7.48499,46.34632],[7.4781,46.33528],[7.46142,46.32752],[7.46208,46.3126],[7.44808,46.3029],[7.44786,46.28588],[7.43676,46.2823],[7.4281,46.2623],[7.41789,46.26842],[7.44586,46.32722],[7.42208,46.35797],[7.4581,46.37677]]]}},{"type":"Feature","properties":{"vogeId":6240,"vogeName":"Lens"},"geometry":{"type":"Polygon","coordinates":[[[7.4281,46.2623],[7.43676,46.2823],[7.44786,46.28588],[7.44808,46.3029],[7.46208,46.3126],[7.46142,46.32752],[7.4781,46.33528],[7.48964,46.32393],[7.48164,46.31961],[7.47097,46.31797],[7.47252,46.31006],[7.45897,46.29693],[7.47317,46.27379],[7.44386,46.262],[7.4281,46.2623]]]}},{"type":"Feature","properties":{"vogeId":6246,"vogeName":"Saint-L\u00e9onard"},"geometry":{"type":"Polygon","coordinates":[[[7.41789,46.26842],[7.4281,46.2623],[7.44386,46.262],[7.44741,46.25827],[7.42921,46.24618],[7.42256,46.24185],[7.41634,46.25439],[7.41101,46.25946],[7.41789,46.26842]]]}},{"type":"Feature","properties":{"vogeId":6248,"vogeName":"Sierre"},"geometry":{"type":"Polygon","coordinates":[[[7.56337,46.30313],[7.56625,46.2985],[7.58063,46.27594],[7.56419,46.27358],[7.55688,46.2797],[7.55001,46.28449],[7.52868,46.27674],[7.47982,46.25946],[7.43565,46.2429],[7.42921,46.24618],[7.44741,46.25827],[7.44386,46.262],[7.47317,46.27379],[7.49848,46.27915],[7.51026,46.28496],[7.51849,46.29332],[7.53138,46.29883],[7.54959,46.29986],[7.56337,46.30313]]]}},{"type":"Feature","properties":{"vogeId":6252,"vogeName":"Anniviers"},"geometry":{"type":"Polygon","coordinates":[[[7.70949,46.11303],[7.71607,46.10137],[7.69334,46.06889],[7.69,46.06427],[7.67087,46.03789],[7.63259,46.02662],[7.61206,46.03427],[7.60881,46.05457],[7.5951,46.05534],[7.57594,46.08611],[7.52027,46.14481],[7.5172,46.16616],[7.52499,46.18869],[7.53409,46.1948],[7.529,46.20436],[7.5319,46.2157],[7.55766,46.23015],[7.56614,46.24984],[7.5595,46.2603],[7.55463,46.26418],[7.54621,46.2718],[7.55688,46.2797],[7.56419,46.27358],[7.58063,46.27594],[7.58841,46.27743],[7.62318,46.2523],[7.64269,46.24779],[7.64335,46.24421],[7.65376,46.23911],[7.66189,46.22044],[7.65818,46.18164],[7.67319,46.16579],[7.67394,46.13385],[7.70949,46.11303]]]}},{"type":"Feature","properties":{"vogeId":6253,"vogeName":"Crans-Montana"},"geometry":{"type":"Polygon","coordinates":[[[7.55534,46.38895],[7.56578,46.38387],[7.58024,46.3843],[7.57198,46.37013],[7.5613,46.36731],[7.55882,46.35537],[7.57305,46.35207],[7.57547,46.34222],[7.57188,46.33103],[7.55009,46.32478],[7.53541,46.31524],[7.51228,46.30347],[7.51849,46.29332],[7.51026,46.28496],[7.49848,46.27915],[7.47317,46.27379],[7.45897,46.29693],[7.47252,46.31006],[7.47097,46.31797],[7.48164,46.31961],[7.48964,46.32393],[7.4781,46.33528],[7.48499,46.34632],[7.48679,46.3708],[7.49925,46.36989],[7.50749,46.37601],[7.53841,46.37748],[7.55534,46.38895]]]}},{"type":"Feature","properties":{"vogeId":6254,"vogeName":"Noble-Contr\u00e9e"},"geometry":{"type":"Polygon","coordinates":[[[7.51849,46.29332],[7.51228,46.30347],[7.53541,46.31524],[7.55009,46.32478],[7.55894,46.30925],[7.56337,46.30313],[7.54959,46.29986],[7.53138,46.29883],[7.51849,46.29332]]]}},{"type":"Feature","properties":{"vogeId":6261,"vogeName":"Arbaz"},"geometry":{"type":"Polygon","coordinates":[[[7.35917,46.34048],[7.38319,46.3299],[7.39654,46.30647],[7.38855,46.30184],[7.39746,46.27602],[7.39125,46.26662],[7.37105,46.26377],[7.35993,46.28078],[7.35058,46.2954],[7.35917,46.34048]]]}},{"type":"Feature","properties":{"vogeId":6263,"vogeName":"Grimisuat"},"geometry":{"type":"Polygon","coordinates":[[[7.37105,46.26377],[7.39125,46.26662],[7.40325,46.2523],[7.36375,46.24586],[7.37105,46.26377]]]}},{"type":"Feature","properties":{"vogeId":6265,"vogeName":"Savi\u00e8se"},"geometry":{"type":"Polygon","coordinates":[[[7.3133,46.37536],[7.30958,46.34715],[7.31871,46.34313],[7.3596,46.35287],[7.35917,46.34048],[7.35058,46.2954],[7.35993,46.28078],[7.37105,46.26377],[7.36375,46.24586],[7.31163,46.23238],[7.31026,46.24835],[7.33039,46.28046],[7.32636,46.29941],[7.30189,46.31192],[7.20058,46.31279],[7.21963,46.32716],[7.25339,46.3305],[7.2627,46.33858],[7.26242,46.35828],[7.3133,46.37536]]]}},{"type":"Feature","properties":{"vogeId":6266,"vogeName":"Sion"},"geometry":{"type":"Polygon","coordinates":[[[7.34186,46.2048],[7.33652,46.21211],[7.33297,46.21046],[7.32677,46.20971],[7.31767,46.21074],[7.3128,46.20999],[7.31163,46.23238],[7.36375,46.24586],[7.40325,46.2523],[7.41634,46.25439],[7.42256,46.24185],[7.42522,46.23469],[7.40881,46.2226],[7.37909,46.21661],[7.38088,46.20318],[7.36806,46.17795],[7.34764,46.19346],[7.3452,46.19585],[7.34186,46.2048]]]}},{"type":"Feature","properties":{"vogeId":6267,"vogeName":"Veysonnaz"},"geometry":{"type":"Polygon","coordinates":[[[7.34186,46.2048],[7.3452,46.19585],[7.34764,46.19346],[7.32946,46.19255],[7.33499,46.20225],[7.34186,46.2048]]]}},{"type":"Feature","properties":{"vogeId":6281,"vogeName":"Baltschieder"},"geometry":{"type":"MultiPolygon","coordinates":[[[[7.84264,46.30725],[7.88031,46.32278],[7.88225,46.31546],[7.87044,46.31088],[7.86862,46.30596],[7.87927,46.30488],[7.87567,46.29937],[7.87212,46.29908],[7.84102,46.2995],[7.84264,46.30725]]],[[[7.89045,46.33991],[7.88019,46.33517],[7.85566,46.35467],[7.85017,46.3926],[7.85447,46.40243],[7.89378,46.419],[7.90885,46.41177],[7.90912,46.39058],[7.91207,46.37236],[7.89821,46.36435],[7.89834,46.35301],[7.8843,46.34859],[7.89045,46.33991]]]]}},{"type":"Feature","properties":{"vogeId":6282,"vogeName":"Eisten"},"geometry":{"type":"Polygon","coordinates":[[[7.87094,46.207],[7.88497,46.21441],[7.92142,46.19725],[7.94228,46.19924],[7.99158,46.18558],[7.99328,46.17796],[7.9292,46.17572],[7.91429,46.16847],[7.92376,46.16112],[7.89421,46.15228],[7.88034,46.13518],[7.8665,46.14926],[7.8596,46.17346],[7.87345,46.18819],[7.87094,46.207]]]}},{"type":"Feature","properties":{"vogeId":6283,"vogeName":"Embd"},"geometry":{"type":"Polygon","coordinates":[[[7.79396,46.23533],[7.81874,46.22525],[7.8272,46.22955],[7.84398,46.21874],[7.83795,46.21369],[7.83061,46.21028],[7.82503,46.20597],[7.80978,46.21349],[7.7907,46.21206],[7.7811,46.20119],[7.75383,46.20187],[7.75726,46.21962],[7.77987,46.21821],[7.79396,46.23533]]]}},{"type":"Feature","properties":{"vogeId":6285,"vogeName":"Gr\u00e4chen"},"geometry":{"type":"Polygon","coordinates":[[[7.84398,46.21874],[7.84776,46.22037],[7.87094,46.207],[7.87345,46.18819],[7.8596,46.17346],[7.82666,46.18567],[7.81634,46.19899],[7.82503,46.20597],[7.83061,46.21028],[7.83795,46.21369],[7.84398,46.21874]]]}},{"type":"Feature","properties":{"vogeId":6286,"vogeName":"Lalden"},"geometry":{"type":"Polygon","coordinates":[[[7.87927,46.30488],[7.90436,46.30343],[7.91058,46.30296],[7.91209,46.29758],[7.90186,46.29673],[7.8952,46.2969],[7.87567,46.29937],[7.87927,46.30488]]]}},{"type":"Feature","properties":{"vogeId":6287,"vogeName":"Randa"},"geometry":{"type":"Polygon","coordinates":[[[7.74429,46.12219],[7.76507,46.11691],[7.82995,46.11879],[7.86886,46.11104],[7.85934,46.08302],[7.82166,46.07315],[7.77838,46.08478],[7.69334,46.06889],[7.71607,46.10137],[7.70949,46.11303],[7.74429,46.12219]]]}},{"type":"Feature","properties":{"vogeId":6288,"vogeName":"Saas-Almagell"},"geometry":{"type":"Polygon","coordinates":[[[8.01225,46.12772],[8.01725,46.11903],[8.03452,46.0985],[8.03103,46.0827],[8.0241,46.07616],[8.02439,46.06228],[8.03437,46.04417],[8.01656,46.03277],[8.02024,46.02544],[8.01355,46.0192],[8.01368,46.01055],[8.00241,46.01135],[7.98965,45.99455],[7.97532,45.99701],[7.96006,45.99499],[7.94704,45.99699],[7.90904,45.99566],[7.90476,46.01269],[7.88363,46.02188],[7.89466,46.04617],[7.94502,46.08923],[7.94386,46.1073],[7.97202,46.11194],[8.01225,46.12772]]]}},{"type":"Feature","properties":{"vogeId":6289,"vogeName":"Saas-Balen"},"geometry":{"type":"Polygon","coordinates":[[[7.88034,46.13518],[7.89421,46.15228],[7.92376,46.16112],[7.91429,46.16847],[7.9292,46.17572],[7.99328,46.17796],[8.0058,46.1676],[7.97063,46.1515],[7.93623,46.14464],[7.93346,46.13152],[7.93538,46.1242],[7.87934,46.1207],[7.88034,46.13518]]]}},{"type":"Feature","properties":{"vogeId":6290,"vogeName":"Saas-Fee"},"geometry":{"type":"Polygon","coordinates":[[[7.87934,46.1207],[7.93538,46.1242],[7.93623,46.12002],[7.94193,46.11387],[7.94386,46.1073],[7.94502,46.08923],[7.89466,46.04617],[7.86797,46.05478],[7.85934,46.08302],[7.86886,46.11104],[7.87934,46.1207]]]}},{"type":"Feature","properties":{"vogeId":6291,"vogeName":"Saas-Grund"},"geometry":{"type":"Polygon","coordinates":[[[7.93538,46.1242],[7.93346,46.13152],[7.93623,46.14464],[7.97063,46.1515],[8.0058,46.1676],[8.00473,46.14999],[8.01225,46.12772],[7.97202,46.11194],[7.94386,46.1073],[7.94193,46.11387],[7.93623,46.12002],[7.93538,46.1242]]]}},{"type":"Feature","properties":{"vogeId":6292,"vogeName":"St. Niklaus"},"geometry":{"type":"Polygon","coordinates":[[[7.75383,46.20187],[7.7811,46.20119],[7.7907,46.21206],[7.80978,46.21349],[7.82503,46.20597],[7.81634,46.19899],[7.82666,46.18567],[7.8596,46.17346],[7.8665,46.14926],[7.88034,46.13518],[7.87934,46.1207],[7.86886,46.11104],[7.82995,46.11879],[7.76507,46.11691],[7.74429,46.12219],[7.73532,46.14072],[7.73583,46.19475],[7.74983,46.20038],[7.75383,46.20187]]]}},{"type":"Feature","properties":{"vogeId":6293,"vogeName":"Stalden (VS)"},"geometry":{"type":"Polygon","coordinates":[[[7.86224,46.25763],[7.87912,46.25786],[7.88701,46.24589],[7.9162,46.23443],[7.91413,46.22593],[7.8796,46.23533],[7.87356,46.22983],[7.88101,46.21726],[7.88497,46.21441],[7.87094,46.207],[7.84776,46.22037],[7.85422,46.22423],[7.86409,46.23792],[7.86224,46.25763]]]}},{"type":"Feature","properties":{"vogeId":6294,"vogeName":"Staldenried"},"geometry":{"type":"Polygon","coordinates":[[[7.9162,46.23443],[7.9394,46.22418],[7.94228,46.19924],[7.92142,46.19725],[7.88497,46.21441],[7.88101,46.21726],[7.87356,46.22983],[7.8796,46.23533],[7.91413,46.22593],[7.9162,46.23443]]]}},{"type":"Feature","properties":{"vogeId":6295,"vogeName":"T\u00e4sch"},"geometry":{"type":"Polygon","coordinates":[[[7.69334,46.06889],[7.77838,46.08478],[7.82166,46.07315],[7.85934,46.08302],[7.86797,46.05478],[7.89466,46.04617],[7.88363,46.02188],[7.83807,46.01802],[7.81382,46.02602],[7.79363,46.04802],[7.77615,46.04569],[7.74481,46.05607],[7.70125,46.05768],[7.69,46.06427],[7.69334,46.06889]]]}},{"type":"Feature","properties":{"vogeId":6296,"vogeName":"T\u00f6rbel"},"geometry":{"type":"Polygon","coordinates":[[[7.79201,46.2431],[7.81155,46.24497],[7.84792,46.27126],[7.86224,46.25763],[7.86409,46.23792],[7.85422,46.22423],[7.84776,46.22037],[7.84398,46.21874],[7.8272,46.22955],[7.81874,46.22525],[7.79396,46.23533],[7.79201,46.2431]]]}},{"type":"Feature","properties":{"vogeId":6297,"vogeName":"Visp"},"geometry":{"type":"Polygon","coordinates":[[[7.84102,46.2995],[7.87212,46.29908],[7.87567,46.29937],[7.8952,46.2969],[7.90186,46.29673],[7.91209,46.29758],[7.92676,46.29901],[7.93039,46.28288],[7.91393,46.27966],[7.8989,46.28719],[7.8831,46.28352],[7.8804,46.2795],[7.88122,46.27084],[7.87057,46.27237],[7.87001,46.28566],[7.83627,46.28668],[7.84102,46.2995]]]}},{"type":"Feature","properties":{"vogeId":6298,"vogeName":"Visperterminen"},"geometry":{"type":"Polygon","coordinates":[[[7.88122,46.27084],[7.8804,46.2795],[7.8831,46.28352],[7.8989,46.28719],[7.91393,46.27966],[7.93039,46.28288],[7.94527,46.28326],[7.95395,46.26143],[7.98246,46.24921],[7.98005,46.22952],[7.99158,46.18558],[7.94228,46.19924],[7.9394,46.22418],[7.9162,46.23443],[7.88701,46.24589],[7.87912,46.25786],[7.87829,46.26548],[7.88122,46.27084]]]}},{"type":"Feature","properties":{"vogeId":6299,"vogeName":"Zeneggen"},"geometry":{"type":"Polygon","coordinates":[[[7.84792,46.27126],[7.83399,46.27952],[7.83627,46.28668],[7.87001,46.28566],[7.87057,46.27237],[7.88122,46.27084],[7.87829,46.26548],[7.87912,46.25786],[7.86224,46.25763],[7.84792,46.27126]]]}},{"type":"Feature","properties":{"vogeId":6300,"vogeName":"Zermatt"},"geometry":{"type":"Polygon","coordinates":[[[7.69,46.06427],[7.70125,46.05768],[7.74481,46.05607],[7.77615,46.04569],[7.79363,46.04802],[7.81382,46.02602],[7.83807,46.01802],[7.88363,46.02188],[7.90476,46.01269],[7.90904,45.99566],[7.89387,45.97856],[7.8808,45.97249],[7.88151,45.9513],[7.87374,45.94551],[7.87234,45.93596],[7.87998,45.92608],[7.87529,45.91953],[7.86114,45.91451],[7.85543,45.91856],[7.83317,45.92073],[7.8182,45.92511],[7.80268,45.91382],[7.76576,45.93617],[7.75011,45.93845],[7.73436,45.92312],[7.7198,45.92271],[7.70706,45.93379],[7.70823,45.94737],[7.69634,45.95381],[7.68134,45.95474],[7.66772,45.97193],[7.65779,45.97389],[7.64099,45.9684],[7.62245,45.97022],[7.61096,45.96741],[7.58293,45.97043],[7.57547,45.98745],[7.60201,46.0019],[7.61206,46.03427],[7.63259,46.02662],[7.67087,46.03789],[7.69,46.06427]]]}},{"type":"Feature","properties":{"vogeId":6404,"vogeName":"Boudry"},"geometry":{"type":"Polygon","coordinates":[[[6.82205,46.9709],[6.83454,46.95993],[6.85073,46.96016],[6.87506,46.9564],[6.87129,46.95131],[6.87112,46.94564],[6.86321,46.95007],[6.85126,46.953],[6.84699,46.95268],[6.84388,46.94953],[6.84029,46.94876],[6.8289,46.94214],[6.79769,46.93898],[6.78115,46.94993],[6.77222,46.9451],[6.75363,46.93947],[6.7484,46.94407],[6.74877,46.94989],[6.75283,46.94961],[6.75616,46.95292],[6.76356,46.95416],[6.76735,46.95686],[6.77159,46.95928],[6.78349,46.96099],[6.78436,46.96308],[6.79176,46.96462],[6.82205,46.9709]]]}},{"type":"Feature","properties":{"vogeId":6408,"vogeName":"Cortaillod"},"geometry":{"type":"Polygon","coordinates":[[[6.8289,46.94214],[6.84029,46.94876],[6.84388,46.94953],[6.84699,46.95268],[6.85126,46.953],[6.86321,46.95007],[6.87112,46.94564],[6.86061,46.94111],[6.8467,46.9385],[6.83935,46.93249],[6.8289,46.94214]]]}},{"type":"Feature","properties":{"vogeId":6413,"vogeName":"Rochefort"},"geometry":{"type":"Polygon","coordinates":[[[6.795,47.01374],[6.84501,46.98953],[6.84665,46.98387],[6.842,46.97683],[6.82205,46.9709],[6.79176,46.96462],[6.78436,46.96308],[6.78349,46.96099],[6.77159,46.95928],[6.76735,46.95686],[6.76356,46.95416],[6.75616,46.95292],[6.75283,46.94961],[6.74877,46.94989],[6.74379,46.95299],[6.74032,46.96028],[6.7786,46.97454],[6.7624,46.99295],[6.795,47.01374]]]}},{"type":"Feature","properties":{"vogeId":6416,"vogeName":"Milvignes"},"geometry":{"type":"Polygon","coordinates":[[[6.89461,46.97933],[6.88475,46.97615],[6.87379,46.96998],[6.87506,46.9564],[6.85073,46.96016],[6.83454,46.95993],[6.82205,46.9709],[6.842,46.97683],[6.84665,46.98387],[6.86403,46.97784],[6.88489,46.98361],[6.89344,46.9835],[6.89461,46.97933]]]}},{"type":"Feature","properties":{"vogeId":6417,"vogeName":"La Grande B\u00e9roche"},"geometry":{"type":"Polygon","coordinates":[[[6.73794,46.88445],[6.73963,46.89237],[6.71676,46.90611],[6.72362,46.93108],[6.72086,46.93614],[6.71945,46.94016],[6.7484,46.94407],[6.75363,46.93947],[6.77222,46.9451],[6.78115,46.94993],[6.79769,46.93898],[6.8289,46.94214],[6.83935,46.93249],[6.83963,46.92727],[6.83718,46.92561],[6.83132,46.92663],[6.80562,46.91514],[6.7836,46.89636],[6.77915,46.89291],[6.77111,46.88987],[6.76555,46.88492],[6.76115,46.87832],[6.75782,46.87472],[6.75675,46.87054],[6.73631,46.87146],[6.73935,46.87924],[6.74019,46.88402],[6.73794,46.88445]]]}},{"type":"Feature","properties":{"vogeId":6421,"vogeName":"La Chaux-de-Fonds"},"geometry":{"type":"Polygon","coordinates":[[[6.86671,47.08501],[6.84618,47.06655],[6.82818,47.08436],[6.78631,47.06174],[6.78037,47.06828],[6.77374,47.0757],[6.76277,47.08817],[6.80399,47.1099],[6.79228,47.127],[6.79743,47.13001],[6.80554,47.13125],[6.80819,47.13544],[6.81248,47.13591],[6.82747,47.14644],[6.83579,47.14932],[6.83756,47.15247],[6.84294,47.15548],[6.8479,47.15595],[6.85818,47.16556],[6.86156,47.16557],[6.87834,47.1373],[6.88615,47.12391],[6.86346,47.0938],[6.8608,47.0902],[6.86671,47.08501]]]}},{"type":"Feature","properties":{"vogeId":6422,"vogeName":"Les Planchettes"},"geometry":{"type":"Polygon","coordinates":[[[6.73548,47.08965],[6.74556,47.09449],[6.74615,47.10061],[6.74047,47.10446],[6.74041,47.10893],[6.74626,47.10986],[6.75229,47.11423],[6.76259,47.12011],[6.77723,47.12214],[6.79228,47.127],[6.80399,47.1099],[6.76277,47.08817],[6.73548,47.08965]]]}},{"type":"Feature","properties":{"vogeId":6423,"vogeName":"La Sagne"},"geometry":{"type":"Polygon","coordinates":[[[6.78631,47.06174],[6.82818,47.08436],[6.84618,47.06655],[6.82681,47.04615],[6.81726,47.03505],[6.80814,47.02575],[6.80146,47.019],[6.795,47.01374],[6.78076,47.01828],[6.75227,47.02841],[6.78631,47.06174]]]}},{"type":"Feature","properties":{"vogeId":6432,"vogeName":"La Br\u00e9vine"},"geometry":{"type":"Polygon","coordinates":[[[6.59142,46.99092],[6.61608,46.982],[6.65114,47.00015],[6.6645,46.9783],[6.66597,46.9704],[6.63872,46.95783],[6.6006,46.95054],[6.56244,46.94697],[6.53686,46.94394],[6.50323,46.95202],[6.48586,46.9674],[6.49632,46.97406],[6.50479,46.96562],[6.57041,46.9827],[6.59142,46.99092]]]}},{"type":"Feature","properties":{"vogeId":6433,"vogeName":"Brot-Plamboz"},"geometry":{"type":"Polygon","coordinates":[[[6.78076,47.01828],[6.795,47.01374],[6.7624,46.99295],[6.7786,46.97454],[6.74032,46.96028],[6.71688,46.96462],[6.71524,46.96938],[6.71806,46.97716],[6.78076,47.01828]]]}},{"type":"Feature","properties":{"vogeId":6434,"vogeName":"Le Cerneux-P\u00e9quignot"},"geometry":{"type":"Polygon","coordinates":[[[6.69899,47.03883],[6.71576,47.03043],[6.65114,47.00015],[6.61608,46.982],[6.59142,46.99092],[6.60328,46.99548],[6.61747,46.99439],[6.63691,47.00364],[6.65368,47.02644],[6.67694,47.03749],[6.69899,47.03883]]]}},{"type":"Feature","properties":{"vogeId":6435,"vogeName":"La Chaux-du-Milieu"},"geometry":{"type":"Polygon","coordinates":[[[6.71576,47.03043],[6.74535,47.02315],[6.71129,46.99548],[6.6645,46.9783],[6.65114,47.00015],[6.71576,47.03043]]]}},{"type":"Feature","properties":{"vogeId":6436,"vogeName":"Le Locle"},"geometry":{"type":"Polygon","coordinates":[[[6.76277,47.08817],[6.77374,47.0757],[6.78037,47.06828],[6.78631,47.06174],[6.75227,47.02841],[6.74535,47.02315],[6.71576,47.03043],[6.69899,47.03883],[6.71953,47.05209],[6.70143,47.0578],[6.69183,47.06773],[6.70192,47.07078],[6.70547,47.07514],[6.70565,47.07812],[6.70314,47.08079],[6.70288,47.08348],[6.706,47.08544],[6.71498,47.08833],[6.73548,47.08965],[6.76277,47.08817]]]}},{"type":"Feature","properties":{"vogeId":6437,"vogeName":"Les Ponts-de-Martel"},"geometry":{"type":"Polygon","coordinates":[[[6.74535,47.02315],[6.75227,47.02841],[6.78076,47.01828],[6.71806,46.97716],[6.71524,46.96938],[6.69151,46.97714],[6.66597,46.9704],[6.6645,46.9783],[6.71129,46.99548],[6.74535,47.02315]]]}},{"type":"Feature","properties":{"vogeId":6451,"vogeName":"Cornaux"},"geometry":{"type":"Polygon","coordinates":[[[7.01287,47.04311],[7.02842,47.04272],[7.03704,47.03454],[7.03324,47.0299],[7.03329,47.02393],[7.02766,47.02451],[7.02739,47.03003],[7.02154,47.02971],[7.01012,47.02101],[6.99837,47.02619],[7.01287,47.04311]]]}},{"type":"Feature","properties":{"vogeId":6452,"vogeName":"Cressier (NE)"},"geometry":{"type":"Polygon","coordinates":[[[6.99186,47.05184],[7.0008,47.06038],[7.00621,47.05906],[7.01304,47.05087],[7.02201,47.05613],[7.02957,47.06839],[7.05015,47.05817],[7.05363,47.0434],[7.04331,47.03919],[7.03704,47.03454],[7.02842,47.04272],[7.01287,47.04311],[6.99186,47.05184]]]}},{"type":"Feature","properties":{"vogeId":6453,"vogeName":"Enges"},"geometry":{"type":"Polygon","coordinates":[[[7.01314,47.09475],[7.03622,47.08364],[7.02525,47.0739],[7.02957,47.06839],[7.02201,47.05613],[7.01304,47.05087],[7.00621,47.05906],[7.0008,47.06038],[6.99186,47.05184],[6.98434,47.06136],[6.99887,47.07515],[7.01314,47.09475]]]}},{"type":"Feature","properties":{"vogeId":6454,"vogeName":"Hauterive (NE)"},"geometry":{"type":"Polygon","coordinates":[[[6.96436,47.028],[6.98026,47.01194],[6.96905,47.00667],[6.96677,47.0098],[6.95675,47.02349],[6.96436,47.028]]]}},{"type":"Feature","properties":{"vogeId":6455,"vogeName":"Le Landeron"},"geometry":{"type":"Polygon","coordinates":[[[7.03622,47.08364],[7.05658,47.07237],[7.07706,47.07602],[7.08777,47.05814],[7.08304,47.05827],[7.0745,47.05511],[7.07339,47.05332],[7.07543,47.05124],[7.06893,47.04614],[7.06309,47.04448],[7.05363,47.0434],[7.05015,47.05817],[7.02957,47.06839],[7.02525,47.0739],[7.03622,47.08364]]]}},{"type":"Feature","properties":{"vogeId":6456,"vogeName":"Ligni\u00e8res"},"geometry":{"type":"Polygon","coordinates":[[[7.02337,47.11225],[7.04053,47.10903],[7.08397,47.08827],[7.08717,47.08157],[7.07706,47.07602],[7.05658,47.07237],[7.03622,47.08364],[7.01314,47.09475],[7.02337,47.11225]]]}},{"type":"Feature","properties":{"vogeId":6458,"vogeName":"Neuch\u00e2tel"},"geometry":{"type":"Polygon","coordinates":[[[6.98434,47.06136],[6.99186,47.05184],[6.96436,47.028],[6.95675,47.02349],[6.96677,47.0098],[6.96905,47.00667],[6.96032,47.00171],[6.95989,46.99888],[6.95564,46.99617],[6.94912,46.99614],[6.94734,46.9936],[6.93567,46.99056],[6.92984,46.9883],[6.92556,46.98903],[6.91502,46.9851],[6.91325,46.983],[6.90765,46.98029],[6.89461,46.97933],[6.89344,46.9835],[6.88489,46.98361],[6.86403,46.97784],[6.84665,46.98387],[6.84501,46.98953],[6.85529,46.99555],[6.87457,47.00311],[6.88084,47.00553],[6.88276,47.01599],[6.90254,47.01907],[6.90533,47.03266],[6.91257,47.02881],[6.91299,47.00941],[6.92127,47.01378],[6.95711,47.03289],[6.98434,47.06136]]]}},{"type":"Feature","properties":{"vogeId":6459,"vogeName":"Saint-Blaise"},"geometry":{"type":"Polygon","coordinates":[[[6.99186,47.05184],[7.01287,47.04311],[6.99837,47.02619],[7.01012,47.02101],[7.01239,47.01848],[6.99334,47.00841],[6.98725,47.01078],[6.98026,47.01194],[6.96436,47.028],[6.99186,47.05184]]]}},{"type":"Feature","properties":{"vogeId":6461,"vogeName":"La T\u00e8ne"},"geometry":{"type":"Polygon","coordinates":[[[7.03004,47.00646],[7.02533,47.00555],[7.0213,47.0024],[7.01858,47.00448],[7.01408,47.00446],[7.01095,47.00266],[6.99698,47.0047],[6.99334,47.00841],[7.01239,47.01848],[7.01012,47.02101],[7.02154,47.02971],[7.02739,47.03003],[7.02766,47.02451],[7.03329,47.02393],[7.03377,47.02035],[7.03202,47.01303],[7.03004,47.00646]]]}},{"type":"Feature","properties":{"vogeId":6487,"vogeName":"Val-de-Ruz"},"geometry":{"type":"Polygon","coordinates":[[[6.84501,46.98953],[6.795,47.01374],[6.80146,47.019],[6.80814,47.02575],[6.81726,47.03505],[6.82681,47.04615],[6.84618,47.06655],[6.86671,47.08501],[6.88603,47.09197],[6.91813,47.1051],[6.93928,47.10967],[6.95188,47.11271],[6.97193,47.11503],[6.98455,47.11673],[7.00794,47.12443],[7.02012,47.12388],[7.03316,47.12974],[7.03997,47.12469],[7.02337,47.11225],[7.01314,47.09475],[6.99887,47.07515],[6.98434,47.06136],[6.95711,47.03289],[6.92127,47.01378],[6.91299,47.00941],[6.91257,47.02881],[6.90533,47.03266],[6.90254,47.01907],[6.88276,47.01599],[6.88084,47.00553],[6.87457,47.00311],[6.85529,46.99555],[6.84501,46.98953]]]}},{"type":"Feature","properties":{"vogeId":6504,"vogeName":"La C\u00f4te-aux-F\u00e9es"},"geometry":{"type":"Polygon","coordinates":[[[6.46302,46.87557],[6.49636,46.88197],[6.52002,46.8641],[6.52729,46.85879],[6.513,46.85494],[6.48217,46.84648],[6.46009,46.85136],[6.46302,46.87557]]]}},{"type":"Feature","properties":{"vogeId":6511,"vogeName":"Les Verri\u00e8res"},"geometry":{"type":"Polygon","coordinates":[[[6.46302,46.87557],[6.46293,46.89288],[6.43261,46.92874],[6.45242,46.93936],[6.47008,46.95697],[6.49051,46.9464],[6.50245,46.9062],[6.51381,46.89883],[6.49636,46.88197],[6.46302,46.87557]]]}},{"type":"Feature","properties":{"vogeId":6512,"vogeName":"Val-de-Travers"},"geometry":{"type":"Polygon","coordinates":[[[6.47008,46.95697],[6.48586,46.9674],[6.50323,46.95202],[6.53686,46.94394],[6.56244,46.94697],[6.6006,46.95054],[6.63872,46.95783],[6.66597,46.9704],[6.69151,46.97714],[6.71524,46.96938],[6.71688,46.96462],[6.74032,46.96028],[6.74379,46.95299],[6.74877,46.94989],[6.7484,46.94407],[6.71945,46.94016],[6.72086,46.93614],[6.66246,46.91755],[6.64555,46.90624],[6.63027,46.89165],[6.62133,46.88875],[6.60295,46.88638],[6.58682,46.88417],[6.57051,46.87882],[6.56293,46.87563],[6.52729,46.85879],[6.52002,46.8641],[6.49636,46.88197],[6.51381,46.89883],[6.50245,46.9062],[6.49051,46.9464],[6.47008,46.95697]]]}},{"type":"Feature","properties":{"vogeId":6601,"vogeName":"Aire-la-Ville"},"geometry":{"type":"Polygon","coordinates":[[[6.03255,46.19936],[6.04125,46.19752],[6.05023,46.19331],[6.05864,46.19371],[6.0505,46.18256],[6.03023,46.18619],[6.03259,46.18936],[6.02843,46.19572],[6.03255,46.19936]]]}},{"type":"Feature","properties":{"vogeId":6602,"vogeName":"Ani\u00e8res"},"geometry":{"type":"Polygon","coordinates":[[[6.23524,46.28917],[6.24468,46.2839],[6.23749,46.27755],[6.24584,46.27182],[6.25005,46.26216],[6.24206,46.26178],[6.21653,46.27166],[6.22865,46.28567],[6.23524,46.28917]]]}},{"type":"Feature","properties":{"vogeId":6603,"vogeName":"Avully"},"geometry":{"type":"Polygon","coordinates":[[[5.99168,46.1769],[5.99565,46.17769],[6.00567,46.17603],[6.01008,46.17683],[6.02017,46.16382],[6.00571,46.15767],[5.99401,46.16454],[5.97572,46.16057],[5.98216,46.16827],[5.98271,46.17275],[5.98875,46.17044],[5.99072,46.17136],[5.99168,46.1769]]]}},{"type":"Feature","properties":{"vogeId":6604,"vogeName":"Avusy"},"geometry":{"type":"Polygon","coordinates":[[[6.00571,46.15767],[6.02017,46.16382],[6.01689,46.15363],[6.03566,46.1476],[6.02388,46.14073],[6.00819,46.13934],[5.99437,46.14245],[5.98242,46.142],[5.98571,46.15144],[6.00571,46.15767]]]}},{"type":"Feature","properties":{"vogeId":6605,"vogeName":"Bardonnex"},"geometry":{"type":"Polygon","coordinates":[[[6.09899,46.15777],[6.13939,46.15481],[6.14622,46.14713],[6.13043,46.14053],[6.09561,46.14221],[6.09121,46.15007],[6.09899,46.15777]]]}},{"type":"Feature","properties":{"vogeId":6606,"vogeName":"Bellevue"},"geometry":{"type":"Polygon","coordinates":[[[6.11976,46.26086],[6.14147,46.27231],[6.14329,46.26084],[6.1583,46.25504],[6.15331,46.2505],[6.15365,46.24558],[6.14153,46.25097],[6.12857,46.24529],[6.12378,46.25076],[6.11976,46.26086]]]}},{"type":"Feature","properties":{"vogeId":6607,"vogeName":"Bernex"},"geometry":{"type":"Polygon","coordinates":[[[6.07327,46.20284],[6.0797,46.20277],[6.08903,46.21094],[6.09353,46.20861],[6.09172,46.20083],[6.0874,46.19644],[6.08902,46.19348],[6.08661,46.1924],[6.08291,46.18967],[6.08872,46.17885],[6.07856,46.17753],[6.07653,46.17004],[6.08682,46.16628],[6.0772,46.1608],[6.07715,46.15393],[6.07334,46.14687],[6.0615,46.15956],[6.04906,46.15224],[6.03839,46.17077],[6.0505,46.18256],[6.05864,46.19371],[6.06528,46.19409],[6.07327,46.20284]]]}},{"type":"Feature","properties":{"vogeId":6608,"vogeName":"Carouge (GE)"},"geometry":{"type":"Polygon","coordinates":[[[6.12775,46.18737],[6.13411,46.19043],[6.1419,46.18902],[6.14527,46.18712],[6.15282,46.18661],[6.15487,46.1844],[6.15387,46.17991],[6.14072,46.17349],[6.14327,46.16889],[6.14084,46.16841],[6.13091,46.17576],[6.12775,46.18737]]]}},{"type":"Feature","properties":{"vogeId":6609,"vogeName":"Cartigny"},"geometry":{"type":"Polygon","coordinates":[[[6.03023,46.18619],[6.0505,46.18256],[6.03839,46.17077],[6.02017,46.16382],[6.01008,46.17683],[6.01493,46.17779],[6.02015,46.18189],[6.03023,46.18619]]]}},{"type":"Feature","properties":{"vogeId":6610,"vogeName":"C\u00e9ligny"},"geometry":{"type":"MultiPolygon","coordinates":[[[[6.1666,46.34619],[6.17098,46.34907],[6.18314,46.34249],[6.1661,46.33931],[6.1666,46.34619]]],[[[6.17445,46.3624],[6.1804,46.3647],[6.21269,46.35326],[6.20883,46.3471],[6.20768,46.33873],[6.19404,46.34246],[6.19587,46.34965],[6.17325,46.35671],[6.17445,46.3624]]]]}},{"type":"Feature","properties":{"vogeId":6611,"vogeName":"Chancy"},"geometry":{"type":"Polygon","coordinates":[[[5.97572,46.16057],[5.99401,46.16454],[6.00571,46.15767],[5.98571,46.15144],[5.98242,46.142],[5.97668,46.13311],[5.95711,46.12763],[5.95325,46.13132],[5.96421,46.13564],[5.9672,46.13941],[5.96398,46.144],[5.97572,46.16057]]]}},{"type":"Feature","properties":{"vogeId":6612,"vogeName":"Ch\u00eane-Bougeries"},"geometry":{"type":"Polygon","coordinates":[[[6.19536,46.20709],[6.20087,46.20849],[6.18666,46.19013],[6.18136,46.17947],[6.17326,46.17535],[6.16969,46.17605],[6.17182,46.17996],[6.17083,46.18458],[6.16788,46.18723],[6.16916,46.18963],[6.17576,46.20135],[6.19536,46.20709]]]}},{"type":"Feature","properties":{"vogeId":6613,"vogeName":"Ch\u00eane-Bourg"},"geometry":{"type":"Polygon","coordinates":[[[6.20087,46.20849],[6.20374,46.20927],[6.20507,46.19929],[6.19818,46.19055],[6.18666,46.19013],[6.20087,46.20849]]]}},{"type":"Feature","properties":{"vogeId":6614,"vogeName":"Choulex"},"geometry":{"type":"Polygon","coordinates":[[[6.20188,46.23269],[6.21332,46.23669],[6.22345,46.23023],[6.23153,46.23614],[6.24218,46.22596],[6.23392,46.2184],[6.2264,46.21743],[6.21838,46.20913],[6.21569,46.2103],[6.21825,46.2248],[6.20188,46.23269]]]}},{"type":"Feature","properties":{"vogeId":6615,"vogeName":"Collex-Bossy"},"geometry":{"type":"Polygon","coordinates":[[[6.12043,46.29744],[6.13323,46.29147],[6.13192,46.28131],[6.14348,46.28114],[6.14147,46.27231],[6.11976,46.26086],[6.10092,46.27796],[6.10001,46.28765],[6.11134,46.29644],[6.12043,46.29744]]]}},{"type":"Feature","properties":{"vogeId":6616,"vogeName":"Collonge-Bellerive"},"geometry":{"type":"Polygon","coordinates":[[[6.20957,46.26546],[6.22826,46.25372],[6.21332,46.23669],[6.20188,46.23269],[6.19376,46.23842],[6.19227,46.24542],[6.19421,46.25753],[6.19917,46.264],[6.20957,46.26546]]]}},{"type":"Feature","properties":{"vogeId":6617,"vogeName":"Cologny"},"geometry":{"type":"Polygon","coordinates":[[[6.19376,46.23842],[6.20188,46.23269],[6.18795,46.22059],[6.19536,46.20709],[6.17576,46.20135],[6.17218,46.21191],[6.19376,46.23842]]]}},{"type":"Feature","properties":{"vogeId":6618,"vogeName":"Confignon"},"geometry":{"type":"Polygon","coordinates":[[[6.08661,46.1924],[6.09927,46.17375],[6.09724,46.16596],[6.08682,46.16628],[6.07653,46.17004],[6.07856,46.17753],[6.08872,46.17885],[6.08291,46.18967],[6.08661,46.1924]]]}},{"type":"Feature","properties":{"vogeId":6619,"vogeName":"Corsier (GE)"},"geometry":{"type":"Polygon","coordinates":[[[6.20957,46.26546],[6.21653,46.27166],[6.24206,46.26178],[6.25005,46.26216],[6.24485,46.25614],[6.22826,46.25372],[6.20957,46.26546]]]}},{"type":"Feature","properties":{"vogeId":6620,"vogeName":"Dardagny"},"geometry":{"type":"Polygon","coordinates":[[[6.00201,46.22226],[5.99459,46.20948],[6.01008,46.17683],[6.00567,46.17603],[5.99565,46.17769],[5.99168,46.1769],[5.99308,46.18259],[5.98001,46.19063],[5.96034,46.19634],[5.96791,46.20361],[5.96796,46.20988],[5.97594,46.21834],[5.9857,46.21832],[5.98759,46.22222],[6.00201,46.22226]]]}},{"type":"Feature","properties":{"vogeId":6621,"vogeName":"Gen\u00e8ve"},"geometry":{"type":"Polygon","coordinates":[[[6.1176,46.22203],[6.12655,46.22781],[6.13267,46.23161],[6.14541,46.22787],[6.1501,46.22643],[6.15378,46.22095],[6.15413,46.21588],[6.15445,46.21171],[6.14922,46.20777],[6.14769,46.2067],[6.15418,46.20424],[6.17218,46.21191],[6.17576,46.20135],[6.16916,46.18963],[6.16788,46.18723],[6.16366,46.18763],[6.16242,46.18373],[6.15879,46.17772],[6.15387,46.17991],[6.15487,46.1844],[6.15282,46.18661],[6.14527,46.18712],[6.1419,46.18902],[6.13411,46.19043],[6.12775,46.18737],[6.1273,46.19706],[6.112,46.19703],[6.11075,46.20284],[6.11437,46.20871],[6.11886,46.21562],[6.11593,46.21768],[6.1176,46.22203]]]}},{"type":"Feature","properties":{"vogeId":6622,"vogeName":"Genthod"},"geometry":{"type":"Polygon","coordinates":[[[6.14147,46.27231],[6.16994,46.2701],[6.16678,46.2629],[6.16193,46.2612],[6.1583,46.25504],[6.14329,46.26084],[6.14147,46.27231]]]}},{"type":"Feature","properties":{"vogeId":6623,"vogeName":"Le Grand-Saconnex"},"geometry":{"type":"Polygon","coordinates":[[[6.12378,46.25076],[6.12857,46.24529],[6.13267,46.23161],[6.12655,46.22781],[6.1176,46.22203],[6.11198,46.22495],[6.10118,46.24034],[6.11352,46.24377],[6.12378,46.25076]]]}},{"type":"Feature","properties":{"vogeId":6624,"vogeName":"Gy"},"geometry":{"type":"Polygon","coordinates":[[[6.24485,46.25614],[6.25005,46.26216],[6.26396,46.25514],[6.26272,46.2508],[6.26918,46.24967],[6.28127,46.25532],[6.29149,46.26558],[6.29882,46.26505],[6.29869,46.26072],[6.29546,46.25591],[6.2806,46.24501],[6.26714,46.24174],[6.2571,46.24388],[6.24485,46.25614]]]}},{"type":"Feature","properties":{"vogeId":6625,"vogeName":"Hermance"},"geometry":{"type":"Polygon","coordinates":[[[6.24468,46.2839],[6.23524,46.28917],[6.24259,46.29821],[6.24203,46.30357],[6.25161,46.30233],[6.25586,46.29088],[6.25152,46.28621],[6.24468,46.2839]]]}},{"type":"Feature","properties":{"vogeId":6626,"vogeName":"Jussy"},"geometry":{"type":"Polygon","coordinates":[[[6.2571,46.24388],[6.26714,46.24174],[6.2806,46.24501],[6.29546,46.25591],[6.30895,46.25829],[6.3128,46.25489],[6.30992,46.24397],[6.29658,46.22383],[6.2819,46.22577],[6.25205,46.22113],[6.24682,46.2269],[6.24283,46.23716],[6.2571,46.24388]]]}},{"type":"Feature","properties":{"vogeId":6627,"vogeName":"Laconnex"},"geometry":{"type":"Polygon","coordinates":[[[6.03839,46.17077],[6.04906,46.15224],[6.03566,46.1476],[6.01689,46.15363],[6.02017,46.16382],[6.03839,46.17077]]]}},{"type":"Feature","properties":{"vogeId":6628,"vogeName":"Lancy"},"geometry":{"type":"Polygon","coordinates":[[[6.10291,46.19693],[6.11075,46.20284],[6.112,46.19703],[6.1273,46.19706],[6.12775,46.18737],[6.13091,46.17576],[6.14084,46.16841],[6.14067,46.16632],[6.11052,46.17597],[6.10291,46.19693]]]}},{"type":"Feature","properties":{"vogeId":6629,"vogeName":"Meinier"},"geometry":{"type":"Polygon","coordinates":[[[6.22826,46.25372],[6.24485,46.25614],[6.2571,46.24388],[6.24283,46.23716],[6.24682,46.2269],[6.24218,46.22596],[6.23153,46.23614],[6.22345,46.23023],[6.21332,46.23669],[6.22826,46.25372]]]}},{"type":"Feature","properties":{"vogeId":6630,"vogeName":"Meyrin"},"geometry":{"type":"Polygon","coordinates":[[[6.04496,46.23429],[6.05449,46.24351],[6.06304,46.24765],[6.06981,46.24325],[6.08921,46.24871],[6.10118,46.24034],[6.11198,46.22495],[6.06957,46.21743],[6.04496,46.23429]]]}},{"type":"Feature","properties":{"vogeId":6631,"vogeName":"Onex"},"geometry":{"type":"Polygon","coordinates":[[[6.08661,46.1924],[6.08902,46.19348],[6.09681,46.19253],[6.10291,46.19693],[6.11052,46.17597],[6.09927,46.17375],[6.08661,46.1924]]]}},{"type":"Feature","properties":{"vogeId":6632,"vogeName":"Perly-Certoux"},"geometry":{"type":"Polygon","coordinates":[[[6.08682,46.16628],[6.09724,46.16596],[6.09899,46.15777],[6.09121,46.15007],[6.08546,46.1494],[6.07334,46.14687],[6.07715,46.15393],[6.0772,46.1608],[6.08682,46.16628]]]}},{"type":"Feature","properties":{"vogeId":6633,"vogeName":"Plan-les-Ouates"},"geometry":{"type":"Polygon","coordinates":[[[6.09927,46.17375],[6.11052,46.17597],[6.14067,46.16632],[6.13939,46.15481],[6.09899,46.15777],[6.09724,46.16596],[6.09927,46.17375]]]}},{"type":"Feature","properties":{"vogeId":6634,"vogeName":"Pregny-Chamb\u00e9sy"},"geometry":{"type":"Polygon","coordinates":[[[6.12857,46.24529],[6.14153,46.25097],[6.15365,46.24558],[6.15172,46.23302],[6.1501,46.22643],[6.14541,46.22787],[6.13267,46.23161],[6.12857,46.24529]]]}},{"type":"Feature","properties":{"vogeId":6635,"vogeName":"Presinge"},"geometry":{"type":"Polygon","coordinates":[[[6.24218,46.22596],[6.24682,46.2269],[6.25205,46.22113],[6.2819,46.22577],[6.29658,46.22383],[6.27684,46.21348],[6.26049,46.21048],[6.24929,46.20543],[6.24085,46.20594],[6.24773,46.21572],[6.23392,46.2184],[6.24218,46.22596]]]}},{"type":"Feature","properties":{"vogeId":6636,"vogeName":"Puplinge"},"geometry":{"type":"Polygon","coordinates":[[[6.21838,46.20913],[6.2264,46.21743],[6.23392,46.2184],[6.24773,46.21572],[6.24085,46.20594],[6.22432,46.20143],[6.21838,46.20913]]]}},{"type":"Feature","properties":{"vogeId":6637,"vogeName":"Russin"},"geometry":{"type":"Polygon","coordinates":[[[5.99459,46.20948],[6.03255,46.19936],[6.02843,46.19572],[6.03259,46.18936],[6.03023,46.18619],[6.02015,46.18189],[6.01493,46.17779],[6.01008,46.17683],[5.99459,46.20948]]]}},{"type":"Feature","properties":{"vogeId":6638,"vogeName":"Satigny"},"geometry":{"type":"Polygon","coordinates":[[[6.00201,46.22226],[6.0148,46.23377],[6.02405,46.23657],[6.03347,46.24102],[6.04496,46.23429],[6.06957,46.21743],[6.07327,46.20284],[6.06528,46.19409],[6.05864,46.19371],[6.05023,46.19331],[6.04125,46.19752],[6.03255,46.19936],[5.99459,46.20948],[6.00201,46.22226]]]}},{"type":"Feature","properties":{"vogeId":6639,"vogeName":"Soral"},"geometry":{"type":"Polygon","coordinates":[[[6.04906,46.15224],[6.0615,46.15956],[6.07334,46.14687],[6.0538,46.14887],[6.04913,46.14075],[6.03534,46.13431],[6.02388,46.14073],[6.03566,46.1476],[6.04906,46.15224]]]}},{"type":"Feature","properties":{"vogeId":6640,"vogeName":"Th\u00f4nex"},"geometry":{"type":"Polygon","coordinates":[[[6.20374,46.20927],[6.21569,46.2103],[6.21838,46.20913],[6.22432,46.20143],[6.21871,46.19451],[6.20728,46.1902],[6.19947,46.18251],[6.18604,46.17833],[6.18136,46.17947],[6.18666,46.19013],[6.19818,46.19055],[6.20507,46.19929],[6.20374,46.20927]]]}},{"type":"Feature","properties":{"vogeId":6641,"vogeName":"Troinex"},"geometry":{"type":"Polygon","coordinates":[[[6.14067,46.16632],[6.14084,46.16841],[6.17542,46.15851],[6.14622,46.14713],[6.13939,46.15481],[6.14067,46.16632]]]}},{"type":"Feature","properties":{"vogeId":6642,"vogeName":"Vandoeuvres"},"geometry":{"type":"Polygon","coordinates":[[[6.20188,46.23269],[6.21825,46.2248],[6.21569,46.2103],[6.20374,46.20927],[6.20087,46.20849],[6.19536,46.20709],[6.18795,46.22059],[6.20188,46.23269]]]}},{"type":"Feature","properties":{"vogeId":6643,"vogeName":"Vernier"},"geometry":{"type":"Polygon","coordinates":[[[6.11198,46.22495],[6.1176,46.22203],[6.11593,46.21768],[6.11886,46.21562],[6.11437,46.20871],[6.11075,46.20284],[6.10291,46.19693],[6.09681,46.19253],[6.08902,46.19348],[6.0874,46.19644],[6.09172,46.20083],[6.09353,46.20861],[6.08903,46.21094],[6.0797,46.20277],[6.07327,46.20284],[6.06957,46.21743],[6.11198,46.22495]]]}},{"type":"Feature","properties":{"vogeId":6644,"vogeName":"Versoix"},"geometry":{"type":"Polygon","coordinates":[[[6.12457,46.31899],[6.14069,46.30484],[6.17134,46.29579],[6.16832,46.28232],[6.17202,46.27624],[6.16994,46.2701],[6.14147,46.27231],[6.14348,46.28114],[6.13192,46.28131],[6.13323,46.29147],[6.12043,46.29744],[6.11803,46.30458],[6.11937,46.3137],[6.12457,46.31899]]]}},{"type":"Feature","properties":{"vogeId":6645,"vogeName":"Veyrier"},"geometry":{"type":"Polygon","coordinates":[[[6.18136,46.17947],[6.18604,46.17833],[6.18875,46.16657],[6.17542,46.15851],[6.14084,46.16841],[6.14327,46.16889],[6.14072,46.17349],[6.15387,46.17991],[6.15879,46.17772],[6.16242,46.18373],[6.16366,46.18763],[6.16788,46.18723],[6.17083,46.18458],[6.17182,46.17996],[6.16969,46.17605],[6.17326,46.17535],[6.18136,46.17947]]]}},{"type":"Feature","properties":{"vogeId":6702,"vogeName":"Bo\u00e9court"},"geometry":{"type":"Polygon","coordinates":[[[7.2275,47.38292],[7.25246,47.37684],[7.25046,47.36505],[7.22066,47.33993],[7.19095,47.34852],[7.21168,47.37319],[7.2275,47.38292]]]}},{"type":"Feature","properties":{"vogeId":6703,"vogeName":"Bourrignon"},"geometry":{"type":"Polygon","coordinates":[[[7.23601,47.41099],[7.263,47.4079],[7.28006,47.3924],[7.29842,47.39273],[7.29097,47.37988],[7.25246,47.37684],[7.2275,47.38292],[7.22537,47.40604],[7.23601,47.41099]]]}},{"type":"Feature","properties":{"vogeId":6704,"vogeName":"Ch\u00e2tillon (JU)"},"geometry":{"type":"Polygon","coordinates":[[[7.33547,47.33874],[7.35359,47.33622],[7.3568,47.31459],[7.34911,47.30906],[7.34934,47.30593],[7.34821,47.30563],[7.33735,47.30592],[7.33531,47.30621],[7.33547,47.33874]]]}},{"type":"Feature","properties":{"vogeId":6706,"vogeName":"Courchapoix"},"geometry":{"type":"Polygon","coordinates":[[[7.45369,47.37341],[7.45845,47.37117],[7.46455,47.33327],[7.44938,47.3279],[7.43806,47.34595],[7.45369,47.37341]]]}},{"type":"Feature","properties":{"vogeId":6708,"vogeName":"Courrendlin"},"geometry":{"type":"Polygon","coordinates":[[[7.34934,47.30593],[7.34911,47.30906],[7.3568,47.31459],[7.35359,47.33622],[7.35267,47.34741],[7.36376,47.35593],[7.37055,47.35429],[7.38641,47.34997],[7.3964,47.33058],[7.40681,47.33446],[7.44032,47.32745],[7.44236,47.30865],[7.44055,47.3085],[7.42131,47.30686],[7.39075,47.31311],[7.38894,47.3155],[7.38509,47.31625],[7.38124,47.31684],[7.34934,47.30593]]]}},{"type":"Feature","properties":{"vogeId":6709,"vogeName":"Courroux"},"geometry":{"type":"Polygon","coordinates":[[[7.36643,47.38816],[7.37187,47.38966],[7.39317,47.39101],[7.41358,47.38953],[7.41177,47.38057],[7.43738,47.38087],[7.43602,47.37819],[7.40068,47.35401],[7.40681,47.33446],[7.3964,47.33058],[7.38641,47.34997],[7.37055,47.35429],[7.36376,47.35593],[7.36261,47.36443],[7.36283,47.36801],[7.36056,47.3707],[7.36282,47.37369],[7.3635,47.37622],[7.361,47.37846],[7.36168,47.38204],[7.36643,47.38816]]]}},{"type":"Feature","properties":{"vogeId":6710,"vogeName":"Court\u00e9telle"},"geometry":{"type":"Polygon","coordinates":[[[7.29536,47.3487],[7.31459,47.35962],[7.33342,47.34785],[7.33547,47.33874],[7.33531,47.30621],[7.29932,47.30976],[7.29536,47.3487]]]}},{"type":"Feature","properties":{"vogeId":6711,"vogeName":"Del\u00e9mont"},"geometry":{"type":"Polygon","coordinates":[[[7.29842,47.39273],[7.36053,47.39413],[7.36643,47.38816],[7.36168,47.38204],[7.361,47.37846],[7.3635,47.37622],[7.36282,47.37369],[7.36056,47.3707],[7.36283,47.36801],[7.36261,47.36443],[7.36376,47.35593],[7.35267,47.34741],[7.34723,47.35219],[7.33342,47.34785],[7.31459,47.35962],[7.29097,47.37988],[7.29842,47.39273]]]}},{"type":"Feature","properties":{"vogeId":6712,"vogeName":"Develier"},"geometry":{"type":"Polygon","coordinates":[[[7.25246,47.37684],[7.29097,47.37988],[7.31459,47.35962],[7.29536,47.3487],[7.27203,47.35135],[7.25046,47.36505],[7.25246,47.37684]]]}},{"type":"Feature","properties":{"vogeId":6713,"vogeName":"Ederswiler"},"geometry":{"type":"Polygon","coordinates":[[[7.31331,47.42139],[7.32622,47.43215],[7.35958,47.42054],[7.35732,47.41502],[7.31331,47.42139]]]}},{"type":"Feature","properties":{"vogeId":6715,"vogeName":"Mervelier"},"geometry":{"type":"Polygon","coordinates":[[[7.53681,47.35024],[7.55221,47.3453],[7.52069,47.32503],[7.4872,47.3358],[7.48902,47.35072],[7.53681,47.35024]]]}},{"type":"Feature","properties":{"vogeId":6716,"vogeName":"Mettembert"},"geometry":{"type":"Polygon","coordinates":[[[7.30112,47.40123],[7.34986,47.40128],[7.35712,47.40084],[7.36053,47.39413],[7.29842,47.39273],[7.30112,47.40123]]]}},{"type":"Feature","properties":{"vogeId":6718,"vogeName":"Movelier"},"geometry":{"type":"Polygon","coordinates":[[[7.31331,47.42139],[7.35732,47.41502],[7.36322,47.41472],[7.34986,47.40128],[7.30112,47.40123],[7.29859,47.41302],[7.31331,47.42139]]]}},{"type":"Feature","properties":{"vogeId":6719,"vogeName":"Pleigne"},"geometry":{"type":"Polygon","coordinates":[[[7.24526,47.42294],[7.26838,47.4288],[7.28129,47.43658],[7.29332,47.43391],[7.30238,47.43929],[7.32779,47.44111],[7.32622,47.43215],[7.31331,47.42139],[7.29859,47.41302],[7.30112,47.40123],[7.29842,47.39273],[7.28006,47.3924],[7.263,47.4079],[7.23601,47.41099],[7.23418,47.41591],[7.24526,47.42294]]]}},{"type":"Feature","properties":{"vogeId":6721,"vogeName":"Rossemaison"},"geometry":{"type":"Polygon","coordinates":[[[7.33342,47.34785],[7.34723,47.35219],[7.35267,47.34741],[7.35359,47.33622],[7.33547,47.33874],[7.33342,47.34785]]]}},{"type":"Feature","properties":{"vogeId":6722,"vogeName":"Saulcy"},"geometry":{"type":"Polygon","coordinates":[[[7.13663,47.30124],[7.14524,47.29917],[7.16868,47.31818],[7.1918,47.31062],[7.17446,47.29417],[7.16338,47.29309],[7.15436,47.28651],[7.12492,47.2921],[7.12375,47.29747],[7.13663,47.30124]]]}},{"type":"Feature","properties":{"vogeId":6724,"vogeName":"Soyhi\u00e8res"},"geometry":{"type":"Polygon","coordinates":[[[7.36322,47.41472],[7.37592,47.41413],[7.37774,47.40936],[7.41335,47.3946],[7.41358,47.38953],[7.39317,47.39101],[7.37187,47.38966],[7.36643,47.38816],[7.36053,47.39413],[7.35712,47.40084],[7.34986,47.40128],[7.36322,47.41472]]]}},{"type":"Feature","properties":{"vogeId":6729,"vogeName":"Haute-Sorne"},"geometry":{"type":"Polygon","coordinates":[[[7.25046,47.36505],[7.27203,47.35135],[7.29536,47.3487],[7.29932,47.30976],[7.33531,47.30621],[7.33735,47.30592],[7.30729,47.28798],[7.28015,47.28451],[7.26794,47.28524],[7.25459,47.28552],[7.23241,47.28817],[7.21249,47.28902],[7.21023,47.28872],[7.2059,47.29558],[7.17446,47.29417],[7.1918,47.31062],[7.16868,47.31818],[7.14524,47.29917],[7.13663,47.30124],[7.15892,47.32383],[7.19095,47.34852],[7.22066,47.33993],[7.25046,47.36505]]]}},{"type":"Feature","properties":{"vogeId":6730,"vogeName":"Val Terbi"},"geometry":{"type":"Polygon","coordinates":[[[7.49425,47.37071],[7.51873,47.37204],[7.53955,47.36009],[7.53681,47.35024],[7.48902,47.35072],[7.4872,47.3358],[7.52069,47.32503],[7.5302,47.32234],[7.55126,47.32829],[7.55487,47.32142],[7.49079,47.30222],[7.47427,47.307],[7.44236,47.30865],[7.44032,47.32745],[7.40681,47.33446],[7.40068,47.35401],[7.43602,47.37819],[7.45369,47.37341],[7.43806,47.34595],[7.44938,47.3279],[7.46455,47.33327],[7.45845,47.37117],[7.48768,47.36967],[7.49425,47.37071]]]}},{"type":"Feature","properties":{"vogeId":6741,"vogeName":"Le B\u00e9mont (JU)"},"geometry":{"type":"Polygon","coordinates":[[[7.02657,47.28224],[7.03992,47.28244],[7.03072,47.27226],[7.06634,47.25566],[7.05808,47.24176],[7.05696,47.24041],[7.00002,47.26498],[7.00513,47.27574],[7.02657,47.28224]]]}},{"type":"Feature","properties":{"vogeId":6742,"vogeName":"Les Bois"},"geometry":{"type":"Polygon","coordinates":[[[6.94535,47.18536],[6.94043,47.18042],[6.91598,47.16345],[6.88384,47.15046],[6.87208,47.17398],[6.86156,47.16557],[6.85818,47.16556],[6.84485,47.16653],[6.83936,47.17292],[6.86343,47.1811],[6.8679,47.1853],[6.87332,47.18518],[6.87437,47.19205],[6.88084,47.20029],[6.8896,47.20511],[6.91604,47.20374],[6.94535,47.18536]]]}},{"type":"Feature","properties":{"vogeId":6743,"vogeName":"Les Breuleux"},"geometry":{"type":"Polygon","coordinates":[[[6.981,47.21536],[7.01259,47.21951],[7.03347,47.20765],[7.02564,47.19777],[7.01618,47.19475],[6.995,47.18915],[6.98348,47.18895],[6.97092,47.20547],[6.981,47.21536]]]}},{"type":"Feature","properties":{"vogeId":6744,"vogeName":"La Chaux-des-Breuleux"},"geometry":{"type":"Polygon","coordinates":[[[7.01972,47.23342],[7.04689,47.2268],[7.04399,47.22141],[7.03504,47.20974],[7.03347,47.20765],[7.01259,47.21951],[7.01972,47.23342]]]}},{"type":"Feature","properties":{"vogeId":6745,"vogeName":"Les Enfers"},"geometry":{"type":"Polygon","coordinates":[[[7.06469,47.29819],[7.0749,47.29479],[7.03992,47.28244],[7.02657,47.28224],[7.02199,47.28939],[7.00032,47.28319],[6.99501,47.29675],[7.00695,47.30306],[7.00947,47.29904],[7.02852,47.29344],[7.06469,47.29819]]]}},{"type":"Feature","properties":{"vogeId":6748,"vogeName":"Les Genevez (JU)"},"geometry":{"type":"Polygon","coordinates":[[[7.10041,47.26786],[7.11153,47.26192],[7.1488,47.26918],[7.15051,47.24635],[7.0884,47.23693],[7.07951,47.24779],[7.08414,47.26527],[7.10041,47.26786]]]}},{"type":"Feature","properties":{"vogeId":6750,"vogeName":"Lajoux (JU)"},"geometry":{"type":"Polygon","coordinates":[[[7.10142,47.28756],[7.12492,47.2921],[7.15436,47.28651],[7.16338,47.29309],[7.17021,47.28311],[7.16867,47.27475],[7.1488,47.26918],[7.11153,47.26192],[7.10041,47.26786],[7.1089,47.2843],[7.10142,47.28756]]]}},{"type":"Feature","properties":{"vogeId":6751,"vogeName":"Montfaucon"},"geometry":{"type":"Polygon","coordinates":[[[7.10142,47.28756],[7.1089,47.2843],[7.10041,47.26786],[7.08414,47.26527],[7.07951,47.24779],[7.05808,47.24176],[7.06634,47.25566],[7.03072,47.27226],[7.03992,47.28244],[7.0749,47.29479],[7.06469,47.29819],[7.0802,47.31331],[7.09718,47.31336],[7.10222,47.30383],[7.08237,47.29347],[7.07678,47.2836],[7.08562,47.28094],[7.10142,47.28756]]]}},{"type":"Feature","properties":{"vogeId":6753,"vogeName":"Muriaux"},"geometry":{"type":"MultiPolygon","coordinates":[[[[6.995,47.18915],[6.98449,47.17612],[6.956,47.18078],[6.95211,47.18733],[6.95729,47.189],[6.95132,47.19882],[6.97092,47.20547],[6.98348,47.18895],[6.995,47.18915]]],[[[7.01972,47.23342],[7.01259,47.21951],[6.981,47.21536],[6.9738,47.23757],[6.95391,47.23704],[6.96827,47.24963],[6.97141,47.25233],[6.98814,47.25225],[7.01972,47.23342]]]]}},{"type":"Feature","properties":{"vogeId":6754,"vogeName":"Le Noirmont"},"geometry":{"type":"Polygon","coordinates":[[[6.94286,47.2346],[6.95391,47.23704],[6.9738,47.23757],[6.981,47.21536],[6.97092,47.20547],[6.95132,47.19882],[6.95729,47.189],[6.95211,47.18733],[6.94535,47.18536],[6.91604,47.20374],[6.8896,47.20511],[6.92935,47.22947],[6.94286,47.2346]]]}},{"type":"Feature","properties":{"vogeId":6757,"vogeName":"Saignel\u00e9gier"},"geometry":{"type":"Polygon","coordinates":[[[6.95391,47.23704],[6.94286,47.2346],[6.95249,47.24479],[6.94722,47.25208],[6.95227,47.26882],[6.94057,47.28608],[6.94731,47.29088],[6.96177,47.29333],[6.97242,47.29233],[6.97827,47.29593],[6.99501,47.29675],[7.00032,47.28319],[7.02199,47.28939],[7.02657,47.28224],[7.00513,47.27574],[7.00002,47.26498],[7.05696,47.24041],[7.05861,47.23116],[7.04689,47.2268],[7.01972,47.23342],[6.98814,47.25225],[6.97141,47.25233],[6.96827,47.24963],[6.95391,47.23704]]]}},{"type":"Feature","properties":{"vogeId":6758,"vogeName":"Saint-Brais"},"geometry":{"type":"Polygon","coordinates":[[[7.15892,47.32383],[7.13663,47.30124],[7.12375,47.29747],[7.12492,47.2921],[7.10142,47.28756],[7.08562,47.28094],[7.07678,47.2836],[7.08237,47.29347],[7.10222,47.30383],[7.09718,47.31336],[7.11951,47.32641],[7.13216,47.33017],[7.13553,47.33585],[7.14687,47.3317],[7.15278,47.32814],[7.15892,47.32383]]]}},{"type":"Feature","properties":{"vogeId":6759,"vogeName":"Soubey"},"geometry":{"type":"Polygon","coordinates":[[[7.03436,47.32838],[7.04485,47.31946],[7.06588,47.32147],[7.0802,47.31331],[7.06469,47.29819],[7.02852,47.29344],[7.00947,47.29904],[7.00695,47.30306],[7.01614,47.31444],[7.00906,47.32187],[7.01378,47.32651],[7.03436,47.32838]]]}},{"type":"Feature","properties":{"vogeId":6771,"vogeName":"Alle"},"geometry":{"type":"Polygon","coordinates":[[[7.12288,47.44505],[7.15263,47.43931],[7.15294,47.42529],[7.13555,47.41106],[7.1065,47.41561],[7.0998,47.43514],[7.12288,47.44505]]]}},{"type":"Feature","properties":{"vogeId":6773,"vogeName":"Beurnev\u00e9sin"},"geometry":{"type":"Polygon","coordinates":[[[7.11213,47.49501],[7.12752,47.50416],[7.14026,47.50225],[7.15346,47.49662],[7.1594,47.49066],[7.12858,47.47909],[7.11946,47.48548],[7.11213,47.49501]]]}},{"type":"Feature","properties":{"vogeId":6774,"vogeName":"Boncourt"},"geometry":{"type":"Polygon","coordinates":[[[7.03716,47.49746],[7.00039,47.46719],[6.99108,47.467],[6.98441,47.47802],[6.98639,47.48519],[6.9829,47.49458],[7.00509,47.50287],[7.02144,47.50442],[7.03716,47.49746]]]}},{"type":"Feature","properties":{"vogeId":6775,"vogeName":"Bonfol"},"geometry":{"type":"Polygon","coordinates":[[[7.1594,47.49066],[7.17983,47.4919],[7.20003,47.49508],[7.20255,47.48956],[7.1944,47.48552],[7.1786,47.46414],[7.13119,47.46],[7.11867,47.46593],[7.12858,47.47909],[7.1594,47.49066]]]}},{"type":"Feature","properties":{"vogeId":6778,"vogeName":"Bure"},"geometry":{"type":"Polygon","coordinates":[[[7.00088,47.46256],[7.01568,47.45739],[7.02281,47.44518],[7.02677,47.43147],[7.02134,47.42951],[7.00055,47.42063],[6.97857,47.41771],[6.9639,47.43585],[6.97038,47.44707],[6.99577,47.44971],[7.00088,47.46256]]]}},{"type":"Feature","properties":{"vogeId":6781,"vogeName":"Coeuve"},"geometry":{"type":"Polygon","coordinates":[[[7.06942,47.46474],[7.11732,47.46399],[7.12288,47.44505],[7.0998,47.43514],[7.06913,47.44087],[7.06861,47.45012],[7.06942,47.46474]]]}},{"type":"Feature","properties":{"vogeId":6782,"vogeName":"Cornol"},"geometry":{"type":"Polygon","coordinates":[[[7.15294,47.42529],[7.17613,47.4146],[7.18412,47.40178],[7.18713,47.38955],[7.17695,47.3855],[7.16586,47.38264],[7.13555,47.41106],[7.15294,47.42529]]]}},{"type":"Feature","properties":{"vogeId":6783,"vogeName":"Courchavon"},"geometry":{"type":"Polygon","coordinates":[[[7.02281,47.44518],[7.06861,47.45012],[7.06913,47.44087],[7.06172,47.4301],[7.03884,47.42614],[7.02677,47.43147],[7.02281,47.44518]]]}},{"type":"Feature","properties":{"vogeId":6784,"vogeName":"Courgenay"},"geometry":{"type":"Polygon","coordinates":[[[7.1065,47.41561],[7.13555,47.41106],[7.16586,47.38264],[7.13144,47.37763],[7.08753,47.36914],[7.08639,47.36944],[7.09674,47.38096],[7.09383,47.4102],[7.1065,47.41561]]]}},{"type":"Feature","properties":{"vogeId":6785,"vogeName":"Courtedoux"},"geometry":{"type":"Polygon","coordinates":[[[7.00055,47.42063],[7.02134,47.42951],[7.04548,47.41676],[7.05648,47.40098],[7.02932,47.39492],[7.00055,47.42063]]]}},{"type":"Feature","properties":{"vogeId":6787,"vogeName":"Damphreux"},"geometry":{"type":"Polygon","coordinates":[[[7.11946,47.48548],[7.12858,47.47909],[7.11867,47.46593],[7.11732,47.46399],[7.06942,47.46474],[7.06643,47.4701],[7.07389,47.47386],[7.11946,47.48548]]]}},{"type":"Feature","properties":{"vogeId":6789,"vogeName":"Fahy"},"geometry":{"type":"Polygon","coordinates":[[[6.9639,47.43585],[6.97857,47.41771],[6.96439,47.40541],[6.95759,47.40524],[6.93854,47.40605],[6.94033,47.43322],[6.9639,47.43585]]]}},{"type":"Feature","properties":{"vogeId":6790,"vogeName":"Fontenais"},"geometry":{"type":"Polygon","coordinates":[[[7.05648,47.40098],[7.06238,47.40055],[7.09383,47.4102],[7.09674,47.38096],[7.08639,47.36944],[7.05149,47.37022],[7.03406,47.36792],[7.01204,47.37292],[7.02932,47.39492],[7.05648,47.40098]]]}},{"type":"Feature","properties":{"vogeId":6792,"vogeName":"Grandfontaine"},"geometry":{"type":"Polygon","coordinates":[[[6.93854,47.40605],[6.95759,47.40524],[6.94717,47.38042],[6.95335,47.37328],[6.94224,47.37368],[6.94104,47.38084],[6.91136,47.37996],[6.90499,47.38247],[6.90712,47.39591],[6.91322,47.39833],[6.91269,47.40623],[6.93854,47.40605]]]}},{"type":"Feature","properties":{"vogeId":6793,"vogeName":"Lugnez"},"geometry":{"type":"Polygon","coordinates":[[[7.07493,47.48819],[7.08557,47.49374],[7.09577,47.49661],[7.11213,47.49501],[7.11946,47.48548],[7.07389,47.47386],[7.07493,47.48819]]]}},{"type":"Feature","properties":{"vogeId":6800,"vogeName":"Porrentruy"},"geometry":{"type":"Polygon","coordinates":[[[7.06913,47.44087],[7.0998,47.43514],[7.1065,47.41561],[7.09383,47.4102],[7.06238,47.40055],[7.05648,47.40098],[7.04548,47.41676],[7.02134,47.42951],[7.02677,47.43147],[7.03884,47.42614],[7.06172,47.4301],[7.06913,47.44087]]]}},{"type":"Feature","properties":{"vogeId":6806,"vogeName":"Vendlincourt"},"geometry":{"type":"Polygon","coordinates":[[[7.11732,47.46399],[7.11867,47.46593],[7.13119,47.46],[7.1786,47.46414],[7.17864,47.45624],[7.17031,47.44294],[7.15263,47.43931],[7.12288,47.44505],[7.11732,47.46399]]]}},{"type":"Feature","properties":{"vogeId":6807,"vogeName":"Basse-Allaine"},"geometry":{"type":"Polygon","coordinates":[[[7.03716,47.49746],[7.04057,47.49792],[7.06535,47.49487],[7.07493,47.48819],[7.07389,47.47386],[7.06643,47.4701],[7.06942,47.46474],[7.06861,47.45012],[7.02281,47.44518],[7.01568,47.45739],[7.00088,47.46256],[7.00039,47.46719],[7.03716,47.49746]]]}},{"type":"Feature","properties":{"vogeId":6808,"vogeName":"Clos du Doubs"},"geometry":{"type":"Polygon","coordinates":[[[7.09718,47.31336],[7.0802,47.31331],[7.06588,47.32147],[7.04485,47.31946],[7.03436,47.32838],[7.04636,47.32947],[7.05696,47.33443],[7.06233,47.34399],[7.04168,47.3496],[7.0468,47.36125],[7.03637,47.36241],[7.03406,47.36792],[7.05149,47.37022],[7.08639,47.36944],[7.08753,47.36914],[7.13144,47.37763],[7.16586,47.38264],[7.17695,47.3855],[7.1797,47.38013],[7.18606,47.37612],[7.21168,47.37319],[7.19095,47.34852],[7.15892,47.32383],[7.15278,47.32814],[7.14687,47.3317],[7.13553,47.33585],[7.13216,47.33017],[7.11951,47.32641],[7.09718,47.31336]]]}},{"type":"Feature","properties":{"vogeId":6809,"vogeName":"Haute-Ajoie"},"geometry":{"type":"Polygon","coordinates":[[[6.97857,47.41771],[7.00055,47.42063],[7.02932,47.39492],[7.01204,47.37292],[7.00034,47.36347],[6.9725,47.36068],[6.93378,47.35828],[6.92021,47.35538],[6.9059,47.3592],[6.879,47.3537],[6.88356,47.37297],[6.89481,47.38078],[6.90499,47.38247],[6.91136,47.37996],[6.94104,47.38084],[6.94224,47.37368],[6.95335,47.37328],[6.94717,47.38042],[6.95759,47.40524],[6.96439,47.40541],[6.97857,47.41771]]]}},{"type":"Feature","properties":{"vogeId":6810,"vogeName":"La Baroche"},"geometry":{"type":"Polygon","coordinates":[[[7.2275,47.38292],[7.21168,47.37319],[7.18606,47.37612],[7.1797,47.38013],[7.17695,47.3855],[7.18713,47.38955],[7.18412,47.40178],[7.17613,47.4146],[7.15294,47.42529],[7.15263,47.43931],[7.17031,47.44294],[7.19257,47.43896],[7.20256,47.43674],[7.22137,47.44125],[7.2359,47.43889],[7.24526,47.42294],[7.23418,47.41591],[7.23601,47.41099],[7.22537,47.40604],[7.2275,47.38292]]]}}]}