HistoricalCode,BfsCode,Name,CantonId,Canton,DistrictId,District,FUA2014,DEGURB2021,FUA2021,GCITIES2021,STREG2022,DEGURB2011,GCITIES2011,REGCH,AGKG2020,STADTE2020,STGD2020,RSC2020,SPRGEB2020,AGKSA2020,AGGL2020,AGGLGK2020,MONT2019,STALAN2020,GDETYP2020_9,GDETYP2020_25,GBAE2018,BAE2018
10078,6158,Vionnaz,23,Valais / Wallis,10013,District de Monthey,0,3,5586960,0,11,3,0,1,0,0,0,5,2,0,0,0,1,2,22,226,2,2040
10157,3023,Speicher,15,Appenzell Ausserrhoden,10098,Bezirk Mittelland,3203960,2,3203960,0,2,2,0,5,3203810,0,0,4,1,3203910,3203,3,1,2,21,217,15,15050
10159,6011,Zwischbergen,23,Valais / Wallis,10035,Bezirk Brig,0,3,0,0,11,3,0,1,0,0,0,0,1,0,0,0,1,3,33,338,7,7090
10162,2228,Villars-sur-Glâne,10,Fribourg / Freiburg,10104,District de la Sarine,0,1,2196960,2196950,13,2,0,2,2196801,1,2228,2,2,2196910,2196,4,0,1,12,122,4,4030
10165,2230,Villarsel-sur-Marly,10,Fribourg / Freiburg,10104,District de la Sarine,0,3,2196960,0,13,3,0,2,2196810,0,0,4,2,2196910,2196,4,0,3,23,235,4,4030
10242,181,Wila,1,Zürich,10076,Bezirk Pfäffikon,261960,2,261960,0,3,3,0,4,0,0,0,5,1,0,0,0,0,2,22,226,12,12040
10268,71,Wil (ZH),1,Zürich,10081,Bezirk Bülach,261960,3,261960,0,3,3,0,4,261810,0,0,4,1,261910,261,1,0,3,23,236,12,12032
10275,4045,Wettingen,19,Aargau,10025,Bezirk Baden,261960,2,261960,0,14,2,0,3,4021801,1,4045,2,1,4021910,4021,3,0,1,12,123,12,12010
10277,121,Wetzikon (ZH),1,Zürich,10079,Bezirk Hinwil,261960,2,261960,0,3,2,0,4,261801,1,121,3,1,261910,261,1,0,1,11,112,12,12037
10278,4081,Widen,19,Aargau,10024,Bezirk Bremgarten,261960,2,261960,0,14,2,0,3,261801,0,0,3,1,261910,261,1,0,1,11,113,12,12031
10301,4147,Zetzwil,19,Aargau,10022,Bezirk Kulm,0,2,0,0,14,2,0,3,0,0,0,0,1,0,0,0,0,3,32,327,10,10020
10303,4048,Würenlos,19,Aargau,10025,Bezirk Baden,261960,2,261960,0,14,2,0,3,261801,0,0,3,1,261910,261,1,0,1,11,113,12,12010
10309,4183,Zeihen,19,Aargau,10021,Bezirk Laufenburg,0,3,0,0,14,3,0,3,0,0,0,5,1,0,0,0,0,3,23,237,8,8015
10310,4263,Zeiningen,19,Aargau,10018,Bezirk Rheinfelden,2701960,2,2701960,0,14,2,0,3,2701810,0,0,4,1,2701910,2701,1,0,2,22,227,8,8015
10312,231,Zell (ZH),1,Zürich,10074,Bezirk Winterthur,261960,2,261960,0,3,2,0,4,261810,0,0,4,1,261910,261,1,0,2,22,226,12,12040
10314,1323,Wollerau,5,Schwyz,10058,Bezirk Höfe,261960,2,261960,0,3,2,0,6,261801,0,0,3,1,261910,261,1,0,1,11,112,12,12034
10315,6300,Zermatt,23,Valais / Wallis,10180,Bezirk Visp,0,2,0,0,11,2,0,1,0,1,6300,6,1,0,96300,0,1,1,13,134,7,7070
10322,4083,Zufikon,19,Aargau,10024,Bezirk Bremgarten,261960,2,261960,0,14,2,0,3,261801,0,0,3,1,261910,261,1,0,1,11,113,12,12031
10323,1711,Zug,9,Zug,10108,Kanton Zug,1711960,1,1711960,1711950,3,1,1711950,6,1711801,1,1711,1,1,1711901,1711,3,1,1,12,121,11,11060
10324,2622,Zullwil,11,Solothurn,10094,Bezirk Thierstein,2701960,3,2701960,0,14,3,0,2,2701810,0,0,4,1,2701910,2701,1,0,2,22,226,8,8011
10326,160,Zumikon,1,Zürich,10077,Bezirk Meilen,261960,2,261960,0,3,2,0,4,261801,0,0,2,1,261910,261,1,0,1,11,113,12,12035
10329,4264,Zuzgen,19,Aargau,10018,Bezirk Rheinfelden,2701960,3,2701960,0,14,3,0,3,2701810,0,0,4,1,2701910,2701,1,0,3,23,237,8,8015
10330,6299,Zeneggen,23,Valais / Wallis,10180,Bezirk Visp,0,3,0,0,11,3,0,1,6002810,0,0,4,1,6002910,6002,5,1,3,23,235,7,7080
10331,72,Winkel,1,Zürich,10081,Bezirk Bülach,261960,2,261960,0,3,2,0,4,261801,0,0,3,1,261910,261,1,0,1,11,113,12,12032
10334,182,Wildberg,1,Zürich,10076,Bezirk Pfäffikon,261960,3,261960,0,3,3,0,4,261810,0,0,4,1,261910,261,1,0,3,23,236,12,12040
10337,6202,Wiler (Lötschen),23,Valais / Wallis,10125,Bezirk Raron,0,3,0,0,11,3,0,1,0,0,0,0,1,0,0,0,1,3,33,338,7,7060
10338,4288,Wiliberg,19,Aargau,10017,Bezirk Zofingen,0,3,0,0,14,3,0,3,0,0,0,5,1,0,0,0,0,3,23,237,10,10020
10344,4047,Würenlingen,19,Aargau,10025,Bezirk Baden,0,2,0,0,14,2,0,3,0,0,0,5,1,0,0,0,0,2,21,216,12,12010
10347,230,Winterthur,1,Zürich,10074,Bezirk Winterthur,261960,1,261960,230950,3,1,230950,4,230801,1,230,1,1,230901,230,3,0,1,12,121,12,12040
10348,2501,Winznau,11,Solothurn,10084,Bezirk Gösgen,0,2,0,0,14,2,0,2,2581801,0,0,2,1,2581910,2581,3,0,1,12,123,10,10020
10349,2502,Wisen (SO),11,Solothurn,10084,Bezirk Gösgen,0,3,0,0,14,3,0,2,0,0,0,5,1,0,0,0,1,3,23,237,10,10020
10352,2481,Witterswil,11,Solothurn,10099,Bezirk Dorneck,2701960,2,2701960,0,14,2,0,2,2701810,0,0,4,1,2701910,2701,1,0,2,22,227,8,8012
10353,4181,Wittnau,19,Aargau,10021,Bezirk Laufenburg,0,2,0,0,14,2,0,3,0,0,0,5,1,0,0,0,0,3,23,236,8,8015
10354,4082,Wohlen (AG),19,Aargau,10024,Bezirk Bremgarten,0,2,261960,0,14,2,0,3,4082801,1,4082,1,1,4082901,4082,5,0,1,13,137,12,12010
10356,4046,Wohlenschwil,19,Aargau,10025,Bezirk Baden,0,2,261960,0,14,2,0,3,0,0,0,5,1,0,0,0,0,2,21,217,12,12010
10357,1511,Wolfenschiessen,7,Nidwalden,10110,Kanton Nidwalden,0,3,0,0,4,3,0,6,0,0,0,0,1,0,0,0,1,3,32,327,11,11050
10358,3038,Wolfhalden,15,Appenzell Ausserrhoden,10057,Bezirk Vorderland,3203960,2,3203960,0,2,2,0,5,0,0,0,5,1,0,0,0,1,2,22,226,15,15050
10359,4182,Wölflinswil,19,Aargau,10021,Bezirk Laufenburg,0,3,4001960,0,14,3,0,3,0,0,0,0,1,0,0,0,0,3,32,327,8,8015
10360,4123,Windisch,19,Aargau,10023,Bezirk Brugg,0,2,261960,0,14,2,0,3,4021801,0,0,2,1,4021910,4021,3,0,1,12,122,12,12010
10363,158,Stäfa,1,Zürich,10077,Bezirk Meilen,261960,2,261960,0,3,2,0,4,261801,1,158,3,1,261910,261,1,0,1,11,113,12,12037
10364,1218,Spiringen,4,Uri,10061,Kanton Uri,0,3,0,0,4,3,0,6,1201810,0,0,4,1,1201910,1201,5,1,3,23,235,11,11070
10365,43,Volken,1,Zürich,10082,Bezirk Andelfingen,261960,3,261960,0,3,3,0,4,0,0,0,5,1,0,0,0,0,2,22,227,12,12040
10366,4040,Spreitenbach,19,Aargau,10025,Bezirk Baden,261960,2,261960,0,14,2,0,3,261801,1,4040,3,1,261910,261,1,0,1,11,112,12,12010
10368,199,Volketswil,1,Zürich,10075,Bezirk Uster,261960,2,261960,0,3,2,0,4,261801,1,199,2,1,261910,261,1,0,1,11,112,12,12036
10370,4287,Vordemwald,19,Aargau,10017,Bezirk Zofingen,0,2,0,0,14,3,0,3,2581810,0,0,4,1,2581910,2581,3,0,2,22,226,10,10020
10371,1348,Vorderthal,5,Schwyz,10096,Bezirk March,0,3,0,0,4,3,0,6,0,0,0,5,1,0,0,0,1,3,23,235,12,12050
10372,6159,Vouvry,23,Valais / Wallis,10013,District de Monthey,0,3,5586960,0,11,3,0,1,0,0,0,5,2,0,0,0,1,2,22,226,2,2040
10373,2160,Vuadens,10,Fribourg / Freiburg,10105,District de la Gruyère,0,2,0,0,13,2,0,2,2125801,0,0,2,2,2125910,2125,5,1,1,13,136,4,4020
10375,6292,St. Niklaus,23,Valais / Wallis,10180,Bezirk Visp,0,3,0,0,11,3,0,1,0,0,0,0,1,0,0,0,1,3,33,338,7,7070
10378,2303,St. Silvester,10,Fribourg / Freiburg,10102,Bezirk Sense,0,3,2196960,0,13,3,0,2,0,0,0,0,1,0,0,0,1,3,32,325,4,4030
10380,2304,St. Ursen,10,Fribourg / Freiburg,10102,Bezirk Sense,0,3,2196960,0,13,3,0,2,0,0,0,5,1,0,0,0,0,3,23,237,4,4030
10381,5266,Stabio,21,Ticino,10002,Distretto di Mendrisio,0,2,0,0,12,2,0,7,5250801,0,0,3,3,5250910,5250,4,0,1,12,122,14,14020
10383,100,Stadel,1,Zürich,10080,Bezirk Dielsdorf,261960,2,261960,0,3,3,0,4,261810,0,0,4,1,261910,261,1,0,2,22,227,12,12032
10384,2601,Solothurn,11,Solothurn,10095,Bezirk Solothurn,0,2,0,0,14,2,0,2,2601801,1,2601,1,1,2601901,2601,4,0,1,12,121,5,5060
10389,180,Weisslingen,1,Zürich,10076,Bezirk Pfäffikon,261960,3,261960,0,3,3,0,4,261810,0,0,4,1,261910,261,1,0,2,22,227,12,12040
10414,6639,Soral,25,Genève,10187,Canton de Genève,6621960,2,6621960,0,10,3,0,1,6621810,0,0,4,2,6621910,6621,1,0,3,23,237,1,1011
10415,5225,Sorengo,21,Ticino,10003,Distretto di Lugano,5192960,1,5192960,5192950,12,1,5192950,7,5192801,0,0,2,3,5192910,5192,3,1,1,12,122,14,14010
10416,2153,Sorens,10,Fribourg / Freiburg,10105,District de la Gruyère,0,2,0,0,13,3,0,2,0,0,0,5,2,0,0,0,1,3,23,236,4,4020
10419,6298,Visperterminen,23,Valais / Wallis,10180,Bezirk Visp,0,3,0,0,11,3,0,1,6002810,0,0,4,1,6002910,6002,5,1,3,23,236,7,7080
10442,1220,Wassen,4,Uri,10061,Kanton Uri,0,3,0,0,4,3,0,6,0,0,0,0,1,0,0,0,1,3,33,338,11,11070
10443,70,Wasterkingen,1,Zürich,10081,Bezirk Bülach,261960,3,261960,0,3,3,0,4,261810,0,0,4,1,261910,261,1,0,3,23,237,12,12032
10446,4262,Wegenstetten,19,Aargau,10018,Bezirk Rheinfelden,2701960,3,2701960,0,14,3,0,3,2701810,0,0,4,1,2701910,2701,1,0,3,23,237,8,8015
10448,102,Weiach,1,Zürich,10080,Bezirk Dielsdorf,261960,2,261960,0,3,3,0,4,261810,0,0,4,1,261910,261,1,0,2,22,226,12,12032
10451,69,Wallisellen,1,Zürich,10081,Bezirk Bülach,261960,1,261960,261950,3,1,261950,4,261801,1,69,2,1,261910,261,1,0,1,11,112,12,12036
10457,1710,Walchwil,9,Zug,10108,Kanton Zug,1711960,3,1711960,0,3,3,0,6,1711810,0,0,4,1,1711910,1711,3,1,2,22,227,11,11060
10458,3036,Wald (AR),15,Appenzell Ausserrhoden,10057,Bezirk Vorderland,3203960,3,3203960,0,2,3,0,5,0,0,0,0,1,0,0,0,1,3,32,326,15,15050
10459,120,Wald (ZH),1,Zürich,10079,Bezirk Hinwil,0,2,261960,0,3,2,0,4,0,0,0,5,1,0,0,0,1,2,21,217,12,12037
10461,3007,Waldstatt,15,Appenzell Ausserrhoden,10054,Bezirk Hinterland,3203960,2,3203960,0,2,3,0,5,3203810,0,0,4,1,3203910,3203,3,1,2,22,226,15,15050
10462,4261,Wallbach,19,Aargau,10018,Bezirk Rheinfelden,2701960,2,2701960,0,14,2,0,3,4260801,0,0,2,1,4260910,4260,5,0,1,13,136,8,8015
10468,4240,Waltenschwil,19,Aargau,10019,Bezirk Muri,261960,2,261960,0,14,2,0,3,0,0,0,5,1,0,0,0,0,2,22,227,12,12010
10469,2585,Walterswil (SO),11,Solothurn,10111,Bezirk Olten,0,3,0,0,14,3,0,2,0,0,0,5,1,0,0,0,0,2,21,217,10,10020
10470,3037,Walzenhausen,15,Appenzell Ausserrhoden,10057,Bezirk Vorderland,0,2,0,0,2,2,0,5,0,0,0,5,1,0,0,0,1,2,22,226,15,15080
10471,1349,Wangen (SZ),5,Schwyz,10096,Bezirk March,0,2,261960,0,3,2,0,6,1344801,0,0,2,1,1344910,1344,5,0,1,13,136,12,12050
10472,2586,Wangen bei Olten,11,Solothurn,10111,Bezirk Olten,0,2,0,0,14,2,0,2,2581801,0,0,2,1,2581910,2581,3,0,1,12,123,10,10020
10541,4320,Tegerfelden,19,Aargau,10016,Bezirk Zurzach,0,2,0,0,14,2,0,3,0,0,0,5,1,0,0,0,0,3,23,236,12,12010
10550,4077,Tägerig,19,Aargau,10024,Bezirk Bremgarten,261960,2,261960,0,14,2,0,3,0,0,0,5,1,0,0,0,0,2,22,227,12,12010
10555,6295,Täsch,23,Valais / Wallis,10180,Bezirk Visp,0,3,0,0,11,3,0,1,0,0,0,0,1,0,0,0,1,3,33,334,7,7070
10558,5131,Tenero-Contra,21,Ticino,10004,Distretto di Locarno,0,2,0,0,12,2,0,7,5113801,0,0,2,3,5113910,5113,4,1,1,12,123,13,13020
10559,2307,Tentlingen,10,Fribourg / Freiburg,10102,Bezirk Sense,0,3,2196960,0,13,3,0,2,0,0,0,5,1,0,0,0,0,2,22,227,4,4030
10560,6010,Termen,23,Valais / Wallis,10035,Bezirk Brig,0,2,0,0,11,2,0,1,6002810,0,0,4,1,6002910,6002,5,1,2,22,227,7,7090
10561,3024,Teufen (AR),15,Appenzell Ausserrhoden,10098,Bezirk Mittelland,3203960,2,3203960,0,2,2,0,5,3203810,0,0,4,1,3203910,3203,3,1,2,21,217,15,15050
10562,4145,Teufenthal (AG),19,Aargau,10022,Bezirk Kulm,0,2,4001960,0,14,2,0,3,0,0,0,0,1,0,0,0,0,3,32,326,10,10020
10563,39,Thalheim an der Thur,1,Zürich,10082,Bezirk Andelfingen,261960,3,261960,0,3,3,0,4,0,0,0,5,1,0,0,0,0,3,23,236,12,12040
10569,6640,Thônex,25,Genève,10187,Canton de Genève,6621960,1,6621960,6621950,10,1,6621950,1,6621801,1,6640,2,2,6621910,6621,1,0,1,11,113,1,1015
10571,1374,Steinerberg,5,Schwyz,10068,Bezirk Schwyz,0,3,0,0,4,3,0,6,0,0,0,0,1,0,0,0,1,3,32,327,11,11080
10573,6293,Stalden (VS),23,Valais / Wallis,10180,Bezirk Visp,0,3,0,0,11,3,0,1,6002810,0,0,4,1,6002910,6002,5,1,3,23,236,7,7080
10574,6294,Staldenried,23,Valais / Wallis,10180,Bezirk Visp,0,3,0,0,11,3,0,1,6002810,0,0,4,1,6002910,6002,5,1,3,23,237,7,7080
10575,13,Stallikon,1,Zürich,10053,Bezirk Affoltern,261960,2,261960,0,3,2,0,4,261810,0,0,4,1,261910,261,1,0,2,22,227,12,12034
10576,1509,Stans,7,Nidwalden,10110,Kanton Nidwalden,1061960,2,1061960,0,4,2,0,6,0,1,1509,6,1,0,91509,0,1,1,13,136,11,11050
10577,1510,Stansstad,7,Nidwalden,10110,Kanton Nidwalden,1061960,2,1061960,0,4,2,0,6,0,0,0,6,1,0,91509,0,1,1,13,134,11,11050
10578,2584,Starrkirch-Wil,11,Solothurn,10111,Bezirk Olten,0,2,0,0,14,2,0,2,2581801,0,0,2,1,2581910,2581,3,0,1,12,123,10,10020
10579,4210,Staufen,19,Aargau,10020,Bezirk Lenzburg,0,2,261960,0,14,2,0,3,4201801,0,0,2,1,4201910,4201,5,0,1,13,137,10,10020
10582,4260,Stein (AG),19,Aargau,10018,Bezirk Rheinfelden,2701960,2,2701960,0,14,2,0,3,4260801,0,0,1,1,4260901,4260,5,0,1,13,136,8,8015
10583,3005,Stein (AR),15,Appenzell Ausserrhoden,10054,Bezirk Hinterland,3203960,3,3203960,0,2,3,0,5,3203810,0,0,4,1,3203910,3203,3,0,3,23,237,15,15050
10585,4012,Suhr,19,Aargau,10026,Bezirk Aarau,0,1,4001960,4001950,14,2,0,3,4001801,1,4012,2,1,4001910,4001,3,0,1,12,123,10,10020
10586,2919,Stetten (SH),14,Schaffhausen,10090,Bezirk Reiat,0,2,0,0,2,2,0,5,2939810,0,0,4,1,2939910,2939,4,0,3,23,237,12,12020
10590,4285,Strengelbach,19,Aargau,10017,Bezirk Zofingen,0,2,0,0,14,2,0,3,2581801,0,0,2,1,2581910,2581,3,0,1,12,123,10,10020
10592,2964,Stein am Rhein,14,Schaffhausen,10087,Bezirk Stein,0,2,0,0,2,2,0,5,0,0,0,0,1,0,0,0,0,2,31,316,12,12020
10594,1373,Steinen,5,Schwyz,10068,Bezirk Schwyz,0,3,0,0,4,3,0,6,0,0,0,0,1,0,0,0,1,3,32,326,11,11080
10595,4041,Stetten (AG),19,Aargau,10025,Bezirk Baden,261960,2,261960,0,14,2,0,3,0,0,0,6,1,0,94035,0,0,1,13,136,12,12010
10597,101,Steinmaur,1,Zürich,10080,Bezirk Dielsdorf,261960,2,261960,0,3,2,0,4,261810,0,0,4,1,261910,261,1,0,2,21,217,12,12032
10598,1708,Steinhausen,9,Zug,10108,Kanton Zug,1711960,1,1711960,1711950,3,1,1711950,6,1711801,1,1708,2,1,1711910,1711,3,0,1,12,122,11,11060
10691,141,Thalwil,1,Zürich,10078,Bezirk Horgen,261960,1,261960,261950,3,1,261950,4,261801,1,141,2,1,261910,261,1,0,1,11,113,12,12034
10707,4284,Staffelbach,19,Aargau,10017,Bezirk Zofingen,0,3,0,0,14,3,0,3,4001810,0,0,4,1,4001910,4001,3,0,3,23,236,10,10020
10755,5233,Vico Morcote,21,Ticino,10003,Distretto di Lugano,5192960,2,5192960,0,12,2,0,7,5192810,0,0,4,3,5192910,5192,3,1,3,23,237,14,14010
10760,4117,Thalheim (AG),19,Aargau,10023,Bezirk Brugg,0,3,0,0,14,3,0,3,0,0,0,5,1,0,0,0,0,3,23,236,12,12010
10844,1709,Unterägeri,9,Zug,10108,Kanton Zug,1711960,2,1711960,0,3,2,0,6,1711801,0,0,3,1,1711910,1711,3,1,1,12,123,11,11060
10848,2308,Ueberstorf,10,Fribourg / Freiburg,10102,Bezirk Sense,351960,3,351960,0,13,3,0,2,351810,0,0,4,1,351910,351,2,0,3,23,237,6,6011
10850,4286,Uerkheim,19,Aargau,10017,Bezirk Zofingen,0,2,0,0,14,2,0,3,0,0,0,5,1,0,0,0,0,3,23,236,10,10020
10853,4078,Uezwil,19,Aargau,10024,Bezirk Bremgarten,0,2,0,0,14,3,0,3,0,0,0,5,1,0,0,0,0,3,23,235,12,12010
10857,228,Turbenthal,1,Zürich,10074,Bezirk Winterthur,261960,2,261960,0,3,3,0,4,0,0,0,5,1,0,0,0,0,2,22,227,12,12040
10859,1347,Tuggen,5,Schwyz,10096,Bezirk March,0,3,0,0,3,3,0,6,0,0,0,5,1,0,0,0,0,2,22,226,12,12050
10860,6201,Unterbäch,23,Valais / Wallis,10125,Bezirk Raron,0,3,0,0,11,3,0,1,6002810,0,0,4,1,6002910,6002,5,1,3,23,237,7,7080
10865,1375,Unteriberg,5,Schwyz,10068,Bezirk Schwyz,0,3,0,0,4,3,0,6,0,0,0,0,1,0,0,0,1,3,32,326,11,11080
10866,4146,Unterkulm,19,Aargau,10022,Bezirk Kulm,0,2,4001960,0,14,2,0,3,0,0,0,0,1,0,0,0,0,3,32,326,10,10020
10867,4079,Unterlunkhofen,19,Aargau,10024,Bezirk Bremgarten,261960,2,261960,0,14,2,0,3,261810,0,0,4,1,261910,261,1,0,2,22,226,12,12031
10868,2463,Unterramsern,11,Solothurn,10100,Bezirk Bucheggberg,0,3,351960,0,14,3,0,2,0,0,0,5,1,0,0,0,0,3,23,235,5,5060
10869,1219,Unterschächen,4,Uri,10061,Kanton Uri,0,3,0,0,4,3,0,6,1201810,0,0,4,1,1201910,1201,5,1,3,23,235,11,11070
10871,4044,Untersiggenthal,19,Aargau,10025,Bezirk Baden,261960,2,261960,0,14,2,0,3,4021801,0,0,2,1,4021910,4021,3,0,1,12,123,12,12010
10877,6296,Törbel,23,Valais / Wallis,10180,Bezirk Visp,0,3,0,0,11,3,0,1,6002810,0,0,4,1,6002910,6002,5,1,3,23,235,7,7080
10880,5227,Torricella-Taverne,21,Ticino,10003,Distretto di Lugano,5192960,2,5192960,0,12,2,0,7,5192801,0,0,2,3,5192910,5192,3,1,1,12,122,14,14010
10882,2973,Trasadingen,14,Schaffhausen,10086,Bezirk Unterklettgau,0,3,0,0,2,3,0,5,0,0,0,5,1,0,0,0,0,2,22,226,12,12020
10888,4013,Unterentfelden,19,Aargau,10026,Bezirk Aarau,0,2,4001960,0,14,2,0,3,4001801,0,0,2,1,4001910,4001,3,0,1,12,122,10,10020
10889,2226,Treyvaux,10,Fribourg / Freiburg,10104,District de la Sarine,0,3,2196960,0,13,3,0,2,0,0,0,5,2,0,0,0,1,2,22,226,4,4030
10891,6142,Trient,23,Valais / Wallis,10029,District de Martigny,0,3,0,0,11,3,0,1,0,0,0,0,2,0,0,0,1,3,33,338,7,7010
10894,2500,Trimbach,11,Solothurn,10084,Bezirk Gösgen,0,2,0,0,14,2,0,2,2581801,0,0,2,1,2581910,2581,3,1,1,12,123,10,10020
10895,3025,Trogen,15,Appenzell Ausserrhoden,10098,Bezirk Mittelland,3203960,2,3203960,0,2,2,0,5,3203810,0,0,4,1,3203910,3203,3,1,2,21,217,15,15050
10896,6641,Troinex,25,Genève,10187,Canton de Genève,6621960,1,6621960,6621950,10,1,6621950,1,6621801,0,0,2,2,6621910,6621,1,0,1,11,113,1,1011
10897,6156,Troistorrents,23,Valais / Wallis,10013,District de Monthey,0,2,0,0,11,2,0,1,6153801,0,0,2,2,6153910,6153,5,1,1,13,137,2,2040
10898,40,Trüllikon,1,Zürich,10082,Bezirk Andelfingen,261960,3,261960,0,3,3,0,4,0,0,0,5,1,0,0,0,0,3,23,237,12,12020
10899,41,Truttikon,1,Zürich,10082,Bezirk Andelfingen,261960,3,261960,0,3,3,0,4,0,0,0,5,1,0,0,0,0,3,23,235,12,12040
10902,6645,Veyrier,25,Genève,10187,Canton de Genève,6621960,2,6621960,0,10,2,0,1,6621801,1,6645,2,2,6621910,6621,1,0,1,11,113,1,1015
10906,2155,Vaulruz,10,Fribourg / Freiburg,10105,District de la Gruyère,0,3,0,0,13,3,0,2,0,0,0,5,2,0,0,0,1,3,23,237,4,4020
10907,6267,Veysonnaz,23,Valais / Wallis,10179,District de Sion,0,2,0,0,11,2,0,1,6266810,0,0,4,2,6266910,6266,4,1,2,22,227,7,7030
10911,4120,Veltheim (AG),19,Aargau,10023,Bezirk Brugg,0,2,0,0,14,2,0,3,0,0,0,5,1,0,0,0,0,2,22,226,12,12010
10916,5230,Vernate,21,Ticino,10003,Distretto di Lugano,5192960,2,5192960,0,12,2,0,7,5192801,0,0,2,3,5192910,5192,3,1,1,12,123,14,14010
10917,6219,Vernayaz,23,Valais / Wallis,10177,District de Saint-Maurice,0,3,0,0,11,3,0,1,0,0,0,5,2,0,0,0,1,2,22,226,7,7010
10918,6643,Vernier,25,Genève,10187,Canton de Genève,6621960,1,6621960,6621950,10,1,6621950,1,6621801,1,6643,2,2,6621910,6621,1,0,1,11,112,1,1011
10919,6220,Vérossaz,23,Valais / Wallis,10177,District de Saint-Maurice,0,2,0,0,11,3,0,1,0,0,0,0,2,0,0,0,1,3,32,327,2,2040
10921,6644,Versoix,25,Genève,10187,Canton de Genève,6621960,2,6621960,0,10,2,0,1,6621801,1,6644,3,2,6621910,6621,1,0,1,11,113,1,1013
10923,6025,Vétroz,23,Valais / Wallis,10034,District de Conthey,0,2,0,0,11,2,0,1,6266801,0,0,2,2,6266910,6266,4,1,1,12,123,7,7030
10925,6089,Vex,23,Valais / Wallis,10031,District d'Hérens,0,2,0,0,11,3,0,1,6266810,0,0,4,2,6266910,6266,4,1,3,23,237,7,7030
10930,5268,Vacallo,21,Ticino,10002,Distretto di Mendrisio,5192960,1,5250960,5250950,12,2,0,7,5250801,0,0,2,3,5250910,5250,4,1,1,12,123,14,14020
10933,6157,Val-d'Illiez,23,Valais / Wallis,10013,District de Monthey,0,3,0,0,11,3,0,1,0,0,0,0,2,0,0,0,1,3,33,338,2,2040
10938,6116,Varen,23,Valais / Wallis,10030,Bezirk Leuk,0,3,0,0,11,3,0,1,0,0,0,0,1,0,0,0,1,3,33,335,7,7060
10940,198,Uster,1,Zürich,10075,Bezirk Uster,261960,2,261960,0,3,2,0,4,261801,1,198,3,1,261910,261,1,0,1,11,113,12,12036
10942,6642,Vandoeuvres,25,Genève,10187,Canton de Genève,6621960,2,6621960,0,10,2,0,1,6621801,0,0,2,2,6621910,6621,1,0,1,11,113,1,1015
10943,5231,Vezia,21,Ticino,10003,Distretto di Lugano,5192960,1,5192960,5192950,12,1,5192950,7,5192801,0,0,2,3,5192910,5192,3,1,1,12,122,14,14010
10944,2045,Vallon,10,Fribourg / Freiburg,10107,District de la Broye,0,3,0,0,13,3,0,2,0,0,0,0,2,0,0,0,0,3,32,325,4,4010
10946,3006,Urnäsch,15,Appenzell Ausserrhoden,10054,Bezirk Hinterland,0,3,0,0,2,3,0,5,0,0,0,0,1,0,0,0,1,3,32,327,15,15050
11387,6610,Céligny,25,Genève,10187,Canton de Genève,6621960,2,6621960,0,10,2,0,1,6621810,0,0,4,2,6621910,6621,1,0,2,22,227,1,1013
11388,5309,Cerentino,21,Ticino,10042,Distretto di Vallemaggia,0,3,0,0,12,3,0,7,0,0,0,0,3,0,0,0,1,3,33,335,13,13020
11396,6232,Chalais,23,Valais / Wallis,10178,District de Sierre,0,2,0,0,11,2,0,1,0,0,0,5,2,0,0,0,1,2,22,227,7,7050
11397,1702,Cham,9,Zug,10108,Kanton Zug,1711960,1,1711960,1711950,3,2,0,6,1711801,1,1702,2,1,1711910,1711,3,0,1,12,122,11,11060
11400,6608,Carouge (GE),25,Genève,10187,Canton de Genève,6621960,1,6621960,6621950,10,1,6621950,1,6621801,1,6608,2,2,6621910,6621,1,0,1,11,112,1,1011
11402,5307,Campo (Vallemaggia),21,Ticino,10042,Distretto di Vallemaggia,0,3,0,0,12,3,0,7,0,0,0,0,3,0,0,0,1,3,33,338,13,13020
11404,5167,Canobbio,21,Ticino,10003,Distretto di Lugano,5192960,1,5192960,5192950,12,1,5192950,7,5192801,0,0,2,3,5192910,5192,3,1,1,12,123,14,14010
11411,6609,Cartigny,25,Genève,10187,Canton de Genève,6621960,2,6621960,0,10,3,0,1,6621810,0,0,4,2,6621910,6621,1,0,3,23,237,1,1011
11413,5171,Caslano,21,Ticino,10003,Distretto di Lugano,5192960,2,5192960,0,12,2,0,7,5192810,0,0,4,3,5192910,5192,3,1,2,21,216,14,14010
11415,6151,Champéry,23,Valais / Wallis,10013,District de Monthey,0,3,0,0,11,3,0,1,0,0,0,0,2,0,0,0,1,3,33,334,2,2040
11418,6022,Chamoson,23,Valais / Wallis,10034,District de Conthey,0,2,0,0,11,2,0,1,6266810,0,0,4,2,6266910,6266,4,1,2,22,227,7,7030
11419,2008,Châtillon (FR),10,Fribourg / Freiburg,10107,District de la Broye,0,2,0,0,13,2,0,2,0,0,0,0,2,0,0,0,0,3,32,327,4,4010
11420,2068,Châtonnaye,10,Fribourg / Freiburg,10106,District de la Glâne,0,3,0,0,13,3,0,2,0,0,0,0,2,0,0,0,0,3,32,327,4,4010
11424,2128,Châtel-sur-Montsalvens,10,Fribourg / Freiburg,10105,District de la Gruyère,0,3,0,0,13,3,0,2,0,0,0,5,2,0,0,0,1,3,23,237,4,4020
11426,2325,Châtel-Saint-Denis,10,Fribourg / Freiburg,10101,District de la Veveyse,5586960,2,5586960,0,13,2,0,2,0,0,0,5,2,0,0,0,1,2,21,216,2,2050
11431,6612,Chêne-Bougeries,25,Genève,10187,Canton de Genève,6621960,1,6621960,6621950,10,1,6621950,1,6621801,1,6612,2,2,6621910,6621,1,0,1,11,113,1,1015
11439,6611,Chancy,25,Genève,10187,Canton de Genève,6621960,3,6621960,0,10,3,0,1,6621810,0,0,4,2,6621910,6621,1,0,2,22,227,1,1011
11451,3021,Bühler,15,Appenzell Ausserrhoden,10098,Bezirk Mittelland,3203960,3,3203960,0,2,3,0,5,3203810,0,0,4,1,3203910,3203,3,1,2,22,226,15,15050
11454,4003,Buchs (AG),19,Aargau,10026,Bezirk Aarau,0,1,4001960,4001950,14,2,0,3,4001801,0,0,2,1,4001910,4001,3,0,1,12,122,10,10020
11456,83,Buchs (ZH),1,Zürich,10080,Bezirk Dielsdorf,261960,2,261960,0,3,2,0,4,261801,0,0,3,1,261910,261,1,0,1,11,113,12,12031
11461,53,Bülach,1,Zürich,10081,Bezirk Bülach,261960,2,261960,0,3,2,0,4,261801,1,53,3,1,261910,261,1,0,1,11,113,12,12032
11464,4229,Bünzen,19,Aargau,10019,Bezirk Muri,0,3,0,0,14,3,0,3,0,0,0,5,1,0,0,0,0,2,22,227,11,11060
11465,1502,Buochs,7,Nidwalden,10110,Kanton Nidwalden,1061960,2,1061960,0,4,2,0,6,0,0,0,0,1,0,0,0,1,3,32,327,11,11050
11467,213,Brütten,1,Zürich,10074,Bezirk Winterthur,261960,2,261960,0,3,2,0,4,261810,0,0,4,1,261910,261,1,0,2,22,227,12,12040
11472,4193,Brunegg,19,Aargau,10020,Bezirk Lenzburg,0,2,261960,0,14,2,0,3,0,0,0,5,1,0,0,0,0,2,22,227,12,12010
11473,2292,Brünisried,10,Fribourg / Freiburg,10102,Bezirk Sense,0,3,0,0,13,3,0,2,0,0,0,0,1,0,0,0,1,3,32,327,4,4030
11474,2933,Buchberg,14,Schaffhausen,10089,Bezirk Schaffhausen,261960,3,261960,0,3,3,0,5,261810,0,0,4,1,261910,261,1,0,3,23,237,12,12032
11475,5160,Brusino Arsizio,21,Ticino,10003,Distretto di Lugano,5192960,2,5192960,0,12,2,0,7,5250810,0,0,4,3,5250910,5250,4,1,3,23,237,14,14020
11478,112,Bubikon,1,Zürich,10079,Bezirk Hinwil,261960,2,261960,0,3,2,0,4,261810,0,0,4,1,261910,261,1,0,2,21,216,12,12037
11479,2961,Buch (SH),14,Schaffhausen,10087,Bezirk Stein,0,3,0,0,2,3,0,5,0,0,0,0,1,0,0,0,0,3,32,327,12,12020
11484,5162,Cadempino,21,Ticino,10003,Distretto di Lugano,5192960,1,5192960,5192950,12,1,5192950,7,5192801,0,0,2,3,5192910,5192,3,1,1,12,122,14,14010
11485,6193,Bürchen,23,Valais / Wallis,10125,Bezirk Raron,0,3,0,0,11,3,0,1,6002810,0,0,4,1,6002910,6002,5,1,3,23,237,7,7080
11486,2914,Büttenhardt,14,Schaffhausen,10090,Bezirk Reiat,0,3,0,0,2,3,0,5,2939810,0,0,4,1,2939910,2939,4,0,3,23,235,12,12020
11488,4064,Büttikon,19,Aargau,10024,Bezirk Bremgarten,261960,2,261960,0,14,2,0,3,0,0,0,5,1,0,0,0,0,2,22,226,12,12010
11490,4230,Buttwil,19,Aargau,10019,Bezirk Muri,0,2,0,0,14,2,0,3,0,0,0,0,1,0,0,0,0,3,32,327,11,11060
11492,5161,Cademario,21,Ticino,10003,Distretto di Lugano,5192960,2,5192960,0,12,2,0,7,5192810,0,0,4,3,5192910,5192,3,1,3,23,237,14,14010
11502,2177,Chénens,10,Fribourg / Freiburg,10104,District de la Sarine,0,3,2196960,0,13,3,0,2,0,0,0,0,2,0,0,0,0,3,32,326,4,4030
11506,1205,Bürglen (UR),4,Uri,10061,Kanton Uri,0,2,0,0,4,2,0,6,1201801,0,0,2,1,1201910,1201,5,1,1,13,137,11,11070
11510,2472,Büren (SO),11,Solothurn,10099,Bezirk Dorneck,2701960,2,2701960,0,14,3,0,2,2701810,0,0,4,1,2701910,2701,1,0,3,23,237,8,8014
11511,2614,Büsserach,11,Solothurn,10094,Bezirk Thierstein,2701960,2,2701960,0,14,2,0,2,2701810,0,0,4,1,2701910,2701,1,1,2,21,216,8,8011
11522,2257,Cressier (FR),10,Fribourg / Freiburg,10103,Bezirk See / District du Lac,0,3,2196960,0,13,3,0,2,0,0,0,0,2,0,0,0,0,3,32,326,4,4030
11533,2130,Crésuz,10,Fribourg / Freiburg,10105,District de la Gruyère,0,3,0,0,13,3,0,2,0,0,0,0,2,0,0,0,1,3,32,327,4,4020
11534,2250,Courgevaux,10,Fribourg / Freiburg,10103,Bezirk See / District du Lac,351960,2,351960,0,13,2,0,2,0,0,0,6,1,0,92275,0,0,1,13,136,6,6011
11535,6613,Chêne-Bourg,25,Genève,10187,Canton de Genève,6621960,1,6621960,6621950,10,1,6621950,1,6621801,0,0,2,2,6621910,6621,1,0,1,11,113,1,1015
11540,2186,Cottens (FR),10,Fribourg / Freiburg,10104,District de la Sarine,0,3,2196960,0,13,3,0,2,2196810,0,0,4,2,2196910,2196,4,0,3,23,237,4,4030
11556,4004,Densbüren,19,Aargau,10026,Bezirk Aarau,0,3,4001960,0,14,3,0,3,0,0,0,5,1,0,0,0,0,3,23,236,10,10020
11563,54,Dietlikon,1,Zürich,10081,Bezirk Bülach,261960,1,261960,261950,3,1,261950,4,261801,0,0,2,1,261910,261,1,0,1,11,112,12,12036
11564,4231,Dietwil,19,Aargau,10019,Bezirk Muri,1061960,3,1711960,0,14,3,0,3,0,0,0,5,1,0,0,0,0,3,23,235,11,11040
11565,216,Dinhard,1,Zürich,10074,Bezirk Winterthur,261960,2,261960,0,3,3,0,4,230810,0,0,4,1,230910,230,3,0,3,23,236,12,12040
11566,4194,Dintikon,19,Aargau,10020,Bezirk Lenzburg,0,2,0,0,14,2,0,3,0,0,0,5,1,0,0,0,0,2,21,217,10,10020
11567,86,Dielsdorf,1,Zürich,10080,Bezirk Dielsdorf,261960,2,261960,0,3,2,0,4,261810,0,0,4,1,261910,261,1,0,2,21,217,12,12032
11568,1503,Dallenwil,7,Nidwalden,10110,Kanton Nidwalden,0,3,0,0,4,3,0,6,0,0,0,0,1,0,0,0,1,3,32,326,11,11050
11569,6619,Corsier (GE),25,Genève,10187,Canton de Genève,6621960,2,6621960,0,10,2,0,1,6621801,0,0,3,2,6621910,6621,1,0,1,11,113,1,1015
11570,5180,Cureglia,21,Ticino,10003,Distretto di Lugano,5192960,1,5192960,5192950,12,1,5192950,7,5192801,0,0,2,3,5192910,5192,3,1,1,12,123,14,14010
11573,25,Dachsen,1,Zürich,10082,Bezirk Andelfingen,261960,2,261960,0,3,2,0,4,2939810,0,0,4,1,2939910,2939,4,0,2,22,226,12,12020
11574,214,Dägerlen,1,Zürich,10074,Bezirk Winterthur,261960,3,261960,0,3,3,0,4,0,0,0,5,1,0,0,0,0,3,23,237,12,12040
11578,84,Dällikon,1,Zürich,10080,Bezirk Dielsdorf,261960,2,261960,0,3,2,0,4,261801,0,0,3,1,261910,261,1,0,1,11,112,12,12031
11579,5071,Dalpe,21,Ticino,10005,Distretto di Leventina,0,3,0,0,12,3,0,7,0,0,0,0,3,0,0,0,1,3,33,338,13,13010
11580,2572,Däniken,11,Solothurn,10111,Bezirk Olten,0,2,0,0,14,2,0,2,4001801,0,0,2,1,4001910,4001,3,0,1,12,122,10,10020
11581,85,Dänikon,1,Zürich,10080,Bezirk Dielsdorf,261960,2,261960,0,3,2,0,4,261810,0,0,4,1,261910,261,1,0,2,22,226,12,12031
11582,6620,Dardagny,25,Genève,10187,Canton de Genève,6621960,2,6621960,0,10,2,0,1,6621810,0,0,4,2,6621910,6621,1,0,3,23,236,1,1011
11583,215,Dättlikon,1,Zürich,10074,Bezirk Winterthur,261960,2,261960,0,3,2,0,4,261810,0,0,4,1,261910,261,1,0,3,23,237,12,12040
11586,6614,Choulex,25,Genève,10187,Canton de Genève,6621960,2,6621960,0,10,2,0,1,6621810,0,0,4,2,6621910,6621,1,0,2,22,227,1,1015
11594,5251,Coldrerio,21,Ticino,10002,Distretto di Mendrisio,5192960,2,5250960,0,12,2,0,7,5250801,0,0,2,3,5250910,5250,4,0,1,12,123,14,14020
11595,6615,Collex-Bossy,25,Genève,10187,Canton de Genève,6621960,2,6621960,0,10,2,0,1,6621810,0,0,4,2,6621910,6621,1,0,2,22,227,1,1013
11596,6152,Collombey-Muraz,23,Valais / Wallis,10013,District de Monthey,0,2,0,0,11,2,0,1,6153801,0,0,2,2,6153910,6153,5,1,1,13,137,2,2040
11597,6616,Collonge-Bellerive,25,Genève,10187,Canton de Genève,6621960,2,6621960,0,10,2,0,1,6621801,0,0,2,2,6621910,6621,1,0,1,11,112,1,1015
11598,6211,Collonges,23,Valais / Wallis,10177,District de Saint-Maurice,0,3,0,0,11,3,0,1,0,0,0,0,2,0,0,0,1,3,32,327,2,2040
11599,6617,Cologny,25,Genève,10187,Canton de Genève,6621960,1,6621960,6621950,10,2,0,1,6621801,0,0,2,2,6621910,6621,1,0,1,11,113,1,1015
11610,6235,Chippis,23,Valais / Wallis,10178,District de Sierre,0,2,0,0,11,2,0,1,6248801,0,0,2,2,6248910,6248,5,1,1,13,136,7,7050
11616,5176,Comano,21,Ticino,10003,Distretto di Lugano,5192960,1,5192960,5192950,12,1,5192950,7,5192801,0,0,2,3,5192910,5192,3,1,1,12,123,14,14010
11635,6023,Conthey,23,Valais / Wallis,10034,District de Conthey,0,2,0,0,11,2,0,1,6266801,0,0,2,2,6266910,6266,4,1,1,12,123,7,7030
11636,4274,Brittnau,19,Aargau,10017,Bezirk Zofingen,0,2,0,0,14,2,0,3,2581801,0,0,2,1,2581910,2581,3,0,1,12,123,10,10020
11651,6618,Confignon,25,Genève,10187,Canton de Genève,6621960,1,6621960,6621950,10,1,6621950,1,6621801,0,0,2,2,6621910,6621,1,0,1,11,113,1,1011
11657,2173,Autigny,10,Fribourg / Freiburg,10104,District de la Sarine,0,3,2196960,0,13,3,0,2,0,0,0,0,2,0,0,0,0,3,32,325,4,4030
11659,4223,Auw,19,Aargau,10019,Bezirk Muri,1711960,2,1711960,0,14,3,0,3,0,0,0,5,1,0,0,0,0,2,22,226,11,11060
11664,6603,Avully,25,Genève,10187,Canton de Genève,6621960,2,6621960,0,10,2,0,1,6621810,0,0,4,2,6621910,6621,1,0,3,23,237,1,1011
11665,6604,Avusy,25,Genève,10187,Canton de Genève,6621960,3,6621960,0,10,3,0,1,6621810,0,0,4,2,6621910,6621,1,0,3,23,237,1,1011
11666,6082,Ayent,23,Valais / Wallis,10031,District d'Hérens,0,2,0,0,11,2,0,1,6266810,0,0,4,2,6266910,6266,4,1,2,22,227,7,7030
11670,1362,Arth,5,Schwyz,10068,Bezirk Schwyz,1711960,2,1711960,0,4,2,0,6,0,1,1362,6,1,0,91362,0,1,1,13,136,11,11080
11673,5091,Ascona,21,Ticino,10004,Distretto di Locarno,0,2,0,0,12,2,0,7,5113801,0,0,2,3,5113910,5113,4,1,1,12,122,13,13020
11675,6191,Ausserberg,23,Valais / Wallis,10125,Bezirk Raron,0,2,0,0,11,2,0,1,6002810,0,0,4,1,6002910,6002,5,1,3,23,235,7,7080
11676,2321,Attalens,10,Fribourg / Freiburg,10101,District de la Veveyse,5586960,2,5586960,0,13,2,0,2,0,0,0,5,2,0,0,0,0,2,22,227,2,2050
11678,1203,Attinghausen,4,Uri,10061,Kanton Uri,0,2,0,0,4,2,0,6,1201801,0,0,2,1,1201910,1201,5,1,1,13,137,11,11070
11681,4091,Auenstein,19,Aargau,10023,Bezirk Brugg,0,2,4001960,0,14,2,0,3,0,0,0,5,1,0,0,0,0,2,22,226,10,10020
11683,51,Bachenbülach,1,Zürich,10081,Bezirk Bülach,261960,2,261960,0,3,2,0,4,261801,0,0,3,1,261910,261,1,0,1,11,113,12,12032
11685,52,Bassersdorf,1,Zürich,10081,Bezirk Bülach,261960,1,261960,261950,3,2,0,4,261801,1,52,2,1,261910,261,1,0,1,11,113,12,12032
11688,2931,Bargen (SH),14,Schaffhausen,10089,Bezirk Schaffhausen,0,3,0,0,2,3,0,5,2939810,0,0,4,1,2939910,2939,4,0,3,23,237,12,12020
11690,2611,Bärschwil,11,Solothurn,10094,Bezirk Thierstein,2701960,3,2701960,0,14,3,0,2,2701810,0,0,4,1,2701910,2701,1,1,3,23,235,8,8011
11692,6605,Bardonnex,25,Genève,10187,Canton de Genève,6621960,2,6621960,0,10,2,0,1,6621810,0,0,4,2,6621910,6621,1,0,2,22,226,1,1011
11693,2701,Basel,12,Basel-Stadt,10093,Kanton Basel-Stadt,2701960,1,2701960,2701950,5,1,2701950,3,2701801,1,2701,1,1,2701901,2701,1,0,1,11,111,8,8013
11696,2471,Bättwil,11,Solothurn,10099,Bezirk Dorneck,2701960,2,2701960,0,14,2,0,2,2701810,0,0,4,1,2701910,2701,1,0,2,22,226,8,8012
11702,2541,Balm bei Günsberg,11,Solothurn,10097,Bezirk Lebern,0,3,0,0,14,3,0,2,2601810,0,0,4,1,2601910,2601,4,1,3,23,237,5,5060
11703,5144,Arogno,21,Ticino,10003,Distretto di Lugano,5192960,2,5192960,0,12,3,0,7,5192810,0,0,4,3,5192910,5192,3,1,3,23,237,14,14010
11704,81,Bachs,1,Zürich,10080,Bezirk Dielsdorf,261960,3,261960,0,3,3,0,4,261810,0,0,4,1,261910,261,1,0,3,23,237,12,12032
11707,5242,Balerna,21,Ticino,10002,Distretto di Mendrisio,0,1,5250960,5250950,12,2,0,7,5250801,0,0,2,3,5250910,5250,4,0,1,12,122,14,14020
11709,111,Bäretswil,1,Zürich,10079,Bezirk Hinwil,261960,2,261960,0,3,2,0,4,261810,0,0,4,1,261910,261,1,1,2,22,227,12,12037
11711,1701,Baar,9,Zug,10108,Kanton Zug,1711960,1,1711960,1711950,3,1,1711950,6,1711801,1,1701,2,1,1711910,1711,3,0,1,12,122,11,11060
11714,6281,Baltschieder,23,Valais / Wallis,10180,Bezirk Visp,0,2,0,0,11,2,0,1,6002801,0,0,2,1,6002910,6002,5,1,1,13,137,7,7080
11719,5061,Airolo,21,Ticino,10005,Distretto di Leventina,0,3,0,0,12,3,0,7,0,0,0,0,3,0,0,0,1,3,33,338,13,13010
11720,6101,Agarn,23,Valais / Wallis,10030,Bezirk Leuk,0,3,0,0,11,3,0,1,0,0,0,0,1,0,0,0,1,3,33,338,7,7060
11722,5141,Agno,21,Ticino,10003,Distretto di Lugano,5192960,2,5192960,0,12,2,0,7,5192801,0,0,2,3,5192910,5192,3,1,1,12,122,14,14010
11726,6601,Aire-la-Ville,25,Genève,10187,Canton de Genève,6621960,3,6621960,0,10,3,0,1,6621810,0,0,4,2,6621910,6621,1,0,2,22,226,1,1011
11730,6102,Albinen,23,Valais / Wallis,10030,Bezirk Leuk,0,3,0,0,11,3,0,1,0,0,0,0,1,0,0,0,1,3,33,338,7,7060
11738,4271,Aarburg,19,Aargau,10017,Bezirk Zofingen,0,2,0,0,14,2,0,3,2581801,0,0,2,1,2581910,2581,3,0,1,12,123,10,10020
11741,4221,Abtwil,19,Aargau,10019,Bezirk Muri,1711960,3,1711960,0,14,3,0,3,0,0,0,5,1,0,0,0,0,3,23,236,11,11060
11742,2,Affoltern am Albis,1,Zürich,10053,Bezirk Affoltern,261960,2,261960,0,3,2,0,4,261801,1,2,3,1,261910,261,1,0,1,11,112,12,12031
11745,131,Adliswil,1,Zürich,10078,Bezirk Horgen,261960,1,261960,261950,3,1,261950,4,261801,1,131,2,1,261910,261,1,0,1,11,113,12,12034
11753,1401,Alpnach,6,Obwalden,10070,Kanton Obwalden,1061960,2,1061960,0,4,2,0,6,0,0,0,0,1,0,0,0,1,3,32,326,11,11030
11757,5143,Aranno,21,Ticino,10003,Distretto di Lugano,5192960,3,5192960,0,12,3,0,7,5192810,0,0,4,3,5192910,5192,3,1,3,23,235,14,14010
11758,6261,Arbaz,23,Valais / Wallis,10179,District de Sion,0,2,0,0,11,2,0,1,6266810,0,0,4,2,6266910,6266,4,1,2,22,227,7,7030
11763,6021,Ardon,23,Valais / Wallis,10034,District de Conthey,0,2,0,0,11,2,0,1,6266801,0,0,2,2,6266910,6266,4,1,1,12,123,7,7030
11764,4222,Aristau,19,Aargau,10019,Bezirk Muri,261960,2,261960,0,14,2,0,3,261810,0,0,4,1,261910,261,1,0,3,23,237,11,11060
11768,5001,Arbedo-Castione,21,Ticino,10007,Distretto di Bellinzona,0,2,0,0,12,2,0,7,5002801,0,0,2,3,5002910,5002,4,1,1,12,122,13,13040
11773,1201,Altdorf (UR),4,Uri,10061,Kanton Uri,0,2,0,0,4,2,0,6,1201801,1,1201,1,1,1201901,1201,5,1,1,13,137,11,11070
11774,1341,Altendorf,5,Schwyz,10096,Bezirk March,261960,2,261960,0,3,2,0,6,1344801,0,0,2,1,1344910,1344,5,1,1,13,137,12,12050
11776,6602,Anières,25,Genève,10187,Canton de Genève,6621960,2,6621960,0,10,2,0,1,6621801,0,0,3,2,6621910,6621,1,0,1,11,113,1,1015
11777,211,Altikon,1,Zürich,10074,Bezirk Winterthur,261960,3,261960,0,3,3,0,4,0,0,0,5,1,0,0,0,0,3,23,235,12,12040
11778,1361,Alpthal,5,Schwyz,10068,Bezirk Schwyz,0,3,0,0,4,3,0,6,0,0,0,0,1,0,0,0,1,3,32,327,11,11080
11783,4191,Ammerswil,19,Aargau,10020,Bezirk Lenzburg,261960,2,261960,0,14,2,0,3,0,0,0,5,1,0,0,0,0,3,23,235,10,10020
11784,1202,Andermatt,4,Uri,10061,Kanton Uri,0,3,0,0,4,3,0,6,0,0,0,0,1,0,0,0,1,2,31,314,11,11070
11786,82,Boppelsen,1,Zürich,10080,Bezirk Dielsdorf,261960,2,261960,0,3,2,0,4,261810,0,0,4,1,261910,261,1,0,3,23,235,12,12031
11789,2571,Boningen,11,Solothurn,10111,Bezirk Olten,0,2,0,0,14,2,0,2,2581810,0,0,4,1,2581910,2581,3,0,3,23,236,10,10020
11790,4192,Boniswil,19,Aargau,10020,Bezirk Lenzburg,0,2,0,0,14,2,0,3,0,0,0,0,1,0,0,0,0,3,32,326,10,10020
11792,1501,Beckenried,7,Nidwalden,10110,Kanton Nidwalden,1061960,2,1061960,0,4,2,0,6,0,0,0,0,1,0,0,0,1,3,32,327,11,11050
11798,5304,Bosco/Gurin,21,Ticino,10042,Distretto di Vallemaggia,0,3,0,0,12,3,0,7,0,0,0,0,3,0,0,0,1,3,33,338,13,13020
11799,2323,Bossonnens,10,Fribourg / Freiburg,10101,District de la Veveyse,5586960,2,5586960,0,13,2,0,2,0,0,0,5,2,0,0,0,0,2,22,226,2,2050
11800,4228,Boswil,19,Aargau,10019,Bezirk Muri,0,3,0,0,14,3,0,3,0,0,0,5,1,0,0,0,0,2,22,226,11,11060
11801,3,Bonstetten,1,Zürich,10053,Bezirk Affoltern,261960,2,261960,0,3,2,0,4,261810,0,0,4,1,261910,261,1,0,2,22,227,12,12034
11806,5154,Bissone,21,Ticino,10003,Distretto di Lugano,5192960,2,5192960,0,12,2,0,7,5192810,0,0,4,3,5192910,5192,3,1,2,22,227,14,14010
11807,6172,Bister,23,Valais / Wallis,10125,Bezirk Raron,0,3,0,0,11,3,0,1,6002810,0,0,4,1,6002910,6002,5,1,3,23,235,7,7090
11808,6173,Bitsch,23,Valais / Wallis,10125,Bezirk Raron,0,2,0,0,11,2,0,1,6002810,0,0,4,1,6002910,6002,5,1,2,22,227,7,7090
11818,6192,Blatten,23,Valais / Wallis,10125,Bezirk Raron,0,3,0,0,11,3,0,1,0,0,0,0,1,0,0,0,1,3,33,338,7,7060
11822,2613,Breitenbach,11,Solothurn,10094,Bezirk Thierstein,2701960,2,2701960,0,14,2,0,2,2701810,0,0,4,1,2701910,2701,1,0,2,21,217,8,8011
11832,5096,Brione sopra Minusio,21,Ticino,10004,Distretto di Locarno,0,2,0,0,12,2,0,7,5113801,0,0,2,3,5113910,5113,4,1,1,12,123,13,13020
11833,5097,Brissago,21,Ticino,10004,Distretto di Locarno,0,3,0,0,12,3,0,7,5113810,0,0,4,3,5113910,5113,4,1,2,22,227,13,13020
11837,4093,Birrhard,19,Aargau,10023,Bezirk Brugg,0,2,261960,0,14,2,0,3,0,0,0,5,1,0,0,0,0,3,23,236,12,12010
11840,4303,Böttstein,19,Aargau,10016,Bezirk Zurzach,0,2,0,0,14,2,0,3,0,0,0,6,1,0,94304,0,0,1,13,136,12,12010
11845,4273,Bottenwil,19,Aargau,10017,Bezirk Zofingen,0,3,0,0,14,3,0,3,0,0,0,5,1,0,0,0,0,3,23,236,10,10020
11846,6032,Bourg-Saint-Pierre,23,Valais / Wallis,10033,District d'Entremont,0,3,0,0,11,3,0,1,0,0,0,0,2,0,0,0,1,3,33,338,7,7020
11850,6131,Bovernier,23,Valais / Wallis,10029,District de Martigny,0,3,0,0,11,3,0,1,6136810,0,0,4,2,6136910,6136,5,1,3,23,237,7,7010
11853,6607,Bernex,25,Genève,10187,Canton de Genève,6621960,1,6621960,6621950,10,1,6621950,1,6621801,0,0,2,2,6621910,6621,1,0,1,11,113,1,1011
11855,23,Berg am Irchel,1,Zürich,10082,Bezirk Andelfingen,261960,3,261960,0,3,3,0,4,261810,0,0,4,1,261910,261,1,0,2,22,227,12,12040
11856,4023,Bergdietikon,19,Aargau,10025,Bezirk Baden,261960,2,261960,0,14,2,0,3,261801,0,0,2,1,261910,261,1,0,1,11,113,12,12031
11857,4062,Berikon,19,Aargau,10024,Bezirk Bremgarten,261960,2,261960,0,14,2,0,3,261801,0,0,3,1,261910,261,1,0,1,11,113,12,12031
11862,22,Benken (ZH),1,Zürich,10082,Bezirk Andelfingen,261960,3,261960,0,3,3,0,4,0,0,0,5,1,0,0,0,0,3,23,235,12,12020
11871,2124,Broc,10,Fribourg / Freiburg,10105,District de la Gruyère,0,2,0,0,13,3,0,2,2125810,0,0,4,2,2125910,2125,5,1,2,22,226,4,4020
11872,5063,Bedretto,21,Ticino,10005,Distretto di Leventina,0,3,0,0,12,3,0,7,0,0,0,0,3,0,0,0,1,3,33,338,13,13010
11873,2951,Beggingen,14,Schaffhausen,10088,Bezirk Schleitheim,0,3,0,0,2,3,0,5,0,0,0,5,1,0,0,0,0,3,23,235,12,12020
11875,4224,Beinwil (Freiamt),19,Aargau,10019,Bezirk Muri,0,3,0,0,14,3,0,3,0,0,0,0,1,0,0,0,0,3,32,327,11,11060
11876,2612,Beinwil (SO),11,Solothurn,10094,Bezirk Thierstein,2701960,3,2701960,0,14,3,0,2,0,0,0,0,1,0,0,0,1,3,32,325,8,8011
11878,2542,Bellach,11,Solothurn,10097,Bezirk Lebern,0,2,0,0,14,2,0,2,2601801,0,0,2,1,2601910,2601,4,0,1,12,123,5,5060
11880,6606,Bellevue,25,Genève,10187,Canton de Genève,6621960,2,6621960,0,10,2,0,1,6621801,0,0,2,2,6621910,6621,1,0,1,11,113,1,1013
11881,4022,Bellikon,19,Aargau,10025,Bezirk Baden,261960,2,261960,0,14,2,0,3,261810,0,0,4,1,261910,261,1,0,2,22,227,12,12010
11883,6052,Bellwald,23,Valais / Wallis,10032,Bezirk Goms,0,3,0,0,11,3,0,1,0,0,0,0,1,0,0,0,1,3,33,338,7,7090
11886,4131,Beinwil am See,19,Aargau,10022,Bezirk Kulm,0,2,0,0,14,2,0,3,4141801,0,0,2,1,4141910,4141,5,0,1,13,137,10,10020
11888,4226,Besenbüren,19,Aargau,10019,Bezirk Muri,261960,3,261960,0,14,3,0,3,261810,0,0,4,1,261910,261,1,0,3,23,237,11,11060
11892,6054,Binn,23,Valais / Wallis,10032,Bezirk Goms,0,3,0,0,11,3,0,1,0,0,0,0,1,0,0,0,1,3,33,338,7,7090
11899,4024,Birmenstorf (AG),19,Aargau,10025,Bezirk Baden,261960,2,261960,0,14,2,0,3,0,0,0,5,1,0,0,0,0,2,22,227,12,12010
11901,4092,Birr,19,Aargau,10023,Bezirk Brugg,0,2,0,0,14,2,0,3,0,0,0,5,1,0,0,0,0,2,21,216,12,12010
11902,5148,Bedano,21,Ticino,10003,Distretto di Lugano,5192960,2,5192960,0,12,2,0,7,5192801,0,0,2,3,5192910,5192,3,1,1,12,122,14,14010
11904,5281,Biasca,21,Ticino,10040,Distretto di Riviera,0,2,0,0,12,2,0,7,0,0,0,0,3,0,0,0,1,2,31,317,13,13030
11907,2702,Bettingen,12,Basel-Stadt,10093,Kanton Basel-Stadt,2701960,2,2701960,0,5,2,0,3,2701801,0,0,2,1,2701910,2701,1,0,1,11,113,8,8013
11908,2543,Bettlach,11,Solothurn,10097,Bezirk Lebern,0,2,0,0,14,2,0,2,2546801,0,0,2,1,2546910,2546,5,0,1,13,136,5,5060
11910,4227,Bettwil,19,Aargau,10019,Bezirk Muri,0,3,0,0,14,3,0,3,0,0,0,0,1,0,0,0,0,3,32,326,11,11060
11911,2445,Biezwil,11,Solothurn,10100,Bezirk Bucheggberg,0,3,0,0,14,3,0,2,0,0,0,5,1,0,0,0,0,3,23,236,5,5060
11913,4132,Birrwil,19,Aargau,10022,Bezirk Kulm,0,2,0,0,14,2,0,3,0,0,0,5,1,0,0,0,0,2,22,227,10,10020
11916,4002,Biberstein,19,Aargau,10026,Bezirk Aarau,0,2,4001960,0,14,2,0,3,4001810,0,0,4,1,4001910,4001,3,0,2,22,227,10,10020
11923,2547,Günsberg,11,Solothurn,10097,Bezirk Lebern,0,2,0,0,14,2,0,2,2601810,0,0,4,1,2601910,2601,4,1,3,23,236,5,5060
11935,29,Flurlingen,1,Zürich,10082,Bezirk Andelfingen,261960,2,261960,0,3,2,0,4,2939801,0,0,2,1,2939910,2939,4,0,1,12,123,12,12020
11936,2578,Gunzgen,11,Solothurn,10111,Bezirk Olten,0,2,0,0,14,2,0,2,0,0,0,0,1,0,0,0,0,3,32,327,10,10020
11937,2545,Flumenthal,11,Solothurn,10097,Bezirk Lebern,0,2,0,0,14,2,0,2,2601810,0,0,4,1,2601910,2601,4,0,2,22,227,5,5060
11940,1207,Flüelen,4,Uri,10061,Kanton Uri,0,2,0,0,4,2,0,6,1201801,0,0,2,1,1201910,1201,5,1,1,13,136,11,11070
11941,1209,Gurtnellen,4,Uri,10061,Kanton Uri,0,3,0,0,4,3,0,6,0,0,0,0,1,0,0,0,1,3,33,338,11,11070
11946,4028,Freienwil,19,Aargau,10025,Bezirk Baden,261960,2,261960,0,14,2,0,3,0,0,0,5,1,0,0,0,0,3,23,237,12,12010
11953,4163,Frick,19,Aargau,10021,Bezirk Laufenburg,0,2,2701960,0,14,2,0,3,0,0,0,6,1,0,94163,0,0,1,13,137,8,8015
11954,2196,Fribourg,10,Fribourg / Freiburg,10104,District de la Sarine,0,1,2196960,2196950,13,2,0,2,2196801,1,2196,1,2,2196901,2196,4,0,1,12,121,4,4030
11956,3031,Grub (AR),15,Appenzell Ausserrhoden,10057,Bezirk Vorderland,3203960,2,3203960,0,2,2,0,5,0,0,0,5,1,0,0,0,1,2,22,227,15,15050
11958,2135,Gruyères,10,Fribourg / Freiburg,10105,District de la Gruyère,0,2,0,0,13,3,0,2,0,0,0,5,2,0,0,0,1,2,22,226,4,4020
11959,6624,Gy,25,Genève,10187,Canton de Genève,6621960,3,6621960,0,10,3,0,1,6621810,0,0,4,2,6621910,6621,1,0,2,22,227,1,1015
11960,57,Freienstein-Teufen,1,Zürich,10081,Bezirk Bülach,261960,2,261960,0,3,2,0,4,261801,0,0,3,1,261910,261,1,0,1,11,113,12,12032
11961,1322,Freienbach,5,Schwyz,10058,Bezirk Höfe,261960,2,261960,0,3,2,0,6,261801,1,1322,3,1,261910,261,1,0,1,11,112,12,12050
11969,2258,Fräschels,10,Fribourg / Freiburg,10103,Bezirk See / District du Lac,351960,3,351960,0,13,3,0,2,0,0,0,5,1,0,0,0,0,3,23,235,6,6011
11970,116,Grüningen,1,Zürich,10079,Bezirk Hinwil,261960,2,261960,0,3,2,0,4,261810,0,0,4,1,261910,261,1,0,2,22,227,12,12037
11973,27,Feuerthalen,1,Zürich,10082,Bezirk Andelfingen,261960,2,261960,0,3,2,0,4,2939801,0,0,2,1,2939910,2939,4,0,1,12,123,12,12020
11978,2194,Ferpicloz,10,Fribourg / Freiburg,10104,District de la Sarine,0,3,2196960,0,13,3,0,2,2196810,0,0,4,2,2196910,2196,4,0,2,22,226,4,4030
11985,2491,Hauenstein-Ifenthal,11,Solothurn,10084,Bezirk Gösgen,0,3,0,0,14,3,0,2,2581810,0,0,4,1,2581910,2581,3,1,3,23,235,10,10020
11986,2544,Feldbrunnen-St. Niklaus,11,Solothurn,10097,Bezirk Lebern,0,2,0,0,14,2,0,2,2601801,0,0,2,1,2601910,2601,4,0,1,12,123,5,5060
11988,2616,Fehren,11,Solothurn,10094,Bezirk Thierstein,2701960,3,2701960,0,14,3,0,2,2701810,0,0,4,1,2701910,2701,1,0,3,23,237,8,8011
11989,172,Fehraltorf,1,Zürich,10076,Bezirk Pfäffikon,261960,2,261960,0,3,2,0,4,261810,0,0,4,1,261910,261,1,0,2,21,217,12,12036
11992,4,Hausen am Albis,1,Zürich,10053,Bezirk Affoltern,261960,3,261960,0,3,3,0,4,261810,0,0,4,1,261910,261,1,0,2,22,227,11,11060
11995,6195,Ferden,23,Valais / Wallis,10125,Bezirk Raron,0,3,0,0,11,3,0,1,0,0,0,0,1,0,0,0,1,3,33,338,7,7060
11996,4197,Hallwil,19,Aargau,10020,Bezirk Lenzburg,0,2,0,0,14,2,0,3,0,0,0,0,1,0,0,0,0,3,32,326,10,10020
11997,28,Flaach,1,Zürich,10082,Bezirk Andelfingen,261960,3,261960,0,3,3,0,4,0,0,0,5,1,0,0,0,0,2,22,227,12,12040
11998,4027,Fislisbach,19,Aargau,10025,Bezirk Baden,261960,2,261960,0,14,2,0,3,4021801,0,0,3,1,4021910,4021,3,0,1,12,123,12,12010
11999,4306,Fisibach,19,Aargau,10016,Bezirk Zurzach,261960,2,261960,0,14,3,0,3,261810,0,0,4,1,261910,261,1,0,2,22,226,12,12010
12000,4099,Habsburg,19,Aargau,10023,Bezirk Brugg,261960,2,261960,0,14,2,0,3,0,0,0,5,1,0,0,0,0,2,22,227,12,12010
12001,220,Hagenbuch,1,Zürich,10074,Bezirk Winterthur,261960,3,261960,0,3,3,0,4,0,0,0,5,1,0,0,0,0,3,23,237,12,12040
12002,114,Fischenthal,1,Zürich,10079,Bezirk Hinwil,261960,3,261960,0,3,3,0,4,0,0,0,0,1,0,0,0,1,3,32,326,12,12037
12003,2579,Hägendorf,11,Solothurn,10111,Bezirk Olten,0,2,0,0,14,2,0,2,2581801,0,0,2,1,2581910,2581,3,1,1,12,122,10,10020
12004,4068,Hägglingen,19,Aargau,10024,Bezirk Bremgarten,261960,2,261960,0,14,2,0,3,0,0,0,5,1,0,0,0,0,2,21,216,12,12010
12006,4067,Fischbach-Göslikon,19,Aargau,10024,Bezirk Bremgarten,261960,2,261960,0,14,2,0,3,261810,0,0,4,1,261910,261,1,0,2,22,226,12,12010
12007,1321,Feusisberg,5,Schwyz,10058,Bezirk Höfe,261960,2,261960,0,3,2,0,6,261810,0,0,4,1,261910,261,1,1,2,22,227,12,12050
12009,2617,Grindel,11,Solothurn,10094,Bezirk Thierstein,2701960,3,2701960,0,14,3,0,2,2701810,0,0,4,1,2701910,2701,1,1,3,23,237,8,8011
12010,6214,Finhaut,23,Valais / Wallis,10177,District de Saint-Maurice,0,3,0,0,11,3,0,1,0,0,0,0,2,0,0,0,1,3,33,338,7,7010
12017,6058,Fieschertal,23,Valais / Wallis,10032,Bezirk Goms,0,3,0,0,11,3,0,1,0,0,0,0,1,0,0,0,1,3,33,338,7,7090
12018,6057,Fiesch,23,Valais / Wallis,10032,Bezirk Goms,0,3,0,0,11,3,0,1,0,0,0,0,1,0,0,0,1,3,33,334,7,7090
12020,2971,Hallau,14,Schaffhausen,10086,Bezirk Unterklettgau,0,3,0,0,2,3,0,5,0,0,0,5,1,0,0,0,0,2,22,226,12,12020
12023,115,Gossau (ZH),1,Zürich,10079,Bezirk Hinwil,261960,2,261960,0,3,2,0,4,261810,0,0,4,1,261910,261,1,0,2,21,216,12,12037
12024,2294,Giffers,10,Fribourg / Freiburg,10102,Bezirk Sense,0,3,2196960,0,13,3,0,2,0,0,0,5,1,0,0,0,0,2,22,227,4,4030
12032,1208,Göschenen,4,Uri,10061,Kanton Uri,0,3,0,0,4,3,0,6,0,0,0,0,1,0,0,0,1,3,33,338,11,11070
12033,1311,Gersau,5,Schwyz,10059,Bezirk Gersau,0,3,0,0,4,3,0,6,0,0,0,0,1,0,0,0,1,3,32,327,11,11080
12040,6285,Grächen,23,Valais / Wallis,10180,Bezirk Visp,0,3,0,0,11,3,0,1,0,0,0,0,1,0,0,0,1,3,33,334,7,7070
12042,5186,Grancia,21,Ticino,10003,Distretto di Lugano,5192960,2,5192960,0,12,2,0,7,5192801,0,0,2,3,5192910,5192,3,1,1,12,122,14,14010
12044,6238,Grône,23,Valais / Wallis,10178,District de Sierre,0,2,0,0,11,2,0,1,6266810,0,0,4,2,6266910,6266,4,1,2,22,227,7,7050
12047,4135,Gontenschwil,19,Aargau,10022,Bezirk Kulm,0,2,0,0,14,2,0,3,0,0,0,0,1,0,0,0,0,3,32,326,10,10020
12051,5108,Gordola,21,Ticino,10004,Distretto di Locarno,0,2,0,0,12,2,0,7,5113801,0,0,2,3,5113910,5113,4,1,1,12,123,13,13020
12055,2022,Gletterens,10,Fribourg / Freiburg,10107,District de la Broye,0,3,0,0,13,3,0,2,0,0,0,0,2,0,0,0,0,3,32,327,4,4010
12056,58,Glattfelden,1,Zürich,10081,Bezirk Bülach,261960,2,261960,0,3,2,0,4,261810,0,0,4,1,261910,261,1,0,2,22,227,12,12032
12060,2197,Givisiez,10,Fribourg / Freiburg,10104,District de la Sarine,0,1,2196960,2196950,13,2,0,2,2196801,0,0,2,2,2196910,2196,4,0,1,12,122,4,4030
12063,1403,Giswil,6,Obwalden,10070,Kanton Obwalden,0,3,0,0,4,3,0,6,0,0,0,0,1,0,0,0,1,3,32,327,11,11030
12065,4165,Gipf-Oberfrick,19,Aargau,10021,Bezirk Laufenburg,0,2,0,0,14,2,0,3,0,0,0,6,1,0,94163,0,0,1,13,137,8,8015
12071,2901,Gächlingen,14,Schaffhausen,10091,Bezirk Oberklettgau,0,3,0,0,2,3,0,5,0,0,0,5,1,0,0,0,0,3,23,235,12,12020
12073,194,Greifensee,1,Zürich,10075,Bezirk Uster,261960,2,261960,0,3,2,0,4,261801,0,0,2,1,261910,261,1,0,1,11,113,12,12036
12075,1342,Galgenen,5,Schwyz,10096,Bezirk March,261960,2,261960,0,3,2,0,6,0,0,0,5,1,0,0,0,1,2,22,227,12,12050
12076,2546,Grenchen,11,Solothurn,10097,Bezirk Lebern,0,2,0,0,14,2,0,2,2546801,1,2546,1,1,2546901,2546,5,0,1,13,136,5,5060
12077,3022,Gais,15,Appenzell Ausserrhoden,10098,Bezirk Mittelland,3203960,3,3203960,0,2,3,0,5,0,0,0,0,1,0,0,0,1,2,31,317,15,15060
12078,2261,Greng,10,Fribourg / Freiburg,10103,Bezirk See / District du Lac,351960,3,351960,0,13,3,0,2,0,0,0,0,1,0,0,0,0,3,32,325,6,6011
12079,6177,Grengiols,23,Valais / Wallis,10125,Bezirk Raron,0,3,0,0,11,3,0,1,6002810,0,0,4,1,6002910,6002,5,1,3,23,237,7,7090
12089,6133,Fully,23,Valais / Wallis,10029,District de Martigny,0,2,0,0,11,2,0,1,0,0,0,5,2,0,0,0,1,2,21,217,7,7010
12091,4307,Full-Reuenthal,19,Aargau,10016,Bezirk Zurzach,0,2,0,0,14,3,0,3,0,0,0,0,1,0,0,0,0,3,32,327,12,12010
12092,2575,Fulenbach,11,Solothurn,10111,Bezirk Olten,0,2,0,0,14,2,0,2,0,0,0,0,1,0,0,0,0,3,32,326,10,10020
12094,6263,Grimisuat,23,Valais / Wallis,10179,District de Sion,0,2,0,0,11,2,0,1,6266801,0,0,2,2,6266910,6266,4,1,1,12,123,7,7030
12097,6622,Genthod,25,Genève,10187,Canton de Genève,6621960,2,6621960,0,10,2,0,1,6621801,0,0,2,2,6621910,6621,1,0,1,11,113,1,1013
12099,6621,Genève,25,Genève,10187,Canton de Genève,6621960,1,6621960,6621950,10,1,6621950,1,6621801,1,6621,1,2,6621901,6621,1,0,1,11,111,1,1012
12103,2474,Gempen,11,Solothurn,10099,Bezirk Dorneck,2701960,3,2701960,0,14,3,0,2,2701810,0,0,4,1,2701910,2701,1,0,3,23,237,8,8012
12104,4232,Geltwil,19,Aargau,10019,Bezirk Muri,0,3,0,0,14,3,0,3,0,0,0,0,1,0,0,0,0,3,32,325,11,11060
12106,2134,Grandvillard,10,Fribourg / Freiburg,10105,District de la Gruyère,0,3,0,0,13,3,0,2,0,0,0,0,2,0,0,0,1,3,32,327,4,4020
12110,4029,Gebenstorf,19,Aargau,10025,Bezirk Baden,261960,2,261960,0,14,2,0,3,4021801,0,0,2,1,4021910,4021,3,0,1,12,123,12,12010
12111,2198,Granges-Paccot,10,Fribourg / Freiburg,10104,District de la Sarine,0,1,2196960,2196950,13,2,0,2,2196801,0,0,2,2,2196910,2196,4,0,1,12,122,4,4030
12113,2079,Grangettes,10,Fribourg / Freiburg,10106,District de la Glâne,0,3,0,0,13,3,0,2,0,0,0,0,2,0,0,0,1,3,32,325,4,4020
12114,4164,Gansingen,19,Aargau,10021,Bezirk Laufenburg,0,3,0,0,14,3,0,3,0,0,0,0,1,0,0,0,0,3,32,325,12,12010
12115,4006,Gränichen,19,Aargau,10026,Bezirk Aarau,0,2,4001960,0,14,2,0,3,4001801,0,0,2,1,4001910,4001,3,0,1,12,123,10,10020
12118,5187,Gravesano,21,Ticino,10003,Distretto di Lugano,5192960,2,5192960,0,12,2,0,7,5192801,0,0,2,3,5192910,5192,3,1,1,12,122,14,14010
12120,2328,Granges (Veveyse),10,Fribourg / Freiburg,10101,District de la Veveyse,5586960,2,5586960,0,13,2,0,2,0,0,0,5,2,0,0,0,0,3,23,236,2,2050
12122,4134,Dürrenäsch,19,Aargau,10022,Bezirk Kulm,0,2,0,0,14,2,0,3,0,0,0,0,1,0,0,0,0,3,32,327,10,10020
12123,192,Egg,1,Zürich,10075,Bezirk Uster,261960,2,261960,0,3,2,0,4,261810,0,0,4,1,261910,261,1,0,2,21,217,12,12036
12132,6004,Eggerberg,23,Valais / Wallis,10035,Bezirk Brig,0,3,0,0,11,3,0,1,6002810,0,0,4,1,6002910,6002,5,1,2,22,227,7,7080
12134,2475,Hochwald,11,Solothurn,10099,Bezirk Dorneck,2701960,3,2701960,0,14,3,0,2,2701810,0,0,4,1,2701910,2701,1,0,3,23,237,8,8012
12135,2131,Echarlens,10,Fribourg / Freiburg,10105,District de la Gruyère,0,2,0,0,13,2,0,2,2125801,0,0,2,2,2125910,2125,5,1,1,13,137,4,4020
12139,4199,Holderbank (AG),19,Aargau,10020,Bezirk Lenzburg,0,2,0,0,14,2,0,3,4201801,0,0,2,1,4201910,4201,5,0,1,13,137,10,10020
12140,4136,Holziken,19,Aargau,10022,Bezirk Kulm,0,2,4001960,0,14,2,0,3,4001801,0,0,2,1,4001910,4001,3,0,1,12,123,10,10020
12143,153,Hombrechtikon,1,Zürich,10077,Bezirk Meilen,261960,2,261960,0,3,2,0,4,261810,0,0,4,1,261910,261,1,0,2,21,217,12,12037
12144,218,Ellikon an der Thur,1,Zürich,10074,Bezirk Winterthur,261960,3,261960,0,3,3,0,4,0,0,0,5,1,0,0,0,0,3,23,236,12,12040
12150,6282,Eisten,23,Valais / Wallis,10180,Bezirk Visp,0,3,0,0,11,3,0,1,6002810,0,0,4,1,6002910,6002,5,1,3,23,235,7,7080
12151,6194,Eischoll,23,Valais / Wallis,10125,Bezirk Raron,0,3,0,0,11,3,0,1,6002810,0,0,4,1,6002910,6002,5,1,3,23,237,7,7080
12152,1301,Einsiedeln,5,Schwyz,10060,Bezirk Einsiedeln,0,2,0,0,4,2,0,6,0,1,1301,6,1,0,91301,0,1,1,13,137,11,11080
12154,2618,Himmelried,11,Solothurn,10094,Bezirk Thierstein,2701960,3,2701960,0,14,3,0,2,2701810,0,0,4,1,2701910,2701,1,0,3,23,237,8,8012
12156,117,Hinwil,1,Zürich,10079,Bezirk Hinwil,261960,2,261960,0,3,2,0,4,261810,1,117,4,1,261910,261,1,0,2,21,216,12,12037
12157,4066,Eggenwil,19,Aargau,10024,Bezirk Bremgarten,261960,2,261960,0,14,2,0,3,261810,0,0,4,1,261910,261,1,0,2,22,227,12,12010
12158,4007,Hirschthal,19,Aargau,10026,Bezirk Aarau,0,2,4001960,0,14,2,0,3,4001801,0,0,2,1,4001910,4001,3,0,1,12,122,10,10020
12159,113,Dürnten,1,Zürich,10079,Bezirk Hinwil,261960,2,261960,0,3,2,0,4,3336801,0,0,2,1,3336910,3336,5,0,1,13,137,12,12037
12161,173,Hittnau,1,Zürich,10076,Bezirk Pfäffikon,261960,2,261960,0,3,2,0,4,261810,0,0,4,1,261910,261,1,0,2,22,226,12,12036
12166,59,Hochfelden,1,Zürich,10081,Bezirk Bülach,261960,2,261960,0,3,2,0,4,261810,0,0,4,1,261910,261,1,0,2,22,226,12,12032
12167,4195,Egliswil,19,Aargau,10020,Bezirk Lenzburg,0,2,0,0,14,2,0,3,0,0,0,0,1,0,0,0,0,3,32,326,10,10020
12168,55,Eglisau,1,Zürich,10081,Bezirk Bülach,261960,2,261960,0,3,2,0,4,261810,0,0,4,1,261910,261,1,0,2,21,217,12,12032
12170,4161,Eiken,19,Aargau,10021,Bezirk Laufenburg,2701960,2,2701960,0,14,2,0,3,0,0,0,5,1,0,0,0,0,2,22,226,8,8015
12175,3002,Hundwil,15,Appenzell Ausserrhoden,10054,Bezirk Hinterland,3203960,3,0,0,2,3,0,5,3203810,0,0,4,1,3203910,3203,3,1,3,23,237,15,15050
12176,1703,Hünenberg,9,Zug,10108,Kanton Zug,1711960,2,1711960,0,3,2,0,6,1711801,0,0,2,1,1711910,1711,3,0,1,12,122,11,11060
12178,61,Hüntwangen,1,Zürich,10081,Bezirk Bülach,261960,3,261960,0,3,3,0,4,261810,0,0,4,1,261910,261,1,0,3,23,236,12,12032
12179,4200,Hunzenschwil,19,Aargau,10020,Bezirk Lenzburg,0,2,4001960,0,14,2,0,3,0,0,0,5,1,0,0,0,0,2,21,217,10,10020
12181,87,Hüttikon,1,Zürich,10080,Bezirk Dielsdorf,261960,2,261960,0,3,2,0,4,261810,0,0,4,1,261910,261,1,0,2,22,227,12,12031
12182,26,Dorf,1,Zürich,10082,Bezirk Andelfingen,261960,3,261960,0,3,3,0,4,0,0,0,5,1,0,0,0,0,3,23,237,12,12040
12184,2915,Dörflingen,14,Schaffhausen,10090,Bezirk Reiat,0,3,0,0,2,3,0,5,2939810,0,0,4,1,2939910,2939,4,0,3,23,236,12,12020
12187,6239,Icogne,23,Valais / Wallis,10178,District de Sierre,0,2,0,0,11,3,0,1,0,0,0,0,2,0,0,0,1,3,33,338,7,7040
12192,1363,Illgau,5,Schwyz,10068,Bezirk Schwyz,0,3,0,0,4,3,0,6,0,0,0,0,1,0,0,0,1,3,32,325,11,11080
12199,2573,Dulliken,11,Solothurn,10111,Bezirk Olten,0,2,0,0,14,2,0,2,2581801,0,0,2,1,2581910,2581,3,0,1,12,123,10,10020
12204,2293,Düdingen,10,Fribourg / Freiburg,10102,Bezirk Sense,351960,2,351960,0,13,2,0,2,0,0,0,5,1,0,0,0,0,2,21,216,4,4030
12205,191,Dübendorf,1,Zürich,10075,Bezirk Uster,261960,1,261960,261950,3,1,261950,4,261801,1,191,2,1,261910,261,1,0,1,11,112,12,12036
12207,6212,Dorénaz,23,Valais / Wallis,10177,District de Saint-Maurice,0,3,0,0,11,3,0,1,0,0,0,0,2,0,0,0,1,3,32,327,7,7010
12210,4304,Döttingen,19,Aargau,10016,Bezirk Zurzach,0,2,0,0,14,2,0,3,0,0,0,6,1,0,94304,0,0,1,13,136,12,12010
12213,1210,Hospental,4,Uri,10061,Kanton Uri,0,3,0,0,4,3,0,6,0,0,0,0,1,0,0,0,1,3,33,335,11,11070
12215,2548,Hubersdorf,11,Solothurn,10097,Bezirk Lebern,0,2,0,0,14,2,0,2,2601810,0,0,4,1,2601910,2601,4,0,2,22,227,5,5060
12217,4065,Dottikon,19,Aargau,10024,Bezirk Bremgarten,0,2,0,0,14,2,0,3,0,0,0,5,1,0,0,0,0,2,21,216,12,12010
12219,2473,Dornach,11,Solothurn,10099,Bezirk Dorneck,2701960,1,2701960,2701950,14,1,2701950,2,2701801,0,0,2,1,2701910,2701,1,0,1,11,113,8,8012
12220,60,Höri,1,Zürich,10081,Bezirk Bülach,261960,2,261960,0,3,2,0,4,261801,0,0,3,1,261910,261,1,0,1,11,113,12,12032
12228,4251,Hellikon,19,Aargau,10018,Bezirk Rheinfelden,2701960,3,2701960,0,14,3,0,3,2701810,0,0,4,1,2701910,2701,1,0,3,23,235,8,8015
12233,2962,Hemishofen,14,Schaffhausen,10087,Bezirk Stein,0,2,0,0,2,3,0,5,0,0,0,0,1,0,0,0,0,3,32,325,12,12020
12235,4198,Hendschiken,19,Aargau,10020,Bezirk Lenzburg,261960,2,261960,0,14,2,0,3,0,0,0,5,1,0,0,0,0,2,22,227,10,10020
12238,1206,Erstfeld,4,Uri,10061,Kanton Uri,0,3,0,0,4,3,0,6,1201810,0,0,4,1,1201910,1201,5,1,2,22,227,11,11070
12240,31,Henggart,1,Zürich,10082,Bezirk Andelfingen,261960,3,261960,0,3,3,0,4,0,0,0,5,1,0,0,0,0,2,22,226,12,12040
12247,2137,Hauteville,10,Fribourg / Freiburg,10105,District de la Gruyère,0,3,0,0,13,3,0,2,0,0,0,5,2,0,0,0,1,3,23,237,4,4020
12248,193,Fällanden,1,Zürich,10075,Bezirk Uster,261960,2,261960,0,3,2,0,4,261801,0,0,3,1,261910,261,1,0,1,11,113,12,12036
12249,5,Hedingen,1,Zürich,10053,Bezirk Affoltern,261960,2,261960,0,3,2,0,4,261801,0,0,3,1,261910,261,1,0,1,11,113,12,12031
12252,4196,Fahrwangen,19,Aargau,10020,Bezirk Lenzburg,0,2,0,0,14,2,0,3,0,0,0,0,1,0,0,0,0,3,32,326,10,10020
12253,3032,Heiden,15,Appenzell Ausserrhoden,10057,Bezirk Vorderland,3203960,2,3203960,0,2,2,0,5,0,0,0,0,1,0,0,0,1,2,31,316,15,15050
12255,6083,Evolène,23,Valais / Wallis,10031,District d'Hérens,0,3,0,0,11,3,0,1,0,0,0,0,2,0,0,0,1,3,33,338,7,7030
12256,6213,Evionnaz,23,Valais / Wallis,10177,District de Saint-Maurice,0,3,0,0,11,3,0,1,0,0,0,0,2,0,0,0,1,3,32,326,2,2040
12260,2296,Heitenried,10,Fribourg / Freiburg,10102,Bezirk Sense,351960,3,351960,0,13,3,0,2,0,0,0,0,1,0,0,0,0,3,32,325,6,6011
12274,2615,Erschwil,11,Solothurn,10094,Bezirk Thierstein,2701960,3,2701960,0,14,3,0,2,2701810,0,0,4,1,2701910,2701,1,1,3,23,236,8,8011
12275,1506,Ennetmoos,7,Nidwalden,10110,Kanton Nidwalden,1061960,2,1061960,0,4,3,0,6,0,0,0,0,1,0,0,0,1,3,32,326,11,11050
12276,1505,Ennetbürgen,7,Nidwalden,10110,Kanton Nidwalden,1061960,2,1061960,0,4,2,0,6,0,0,0,0,1,0,0,0,1,3,32,327,11,11050
12277,4026,Ennetbaden,19,Aargau,10025,Bezirk Baden,261960,2,261960,0,14,2,0,3,4021801,0,0,2,1,4021910,4021,3,0,1,12,123,12,12010
12283,221,Hettlingen,1,Zürich,10074,Bezirk Winterthur,261960,2,261960,0,3,2,0,4,0,0,0,5,1,0,0,0,0,2,22,226,12,12040
12287,1402,Engelberg,6,Obwalden,10070,Kanton Obwalden,0,3,0,0,4,3,0,6,0,0,0,0,1,0,0,0,1,2,31,314,11,11050
12290,1504,Emmetten,7,Nidwalden,10110,Kanton Nidwalden,0,2,0,0,4,3,0,6,0,0,0,0,1,0,0,0,1,3,32,327,11,11050
12292,56,Embrach,1,Zürich,10081,Bezirk Bülach,261960,2,261960,0,3,2,0,4,261801,0,0,3,1,261910,261,1,0,1,11,113,12,12032
12293,6283,Embd,23,Valais / Wallis,10180,Bezirk Visp,0,3,0,0,11,3,0,1,6002810,0,0,4,1,6002910,6002,5,1,3,23,235,7,7080
12294,219,Elsau,1,Zürich,10074,Bezirk Winterthur,261960,2,261960,0,3,2,0,4,230801,0,0,2,1,230910,230,3,0,1,12,123,12,12040
12296,6625,Hermance,25,Genève,10187,Canton de Genève,6621960,2,6621960,0,10,2,0,1,6621810,0,0,4,2,6621910,6621,1,0,2,22,227,1,1015
12298,6084,Hérémence,23,Valais / Wallis,10031,District d'Hérens,0,3,0,0,11,3,0,1,6266810,0,0,4,2,6266910,6266,4,1,3,23,237,7,7030
12300,1507,Hergiswil (NW),7,Nidwalden,10110,Kanton Nidwalden,1061960,2,1061960,0,4,2,0,6,1061810,0,0,4,1,1061910,1061,3,1,2,21,217,11,11050
12301,151,Erlenbach (ZH),1,Zürich,10077,Bezirk Meilen,261960,1,261960,261950,3,1,261950,4,261801,0,0,2,1,261910,261,1,0,1,11,113,12,12035
12304,3001,Herisau,15,Appenzell Ausserrhoden,10054,Bezirk Hinterland,3203960,2,3203960,0,2,2,0,5,3203801,1,3001,3,1,3203910,3203,3,0,1,12,122,15,15050
12307,6104,Ergisch,23,Valais / Wallis,10030,Bezirk Leuk,0,3,0,0,11,3,0,1,0,0,0,0,1,0,0,0,1,3,33,335,7,7060
12309,2574,Eppenberg-Wöschnau,11,Solothurn,10111,Bezirk Olten,0,2,4001960,0,14,2,0,2,4001801,0,0,2,1,4001910,4001,3,0,1,12,122,10,10020
12316,152,Herrliberg,1,Zürich,10077,Bezirk Meilen,261960,1,261960,261950,3,1,261950,4,261801,0,0,2,1,261910,261,1,0,1,11,113,12,12035
12321,4106,Mönthal,19,Aargau,10023,Bezirk Brugg,0,3,0,0,14,3,0,3,0,0,0,5,1,0,0,0,0,3,23,236,12,12010
12323,6153,Monthey,23,Valais / Wallis,10013,District de Monthey,0,2,0,0,11,2,0,1,6153801,1,6153,1,2,6153901,6153,5,1,1,13,136,2,2040
12328,4277,Moosleerau,19,Aargau,10017,Bezirk Zofingen,0,3,0,0,14,3,0,3,0,0,0,0,1,0,0,0,0,3,32,326,10,10020
12329,5257,Morbio Inferiore,21,Ticino,10002,Distretto di Mendrisio,0,2,5250960,0,12,2,0,7,5250801,0,0,2,3,5250910,5250,4,0,1,12,123,14,14020
12331,5203,Morcote,21,Ticino,10003,Distretto di Lugano,5192960,2,5192960,0,12,2,0,7,5192810,0,0,4,3,5192910,5192,3,1,3,23,237,14,14010
12335,4279,Murgenthal,19,Aargau,10017,Bezirk Zofingen,0,2,0,0,14,2,0,3,0,0,0,0,1,0,0,0,0,3,32,326,10,10010
12354,4107,Mülligen,19,Aargau,10023,Bezirk Brugg,261960,2,261960,0,14,2,0,3,0,0,0,5,1,0,0,0,0,2,22,226,12,12010
12355,4255,Mumpf,19,Aargau,10018,Bezirk Rheinfelden,2701960,2,2701960,0,14,2,0,3,4260801,0,0,2,1,4260910,4260,5,0,1,13,137,8,8015
12357,4172,Münchwilen (AG),19,Aargau,10021,Bezirk Laufenburg,2701960,2,2701960,0,14,2,0,3,4260801,0,0,2,1,4260910,4260,5,0,1,13,136,8,8015
12358,4235,Mühlau,19,Aargau,10019,Bezirk Muri,0,3,1711960,0,14,3,0,3,0,0,0,5,1,0,0,0,0,3,23,236,11,11060
12361,2274,Muntelier,10,Fribourg / Freiburg,10103,Bezirk See / District du Lac,351960,2,351960,0,13,2,0,2,0,0,0,6,1,0,92275,0,0,1,13,136,6,6011
12362,1367,Muotathal,5,Schwyz,10068,Bezirk Schwyz,0,3,0,0,4,3,0,6,0,0,0,0,1,0,0,0,1,2,31,316,11,11080
12367,4203,Möriken-Wildegg,19,Aargau,10020,Bezirk Lenzburg,0,2,0,0,14,2,0,3,4201801,0,0,2,1,4201910,4201,5,0,1,13,136,10,10020
12369,2143,Morlon,10,Fribourg / Freiburg,10105,District de la Gruyère,0,2,0,0,13,2,0,2,2125801,0,0,2,2,2125910,2125,5,1,1,13,137,4,4020
12371,1366,Morschach,5,Schwyz,10068,Bezirk Schwyz,0,2,0,0,4,2,0,6,0,0,0,0,1,0,0,0,1,3,32,327,11,11080
12380,4009,Muhen,19,Aargau,10026,Bezirk Aarau,0,2,4001960,0,14,2,0,3,4001801,0,0,2,1,4001910,4001,3,0,1,12,123,10,10020
12384,4033,Mellingen,19,Aargau,10025,Bezirk Baden,261960,2,261960,0,14,2,0,3,0,0,0,5,1,0,0,0,0,2,21,217,12,12010
12385,2620,Meltingen,11,Solothurn,10094,Bezirk Thierstein,2701960,3,2701960,0,14,3,0,2,2701810,0,0,4,1,2701910,2701,1,1,2,22,227,8,8011
12388,5198,Melide,21,Ticino,10003,Distretto di Lugano,5192960,2,5192960,0,12,2,0,7,5192810,0,0,4,3,5192910,5192,3,1,2,22,227,14,14010
12389,1704,Menzingen,9,Zug,10108,Kanton Zug,1711960,3,1711960,0,3,3,0,6,1711810,0,0,4,1,1711910,1711,3,1,2,22,227,11,11060
12393,5117,Mergoscia,21,Ticino,10004,Distretto di Locarno,0,3,0,0,12,3,0,7,5113810,0,0,4,3,5113910,5113,4,1,3,23,237,13,13020
12395,2936,Merishausen,14,Schaffhausen,10089,Bezirk Schaffhausen,0,3,0,0,2,3,0,5,2939810,0,0,4,1,2939910,2939,4,0,3,23,237,12,12020
12404,4314,Mellikon,19,Aargau,10016,Bezirk Zurzach,261960,3,261960,0,14,3,0,3,0,0,0,5,1,0,0,0,0,3,23,236,12,12010
12408,156,Meilen,1,Zürich,10077,Bezirk Meilen,261960,2,261960,0,3,2,0,4,261801,1,156,2,1,261910,261,1,0,1,11,113,12,12035
12409,6629,Meinier,25,Genève,10187,Canton de Genève,6621960,2,6621960,0,10,2,0,1,6621801,0,0,2,2,6621910,6621,1,0,1,11,113,1,1015
12411,4202,Meisterschwanden,19,Aargau,10020,Bezirk Lenzburg,0,2,0,0,14,2,0,3,0,0,0,0,1,0,0,0,0,3,32,327,10,10020
12427,196,Mönchaltorf,1,Zürich,10075,Bezirk Uster,261960,2,261960,0,3,2,0,4,261810,0,0,4,1,261910,261,1,0,2,22,226,12,12036
12429,4254,Möhlin,19,Aargau,10018,Bezirk Rheinfelden,2701960,2,2701960,0,14,2,0,3,2701801,1,4254,3,1,2701910,2701,1,0,1,11,113,8,8015
12430,6630,Meyrin,25,Genève,10187,Canton de Genève,6621960,1,6621960,6621950,10,1,6621950,1,6621801,1,6630,2,2,6621910,6621,1,0,1,11,112,1,1011
12433,9,Mettmenstetten,1,Zürich,10053,Bezirk Affoltern,261960,3,261960,0,3,3,0,4,261810,0,0,4,1,261910,261,1,0,2,22,226,11,11060
12436,5118,Minusio,21,Ticino,10004,Distretto di Locarno,0,2,0,0,12,2,0,7,5113801,0,0,2,3,5113910,5113,4,1,1,12,123,13,13020
12437,2271,Meyriez,10,Fribourg / Freiburg,10103,Bezirk See / District du Lac,351960,2,351960,0,13,2,0,2,0,0,0,6,1,0,92275,0,0,1,13,137,6,6011
12438,4236,Muri (AG),19,Aargau,10019,Bezirk Muri,0,2,0,0,14,2,0,3,0,0,0,0,1,0,0,0,0,2,31,317,11,11060
12442,5199,Mezzovico-Vira,21,Ticino,10003,Distretto di Lugano,5192960,2,5192960,0,12,2,0,7,5192810,0,0,4,3,5192910,5192,3,1,2,22,226,14,14010
12446,4237,Oberrüti,19,Aargau,10019,Bezirk Muri,1711960,3,1711960,0,14,3,0,3,1711810,0,0,4,1,1711910,1711,3,0,3,23,236,11,11060
12447,93,Oberweningen,1,Zürich,10080,Bezirk Dielsdorf,261960,2,261960,0,3,2,0,4,261810,0,0,4,1,261910,261,1,0,2,22,227,12,12032
12452,4073,Oberlunkhofen,19,Aargau,10024,Bezirk Bremgarten,261960,2,261960,0,14,2,0,3,261810,0,0,4,1,261910,261,1,0,2,22,227,12,12031
12453,4037,Oberrohrdorf,19,Aargau,10025,Bezirk Baden,261960,2,261960,0,14,2,0,3,0,0,0,6,1,0,94035,0,0,1,13,137,12,12010
12454,4140,Oberkulm,19,Aargau,10022,Bezirk Kulm,0,2,0,0,14,2,0,3,0,0,0,0,1,0,0,0,0,3,32,326,10,10020
12456,4038,Obersiggenthal,19,Aargau,10025,Bezirk Baden,261960,2,261960,0,14,2,0,3,4021801,0,0,2,1,4021910,4021,3,0,1,12,123,12,12010
12461,137,Oberrieden,1,Zürich,10078,Bezirk Horgen,261960,1,261960,261950,3,1,261950,4,261801,0,0,2,1,261910,261,1,0,1,11,113,12,12034
12462,2497,Obergösgen,11,Solothurn,10084,Bezirk Gösgen,0,2,0,0,14,2,0,2,2581801,0,0,2,1,2581910,2581,3,0,1,12,123,10,10020
12463,5120,Muralto,21,Ticino,10004,Distretto di Locarno,0,2,0,0,12,2,0,7,5113801,0,0,2,3,5113910,5113,4,1,1,12,122,13,13020
12464,6112,Oberems,23,Valais / Wallis,10030,Bezirk Leuk,0,3,0,0,11,3,0,1,0,0,0,0,1,0,0,0,1,3,33,335,7,7060
12465,4010,Oberentfelden,19,Aargau,10026,Bezirk Aarau,0,2,4001960,0,14,2,0,3,4001801,0,0,2,1,4001910,4001,3,0,1,12,123,10,10020
12468,4256,Obermumpf,19,Aargau,10018,Bezirk Rheinfelden,2701960,2,2701960,0,14,2,0,3,2701810,0,0,4,1,2701910,2701,1,0,3,23,237,8,8015
12469,92,Oberglatt,1,Zürich,10080,Bezirk Dielsdorf,261960,2,261960,0,3,2,0,4,261801,0,0,3,1,261910,261,1,0,1,11,113,12,12032
12471,2972,Oberhallau,14,Schaffhausen,10086,Bezirk Unterklettgau,0,3,0,0,2,3,0,5,0,0,0,5,1,0,0,0,0,3,23,235,12,12020
12472,4173,Oberhof,19,Aargau,10021,Bezirk Laufenburg,0,3,4001960,0,14,3,0,3,0,0,0,5,1,0,0,0,1,3,23,235,10,10020
12475,1368,Oberiberg,5,Schwyz,10068,Bezirk Schwyz,0,3,0,0,4,3,0,6,0,0,0,0,1,0,0,0,1,3,32,327,11,11080
12483,66,Opfikon,1,Zürich,10081,Bezirk Bülach,261960,1,261960,261950,3,1,261950,4,261801,1,66,2,1,261910,261,1,0,1,11,112,12,12032
12484,6631,Onex,25,Genève,10187,Canton de Genève,6621960,1,6621960,6621950,10,1,6621950,1,6621801,1,6631,2,2,6621910,6621,1,0,1,11,113,1,1011
12486,2581,Olten,11,Solothurn,10111,Bezirk Olten,0,2,0,0,14,2,0,2,2581801,1,2581,1,1,2581901,2581,3,0,1,12,121,10,10020
12488,5208,Origlio,21,Ticino,10003,Distretto di Lugano,5192960,2,5192960,0,12,2,0,7,5192810,0,0,4,3,5192910,5192,3,1,2,21,217,14,14010
12494,4280,Oftringen,19,Aargau,10017,Bezirk Zofingen,0,2,0,0,14,2,0,3,2581801,1,4280,2,1,2581910,2581,3,0,1,12,123,10,10020
12497,10,Obfelden,1,Zürich,10053,Bezirk Affoltern,261960,2,261960,0,3,2,0,4,261810,0,0,4,1,261910,261,1,0,2,21,217,12,12031
12501,157,Oetwil am See,1,Zürich,10077,Bezirk Meilen,261960,2,261960,0,3,2,0,4,261810,0,0,4,1,261910,261,1,0,2,21,216,12,12037
12502,2553,Oberdorf (SO),11,Solothurn,10097,Bezirk Lebern,0,2,0,0,14,2,0,2,2601801,0,0,2,1,2601910,2601,4,1,1,12,123,5,5060
12508,4257,Olsberg,19,Aargau,10018,Bezirk Rheinfelden,2701960,3,2701960,0,14,3,0,3,2701810,0,0,4,1,2701910,2701,1,0,3,23,237,8,8015
12509,4175,Oeschgen,19,Aargau,10021,Bezirk Laufenburg,0,2,0,0,14,2,0,3,0,0,0,6,1,0,94163,0,0,1,13,137,8,8015
12511,6198,Niedergesteln,23,Valais / Wallis,10125,Bezirk Raron,0,3,0,0,11,3,0,1,6002810,0,0,4,1,6002910,6002,5,1,2,22,227,7,7060
12514,4034,Neuenhof,19,Aargau,10025,Bezirk Baden,261960,2,261960,0,14,2,0,3,4021801,0,0,2,1,4021910,4021,3,0,1,12,123,12,12010
12517,1705,Neuheim,9,Zug,10108,Kanton Zug,1711960,3,1711960,0,3,3,0,6,1711810,0,0,4,1,1711910,1711,3,0,2,22,226,11,11060
12518,6024,Nendaz,23,Valais / Wallis,10034,District de Conthey,0,2,0,0,11,2,0,1,6266810,0,0,4,2,6266910,6266,4,1,2,22,227,7,7030
12519,2904,Neunkirch,14,Schaffhausen,10091,Bezirk Oberklettgau,0,3,0,0,2,3,0,5,2939810,0,0,4,1,2939910,2939,4,0,2,22,226,12,12020
12521,2211,Neyruz (FR),10,Fribourg / Freiburg,10104,District de la Sarine,0,2,2196960,0,13,2,0,2,2196810,0,0,4,2,2196910,2196,4,0,2,22,227,4,4030
12524,65,Oberembrach,1,Zürich,10081,Bezirk Bülach,261960,2,261960,0,3,3,0,4,261810,0,0,4,1,261910,261,1,0,3,23,235,12,12032
12525,2937,Neuhausen am Rheinfall,14,Schaffhausen,10089,Bezirk Schaffhausen,0,2,261960,0,2,2,0,5,2939801,1,2937,2,1,2939910,2939,4,0,1,12,122,12,12020
12531,5205,Muzzano,21,Ticino,10003,Distretto di Lugano,5192960,2,5192960,0,12,2,0,7,5192801,0,0,2,3,5192910,5192,3,1,1,12,122,14,14010
12534,89,Niederglatt,1,Zürich,10080,Bezirk Dielsdorf,261960,2,261960,0,3,2,0,4,261801,0,0,3,1,261910,261,1,0,1,11,113,12,12032
12537,88,Neerach,1,Zürich,10080,Bezirk Dielsdorf,261960,2,261960,0,3,2,0,4,261810,0,0,4,1,261910,261,1,0,2,22,227,12,12032
12539,5206,Neggio,21,Ticino,10003,Distretto di Lugano,5192960,2,5192960,0,12,2,0,7,5192801,0,0,2,3,5192910,5192,3,1,1,12,123,14,14010
12544,5260,Novazzano,21,Ticino,10002,Distretto di Mendrisio,0,2,5250960,0,12,2,0,7,5250801,0,0,2,3,5250910,5250,4,0,1,12,122,14,14020
12545,2478,Nuglar-St. Pantaleon,11,Solothurn,10099,Bezirk Dorneck,2701960,3,2701960,0,14,3,0,2,2701810,0,0,4,1,2701910,2701,1,0,3,23,237,8,8014
12546,2621,Nunningen,11,Solothurn,10094,Bezirk Thierstein,2701960,3,2701960,0,14,3,0,2,2701810,0,0,4,1,2701910,2701,1,0,2,22,226,8,8011
12549,2035,Nuvilly,10,Fribourg / Freiburg,10107,District de la Broye,0,3,0,0,13,3,0,2,0,0,0,0,2,0,0,0,0,3,32,327,4,4010
12551,1706,Oberägeri,9,Zug,10108,Kanton Zug,1711960,2,1711960,0,3,2,0,6,1711801,0,0,3,1,1711910,1711,3,1,1,12,123,11,11060
12556,1508,Oberdorf (NW),7,Nidwalden,10110,Kanton Nidwalden,1061960,2,1061960,0,4,2,0,6,0,0,0,6,1,0,91509,0,1,1,13,136,11,11050
12559,2495,Niedergösgen,11,Solothurn,10084,Bezirk Gösgen,0,2,4001960,0,14,2,0,2,4001801,0,0,2,1,4001910,4001,3,0,1,12,123,10,10020
12560,90,Niederhasli,1,Zürich,10080,Bezirk Dielsdorf,261960,2,261960,0,3,2,0,4,261801,0,0,3,1,261910,261,1,0,1,11,113,12,12032
12561,4204,Niederlenz,19,Aargau,10020,Bezirk Lenzburg,0,2,0,0,14,2,0,3,4201801,0,0,2,1,4201910,4201,5,0,1,13,136,10,10020
12565,4035,Niederrohrdorf,19,Aargau,10025,Bezirk Baden,261960,2,261960,0,14,2,0,3,0,0,0,6,1,0,94035,0,0,1,13,137,12,12010
12568,91,Niederweningen,1,Zürich,10080,Bezirk Dielsdorf,261960,2,261960,0,3,2,0,4,261810,0,0,4,1,261910,261,1,0,2,22,226,12,12032
12569,4072,Niederwil (AG),19,Aargau,10024,Bezirk Bremgarten,261960,2,261960,0,14,2,0,3,0,0,0,5,1,0,0,0,0,2,22,226,12,12010
12574,2149,La Roche,10,Fribourg / Freiburg,10105,District de la Gruyère,0,3,2196960,0,13,3,0,2,0,0,0,0,2,0,0,0,1,3,32,326,4,4020
12575,6627,Laconnex,25,Genève,10187,Canton de Genève,6621960,2,6621960,0,10,2,0,1,6621810,0,0,4,2,6621910,6621,1,0,3,23,237,1,1011
12592,154,Küsnacht (ZH),1,Zürich,10077,Bezirk Meilen,261960,1,261960,261950,3,1,261950,4,261801,1,154,2,1,261910,261,1,0,1,11,113,12,12035
12594,4008,Küttigen,19,Aargau,10026,Bezirk Aarau,0,1,4001960,4001950,14,2,0,3,4001801,0,0,2,1,4001910,4001,3,0,1,12,123,10,10020
12598,6286,Lalden,23,Valais / Wallis,10180,Bezirk Visp,0,2,0,0,11,2,0,1,6002801,0,0,2,1,6002910,6002,5,1,1,13,136,7,7080
12606,6623,Le Grand-Saconnex,25,Genève,10187,Canton de Genève,6621960,1,6621960,6621950,10,1,6621950,1,6621801,1,6623,2,2,6621910,6621,1,0,1,11,112,1,1013
12607,1344,Lachen,5,Schwyz,10096,Bezirk March,261960,2,261960,0,3,2,0,6,1344801,1,1344,1,1,1344901,1344,5,0,1,13,137,12,12050
12609,6061,Lax,23,Valais / Wallis,10032,Bezirk Goms,0,3,0,0,11,3,0,1,0,0,0,0,1,0,0,0,1,3,33,338,7,7090
12611,2067,Le Châtelard,10,Fribourg / Freiburg,10106,District de la Glâne,0,3,0,0,13,3,0,2,0,0,0,0,2,0,0,0,1,3,32,325,4,4020
12618,2145,Le Pâquier (FR),10,Fribourg / Freiburg,10105,District de la Gruyère,0,2,0,0,13,2,0,2,2125810,0,0,4,2,2125910,2125,5,1,3,23,236,4,4020
12620,195,Maur,1,Zürich,10075,Bezirk Uster,261960,2,261960,0,3,2,0,4,261810,0,0,4,1,261910,261,1,0,2,22,227,12,12036
12623,5189,Lamone,21,Ticino,10003,Distretto di Lugano,5192960,2,5192960,0,12,2,0,7,5192801,0,0,2,3,5192910,5192,3,1,1,12,122,14,14010
12624,6628,Lancy,25,Genève,10187,Canton de Genève,6621960,1,6621960,6621950,10,1,6621950,1,6621801,1,6628,2,2,6621910,6621,1,0,1,11,112,1,1011
12626,2550,Langendorf,11,Solothurn,10097,Bezirk Lebern,0,2,0,0,14,2,0,2,2601801,0,0,2,1,2601910,2601,4,0,1,12,123,5,5060
12634,1365,Lauerz,5,Schwyz,10068,Bezirk Schwyz,0,3,0,0,4,3,0,6,0,0,0,0,1,0,0,0,1,3,32,327,11,11080
12635,34,Laufen-Uhwiesen,1,Zürich,10082,Bezirk Andelfingen,261960,2,261960,0,3,2,0,4,2939810,0,0,4,1,2939910,2939,4,0,2,22,226,12,12020
12637,136,Langnau am Albis,1,Zürich,10078,Bezirk Horgen,261960,1,261960,261950,3,1,261950,4,261801,0,0,2,1,261910,261,1,0,1,11,113,12,12034
12638,4233,Kallern,19,Aargau,10019,Bezirk Muri,261960,3,0,0,14,3,0,3,0,0,0,5,1,0,0,0,0,3,23,235,11,11060
12642,6626,Jussy,25,Genève,10187,Canton de Genève,6621960,3,6621960,0,10,3,0,1,6621810,0,0,4,2,6621910,6621,1,0,3,23,237,1,1015
12643,4252,Kaiseraugst,19,Aargau,10018,Bezirk Rheinfelden,2701960,2,2701960,0,14,2,0,3,2701801,0,0,3,1,2701910,2701,1,0,1,11,112,8,8012
12644,4071,Jonen,19,Aargau,10024,Bezirk Bremgarten,261960,2,261960,0,14,2,0,3,261810,0,0,4,1,261910,261,1,0,2,22,226,12,12031
12650,2549,Kammersrohr,11,Solothurn,10097,Bezirk Lebern,0,3,0,0,14,3,0,2,0,0,0,0,1,0,0,0,0,3,32,325,5,5060
12651,2580,Kappel (SO),11,Solothurn,10111,Bezirk Olten,0,2,0,0,14,2,0,2,2581801,0,0,2,1,2581910,2581,3,0,1,12,123,10,10020
12652,4031,Künten,19,Aargau,10025,Bezirk Baden,261960,2,261960,0,14,2,0,3,261810,0,0,4,1,261910,261,1,0,2,22,226,12,12010
12656,6109,Inden,23,Valais / Wallis,10030,Bezirk Leuk,0,3,0,0,11,3,0,1,0,0,0,0,1,0,0,0,1,3,33,335,7,7060
12657,1364,Ingenbohl,5,Schwyz,10068,Bezirk Schwyz,0,2,0,0,4,2,0,6,0,0,0,0,1,0,0,0,1,2,31,314,11,11080
12658,1343,Innerthal,5,Schwyz,10096,Bezirk March,0,3,0,0,4,3,0,6,0,0,0,5,1,0,0,0,1,3,23,237,12,12050
12661,1211,Isenthal,4,Uri,10061,Kanton Uri,0,3,0,0,4,3,0,6,0,0,0,0,1,0,0,0,1,3,33,335,11,11070
12663,6134,Isérables,23,Valais / Wallis,10029,District de Martigny,0,3,0,0,11,3,0,1,0,0,0,5,2,0,0,0,1,3,23,236,7,7010
12665,5009,Isone,21,Ticino,10007,Distretto di Bellinzona,5192960,3,5192960,0,12,3,0,7,0,0,0,5,3,0,0,0,1,3,23,237,14,14010
12668,2138,Jaun,10,Fribourg / Freiburg,10105,District de la Gruyère,0,3,0,0,13,3,0,2,0,0,0,0,1,0,0,0,1,3,33,338,4,4020
12671,6,Kappel am Albis,1,Zürich,10053,Bezirk Affoltern,1711960,3,1711960,0,3,3,0,4,1711810,0,0,4,1,1711910,1711,3,0,3,23,237,11,11060
12672,4309,Klingnau,19,Aargau,10016,Bezirk Zurzach,0,2,0,0,14,2,0,3,0,0,0,6,1,0,94304,0,0,1,13,136,12,12010
12674,7,Knonau,1,Zürich,10053,Bezirk Affoltern,1711960,3,1711960,0,3,3,0,4,1711810,0,0,4,1,1711910,1711,3,0,2,22,227,11,11060
12677,4276,Kölliken,19,Aargau,10017,Bezirk Zofingen,0,2,4001960,0,14,2,0,3,4001810,0,0,4,1,4001910,4001,3,0,2,22,227,10,10020
12685,4310,Koblenz,19,Aargau,10016,Bezirk Zurzach,0,2,261960,0,14,2,0,3,0,0,0,5,1,0,0,0,0,2,22,226,12,12010
12686,6197,Kippel,23,Valais / Wallis,10125,Bezirk Raron,0,3,0,0,11,3,0,1,0,0,0,0,1,0,0,0,1,3,33,338,7,7060
12688,1404,Kerns,6,Obwalden,10070,Kanton Obwalden,0,2,0,0,4,2,0,6,0,0,0,0,1,0,0,0,1,3,32,326,11,11030
12689,2265,Kerzers,10,Fribourg / Freiburg,10103,Bezirk See / District du Lac,351960,2,351960,0,13,3,0,2,0,0,0,5,1,0,0,0,0,2,21,217,6,6011
12691,2492,Kienberg,11,Solothurn,10084,Bezirk Gösgen,0,3,0,0,14,3,0,2,0,0,0,5,1,0,0,0,1,3,23,235,8,8014
12692,2619,Kleinlützel,11,Solothurn,10094,Bezirk Thierstein,2701960,3,2701960,0,14,3,0,2,2701810,0,0,4,1,2701910,2701,1,0,3,23,236,8,8011
12693,4030,Killwangen,19,Aargau,10025,Bezirk Baden,261960,2,261960,0,14,2,0,3,261801,0,0,3,1,261910,261,1,0,1,11,113,12,12010
12694,4311,Leibstadt,19,Aargau,10016,Bezirk Zurzach,0,3,0,0,14,3,0,3,0,0,0,0,1,0,0,0,0,3,32,326,12,12010
12696,4275,Kirchleerau,19,Aargau,10017,Bezirk Zofingen,0,3,0,0,14,3,0,3,0,0,0,5,1,0,0,0,0,2,22,226,10,10020
12699,33,Kleinandelfingen,1,Zürich,10082,Bezirk Andelfingen,261960,3,261960,0,3,3,0,4,0,0,0,5,1,0,0,0,0,2,21,216,12,12040
12700,2266,Kleinbösingen,10,Fribourg / Freiburg,10103,Bezirk See / District du Lac,351960,3,351960,0,13,3,0,2,351810,0,0,4,1,351910,351,2,0,2,22,227,6,6011
12701,135,Kilchberg (ZH),1,Zürich,10078,Bezirk Horgen,261960,1,261960,261950,3,1,261950,4,261801,0,0,2,1,261910,261,1,0,1,11,113,12,12034
12705,3033,Lutzenberg,15,Appenzell Ausserrhoden,10057,Bezirk Vorderland,3203960,2,3203960,0,2,2,0,5,0,0,0,5,1,0,0,0,1,2,21,217,15,15050
12711,4253,Magden,19,Aargau,10018,Bezirk Rheinfelden,2701960,3,2701960,0,14,3,0,3,2701810,0,0,4,1,2701910,2701,1,0,2,22,227,8,8015
12712,4032,Mägenwil,19,Aargau,10025,Bezirk Baden,261960,2,261960,0,14,2,0,3,0,0,0,5,1,0,0,0,0,2,22,227,12,12010
12714,5193,Magliaso,21,Ticino,10003,Distretto di Lugano,5192960,2,5192960,0,12,2,0,7,5192810,0,0,4,3,5192910,5192,3,1,2,21,217,14,14010
12718,1405,Lungern,6,Obwalden,10070,Kanton Obwalden,0,3,0,0,4,3,0,6,0,0,0,0,1,0,0,0,1,3,32,326,11,11030
12720,63,Lufingen,1,Zürich,10081,Bezirk Bülach,261960,2,261960,0,3,2,0,4,261810,0,0,4,1,261910,261,1,0,2,22,227,12,12032
12725,5010,Lumino,21,Ticino,10007,Distretto di Bellinzona,0,2,0,0,12,2,0,7,5002810,0,0,4,3,5002910,5002,4,1,2,22,226,13,13040
12734,2086,Massonnens,10,Fribourg / Freiburg,10106,District de la Glâne,0,3,0,0,13,3,0,2,0,0,0,0,2,0,0,0,0,3,32,325,4,4020
12738,8,Maschwanden,1,Zürich,10053,Bezirk Affoltern,261960,3,261960,0,3,3,0,4,0,0,0,5,1,0,0,0,0,3,23,236,11,11060
12741,6215,Massongex,23,Valais / Wallis,10177,District de Saint-Maurice,0,2,0,0,11,2,0,1,0,0,0,5,2,0,0,0,1,2,22,227,2,2040
12742,35,Marthalen,1,Zürich,10082,Bezirk Andelfingen,261960,3,261960,0,3,3,0,4,0,0,0,5,1,0,0,0,0,2,22,227,12,12020
12744,2208,Matran,10,Fribourg / Freiburg,10104,District de la Sarine,0,2,2196960,0,13,2,0,2,2196810,0,0,4,2,2196910,2196,4,0,2,22,226,4,4030
12749,5196,Massagno,21,Ticino,10003,Distretto di Lugano,5192960,1,5192960,5192950,12,1,5192950,7,5192801,0,0,2,3,5192910,5192,3,1,1,12,123,14,14010
12753,4105,Mandach,19,Aargau,10023,Bezirk Brugg,0,3,0,0,14,3,0,3,0,0,0,0,1,0,0,0,0,3,32,325,12,12010
12754,155,Männedorf,1,Zürich,10077,Bezirk Meilen,261960,2,261960,0,3,2,0,4,261801,1,155,2,1,261910,261,1,0,1,11,113,12,12037
12756,6137,Martigny-Combe,23,Valais / Wallis,10029,District de Martigny,0,2,0,0,11,2,0,1,6136801,0,0,2,2,6136910,6136,5,1,1,13,137,7,7010
12765,5194,Manno,21,Ticino,10003,Distretto di Lugano,5192960,2,5192960,0,12,2,0,7,5192801,0,0,2,3,5192910,5192,3,1,1,12,122,14,14010
12767,6135,Leytron,23,Valais / Wallis,10029,District de Martigny,0,2,0,0,11,2,0,1,0,0,0,5,2,0,0,0,1,2,22,227,7,7010
12775,4313,Leuggern,19,Aargau,10016,Bezirk Zurzach,0,2,0,0,14,2,0,3,0,0,0,0,1,0,0,0,0,3,32,327,12,12010
12777,6111,Leukerbad,23,Valais / Wallis,10030,Bezirk Leuk,0,3,0,0,11,3,0,1,0,0,0,0,1,0,0,0,1,2,31,314,7,7060
12778,4138,Leutwil,19,Aargau,10022,Bezirk Kulm,0,2,0,0,14,2,0,3,0,0,0,0,1,0,0,0,0,3,32,326,10,10020
12782,4201,Lenzburg,19,Aargau,10020,Bezirk Lenzburg,261960,2,261960,0,14,2,0,3,4201801,1,4201,1,1,4201901,4201,5,0,1,13,137,10,10020
12783,4137,Leimbach (AG),19,Aargau,10022,Bezirk Kulm,0,2,0,0,14,2,0,3,0,0,0,5,1,0,0,0,0,2,22,226,10,10020
12786,4312,Lengnau (AG),19,Aargau,10016,Bezirk Zurzach,261960,3,261960,0,14,3,0,3,0,0,0,5,1,0,0,0,0,2,22,226,12,12010
12790,6033,Liddes,23,Valais / Wallis,10033,District d'Entremont,0,3,0,0,11,3,0,1,0,0,0,0,2,0,0,0,1,3,33,338,7,7020
12797,6240,Lens,23,Valais / Wallis,10178,District de Sierre,0,2,0,0,11,2,0,1,0,0,0,0,2,0,0,0,1,3,33,338,7,7040
12800,2917,Lohn (SH),14,Schaffhausen,10090,Bezirk Reiat,0,3,0,0,2,3,0,5,2939810,0,0,4,1,2939910,2939,4,0,3,23,236,12,12020
12801,2903,Löhningen,14,Schaffhausen,10091,Bezirk Oberklettgau,0,2,0,0,2,2,0,5,2939810,0,0,4,1,2939910,2939,4,0,3,23,236,12,12020
12803,2551,Lommiswil,11,Solothurn,10097,Bezirk Lebern,0,2,0,0,14,2,0,2,2601810,0,0,4,1,2601910,2601,4,0,3,23,237,5,5060
12807,5115,Losone,21,Ticino,10004,Distretto di Locarno,0,2,0,0,12,2,0,7,5113801,0,0,2,3,5113910,5113,4,1,1,12,123,13,13020
12808,2493,Lostorf,11,Solothurn,10084,Bezirk Gösgen,0,2,0,0,14,2,0,2,2581810,0,0,4,1,2581910,2581,3,1,2,22,227,10,10020
12814,5315,Linescio,21,Ticino,10042,Distretto di Vallemaggia,0,3,0,0,12,3,0,7,0,0,0,0,3,0,0,0,1,3,33,335,13,13020
12821,176,Lindau,1,Zürich,10076,Bezirk Pfäffikon,261960,2,261960,0,3,2,0,4,261810,0,0,4,1,261910,261,1,0,2,22,226,12,12040
12828,5113,Locarno,21,Ticino,10004,Distretto di Locarno,0,2,0,0,12,2,0,7,5113801,1,5113,1,3,5113901,5113,4,1,1,12,121,13,13020
12830,4075,Rudolfstetten-Friedlisberg,19,Aargau,10024,Bezirk Bremgarten,261960,2,261960,0,14,2,0,3,261801,0,0,3,1,261910,261,1,0,1,11,113,12,12031
12831,178,Russikon,1,Zürich,10076,Bezirk Pfäffikon,261960,2,261960,0,3,2,0,4,261810,0,0,4,1,261910,261,1,0,2,22,226,12,12036
12832,139,Rüschlikon,1,Zürich,10078,Bezirk Horgen,261960,1,261960,261950,3,1,261950,4,261801,0,0,2,1,261910,261,1,0,1,11,113,12,12034
12833,4206,Rupperswil,19,Aargau,10020,Bezirk Lenzburg,0,2,4001960,0,14,2,0,3,0,0,0,5,1,0,0,0,0,2,21,216,10,10020
12834,97,Rümlang,1,Zürich,10080,Bezirk Dielsdorf,261960,2,261960,0,3,2,0,4,261810,1,97,4,1,261910,261,1,0,2,21,217,12,12032
12838,4112,Rüfenach,19,Aargau,10023,Bezirk Brugg,0,2,0,0,14,2,0,3,4021810,0,0,4,1,4021910,4021,3,0,2,22,227,12,12010
12846,2938,Rüdlingen,14,Schaffhausen,10089,Bezirk Schaffhausen,261960,3,261960,0,3,3,0,5,261810,0,0,4,1,261910,261,1,0,3,23,237,12,12032
12851,4238,Rottenschwil,19,Aargau,10019,Bezirk Muri,261960,2,261960,0,14,2,0,3,261810,0,0,4,1,261910,261,1,0,3,23,236,12,12031
12852,4282,Rothrist,19,Aargau,10017,Bezirk Zofingen,0,2,0,0,14,2,0,3,0,1,4282,6,1,0,94282,0,0,1,13,136,10,10020
12853,1370,Rothenthurm,5,Schwyz,10068,Bezirk Schwyz,0,3,0,0,4,3,0,6,0,0,0,0,1,0,0,0,1,3,32,326,11,11080
12857,6246,Saint-Léonard,23,Valais / Wallis,10178,District de Sierre,0,2,0,0,11,2,0,1,6266810,0,0,4,2,6266910,6266,4,1,2,22,227,7,7030
12859,1406,Sachseln,6,Obwalden,10070,Kanton Obwalden,0,2,0,0,4,2,0,6,0,0,0,0,1,0,0,0,1,2,31,314,11,11030
12863,6155,Saint-Gingolph,23,Valais / Wallis,10013,District de Monthey,0,3,5586960,0,11,3,0,1,0,0,0,0,2,0,0,0,1,3,32,327,2,2040
12871,6140,Saillon,23,Valais / Wallis,10029,District de Martigny,0,2,0,0,11,2,0,1,0,0,0,5,2,0,0,0,1,2,22,227,7,7010
12872,6637,Russin,25,Genève,10187,Canton de Genève,6621960,3,6621960,0,10,3,0,1,6621810,0,0,4,2,6621910,6621,1,0,3,23,236,1,1011
12873,4283,Safenwil,19,Aargau,10017,Bezirk Zofingen,0,3,0,0,14,3,0,3,0,0,0,5,1,0,0,0,0,2,21,217,10,10020
12879,2555,Rüttenen,11,Solothurn,10097,Bezirk Lebern,0,2,0,0,14,2,0,2,2601810,0,0,4,1,2601910,2601,4,1,2,22,227,5,5060
12883,118,Rüti (ZH),1,Zürich,10079,Bezirk Hinwil,261960,2,261960,0,3,2,0,4,3336801,1,118,2,1,3336910,3336,5,0,1,13,137,12,12037
12889,225,Rickenbach (ZH),1,Zürich,10074,Bezirk Winterthur,261960,2,261960,0,3,2,0,4,230810,0,0,4,1,230910,230,3,0,2,22,227,12,12040
12890,4111,Riniken,19,Aargau,10023,Bezirk Brugg,0,2,0,0,14,2,0,3,4021810,0,0,4,1,4021910,4021,3,0,2,22,227,12,12010
12891,12,Rifferswil,1,Zürich,10053,Bezirk Affoltern,261960,3,261960,0,3,3,0,4,261810,0,0,4,1,261910,261,1,0,3,23,236,11,11060
12894,1369,Riemenstalden,5,Schwyz,10068,Bezirk Schwyz,0,3,0,0,4,3,0,6,0,0,0,0,1,0,0,0,1,3,32,325,11,11080
12895,2703,Riehen,12,Basel-Stadt,10093,Kanton Basel-Stadt,2701960,1,2701960,2701950,5,1,2701950,3,2701801,1,2703,2,1,2701910,2701,1,0,1,11,113,8,8013
12904,5263,Riva San Vitale,21,Ticino,10002,Distretto di Mendrisio,5192960,2,5192960,0,12,2,0,7,5250810,0,0,4,3,5250910,5250,4,1,2,22,226,14,14020
12905,2582,Rickenbach (SO),11,Solothurn,10111,Bezirk Olten,0,2,0,0,14,2,0,2,2581801,0,0,2,1,2581910,2581,3,0,1,12,122,10,10020
12907,138,Richterswil,1,Zürich,10078,Bezirk Horgen,261960,2,261960,0,3,2,0,4,261801,1,138,3,1,261910,261,1,0,1,11,113,12,12034
12909,2148,Riaz,10,Fribourg / Freiburg,10105,District de la Gruyère,0,2,0,0,13,2,0,2,2125801,0,0,2,2,2125910,2125,5,1,1,13,137,4,4020
12911,4258,Rheinfelden,19,Aargau,10018,Bezirk Rheinfelden,2701960,2,2701960,0,14,2,0,3,2701801,1,4258,3,1,2701910,2701,1,0,1,11,112,8,8015
12912,38,Rheinau,1,Zürich,10082,Bezirk Andelfingen,261960,2,261960,0,3,2,0,4,0,0,0,5,1,0,0,0,0,3,23,237,12,12020
12915,3035,Reute (AR),15,Appenzell Ausserrhoden,10057,Bezirk Vorderland,0,3,0,0,2,3,0,5,0,0,0,5,1,0,0,0,1,3,23,237,15,15080
12917,6139,Riddes,23,Valais / Wallis,10029,District de Martigny,0,2,0,0,11,2,0,1,0,0,0,5,2,0,0,0,1,2,22,227,7,7010
12919,68,Rorbas,1,Zürich,10081,Bezirk Bülach,261960,2,261960,0,3,2,0,4,261801,0,0,3,1,261910,261,1,0,1,11,113,12,12032
12922,5125,Ronco sopra Ascona,21,Ticino,10004,Distretto di Locarno,0,3,0,0,12,3,0,7,5113810,0,0,4,3,5113910,5113,4,1,3,23,236,13,13020
12931,1707,Risch,9,Zug,10108,Kanton Zug,1711960,2,1711960,0,3,2,0,6,1711801,1,1707,3,1,1711910,1711,3,0,1,12,122,11,11060
12940,2479,Rodersdorf,11,Solothurn,10099,Bezirk Dorneck,2701960,3,2701960,0,14,3,0,2,2701810,0,0,4,1,2701910,2701,1,0,3,23,237,8,8012
12949,4208,Seengen,19,Aargau,10020,Bezirk Lenzburg,0,2,0,0,14,2,0,3,0,0,0,0,1,0,0,0,0,3,32,327,10,10020
12950,1215,Seelisberg,4,Uri,10061,Kanton Uri,0,3,0,0,4,3,0,6,0,0,0,0,1,0,0,0,1,3,32,327,11,11050
12951,119,Seegräben,1,Zürich,10079,Bezirk Hinwil,261960,2,261960,0,3,2,0,4,261810,0,0,4,1,261910,261,1,0,2,22,227,12,12036
12955,1372,Schwyz,5,Schwyz,10068,Bezirk Schwyz,0,2,0,0,4,2,0,6,0,1,1372,6,1,0,91372,0,1,1,13,137,11,11080
12956,197,Schwerzenbach,1,Zürich,10075,Bezirk Uster,261960,2,261960,0,3,2,0,4,261801,0,0,2,1,261910,261,1,0,1,11,112,12,12036
12957,3004,Schwellbrunn,15,Appenzell Ausserrhoden,10054,Bezirk Hinterland,3203960,3,0,0,2,3,0,5,3203810,0,0,4,1,3203910,3203,3,1,3,23,237,15,15050
12964,4176,Schwaderloch,19,Aargau,10021,Bezirk Laufenburg,0,2,0,0,14,2,0,3,0,0,0,0,1,0,0,0,0,3,32,326,12,12010
12967,4259,Schupfart,19,Aargau,10018,Bezirk Rheinfelden,2701960,3,2701960,0,14,3,0,3,0,0,0,5,1,0,0,0,0,3,23,237,8,8015
12968,1346,Schübelbach,5,Schwyz,10096,Bezirk March,0,2,261960,0,3,2,0,6,1344801,0,0,1,1,1344901,1344,5,1,1,13,136,12,12050
12971,2583,Schönenwerd,11,Solothurn,10111,Bezirk Olten,0,2,4001960,0,14,2,0,2,4001801,0,0,2,1,4001910,4001,3,0,1,12,123,10,10020
12972,3003,Schönengrund,15,Appenzell Ausserrhoden,10054,Bezirk Hinterland,3203960,3,0,0,2,3,0,5,3203810,0,0,4,1,3203910,3203,3,1,3,23,237,15,15050
12977,227,Seuzach,1,Zürich,10074,Bezirk Winterthur,261960,2,261960,0,3,2,0,4,230810,0,0,4,1,230910,230,3,0,2,21,217,12,12040
12980,4177,Sisseln,19,Aargau,10021,Bezirk Laufenburg,2701960,2,2701960,0,14,2,0,3,0,0,0,5,1,0,0,0,0,2,22,226,8,8015
12981,1217,Sisikon,4,Uri,10061,Kanton Uri,0,3,0,0,4,3,0,6,0,0,0,5,1,0,0,0,1,3,23,237,11,11070
12983,4239,Sins,19,Aargau,10019,Bezirk Muri,1711960,2,1711960,0,14,3,0,3,1711810,0,0,4,1,1711910,1711,3,0,2,22,226,11,11060
12984,6009,Simplon,23,Valais / Wallis,10035,Bezirk Brig,0,3,0,0,11,3,0,1,0,0,0,0,1,0,0,0,1,3,33,338,7,7090
12985,1216,Silenen,4,Uri,10061,Kanton Uri,0,3,0,0,4,3,0,6,1201810,0,0,4,1,1201910,1201,5,1,3,23,237,11,11070
12987,4319,Siglistorf,19,Aargau,10016,Bezirk Zurzach,261960,3,261960,0,14,3,0,3,261810,0,0,4,1,261910,261,1,0,3,23,236,12,12010
12989,2953,Siblingen,14,Schaffhausen,10088,Bezirk Schleitheim,0,3,0,0,2,3,0,5,0,0,0,5,1,0,0,0,0,3,23,237,12,12020
12990,2480,Seewen,11,Solothurn,10099,Bezirk Dorneck,2701960,3,2701960,0,14,3,0,2,2701810,0,0,4,1,2701910,2701,1,0,3,23,237,8,8012
12991,2043,Sévaz,10,Fribourg / Freiburg,10107,District de la Broye,0,3,0,0,13,3,0,2,0,0,0,0,2,0,0,0,0,3,32,327,4,4010
12996,4209,Seon,19,Aargau,10020,Bezirk Lenzburg,0,2,0,0,14,2,0,3,0,0,0,5,1,0,0,0,0,2,21,217,10,10020
13002,6035,Sembrancher,23,Valais / Wallis,10033,District d'Entremont,0,3,0,0,11,3,0,1,0,0,0,0,2,0,0,0,1,3,33,338,7,7020
13003,2556,Selzach,11,Solothurn,10097,Bezirk Lebern,0,2,0,0,14,3,0,2,2601810,0,0,4,1,2601910,2601,4,0,2,22,226,5,5060
13005,4144,Schöftland,19,Aargau,10022,Bezirk Kulm,0,2,4001960,0,14,2,0,3,4001801,0,0,2,1,4001910,4001,3,0,1,12,123,10,10020
13009,1407,Sarnen,6,Obwalden,10070,Kanton Obwalden,0,2,0,0,4,2,0,6,0,1,1407,6,1,0,91407,0,1,1,13,134,11,11030
13010,4076,Sarmenstorf,19,Aargau,10024,Bezirk Bremgarten,0,2,0,0,14,2,0,3,0,0,0,0,1,0,0,0,0,3,32,327,12,12010
13012,5017,Sant'Antonino,21,Ticino,10007,Distretto di Bellinzona,0,2,0,0,12,2,0,7,5002810,0,0,4,3,5002910,5002,4,1,2,21,217,13,13040
13016,6218,Salvan,23,Valais / Wallis,10177,District de Saint-Maurice,0,3,0,0,11,3,0,1,0,0,0,5,2,0,0,0,1,3,23,237,7,7010
13022,1371,Sattel,5,Schwyz,10068,Bezirk Schwyz,0,3,0,0,4,3,0,6,0,0,0,0,1,0,0,0,1,3,32,327,11,11080
13032,6087,Saint-Martin (VS),23,Valais / Wallis,10031,District d'Hérens,0,3,0,0,11,3,0,1,6266810,0,0,4,2,6266910,6266,4,1,3,23,236,7,7030
13035,6113,Salgesch,23,Valais / Wallis,10030,Bezirk Leuk,0,3,0,0,11,3,0,1,0,0,0,5,1,0,0,0,1,2,22,226,7,7050
13037,99,Schöfflisdorf,1,Zürich,10080,Bezirk Dielsdorf,261960,2,261960,0,3,2,0,4,261810,0,0,4,1,261910,261,1,0,2,22,227,12,12032
13039,2461,Schnottwil,11,Solothurn,10100,Bezirk Bucheggberg,351960,3,351960,0,14,3,0,2,0,0,0,5,1,0,0,0,0,3,23,236,5,5030
13040,4318,Schneisingen,19,Aargau,10016,Bezirk Zurzach,261960,2,261960,0,14,2,0,3,261810,0,0,4,1,261910,261,1,0,2,22,227,12,12010
13041,2305,Schmitten (FR),10,Fribourg / Freiburg,10102,Bezirk Sense,351960,2,351960,0,13,2,0,2,351810,0,0,4,1,351910,351,2,0,2,22,226,6,6011
13042,4143,Schmiedrued,19,Aargau,10022,Bezirk Kulm,0,3,0,0,14,3,0,3,0,0,0,0,1,0,0,0,0,3,32,326,10,10020
13043,4142,Schlossrued,19,Aargau,10022,Bezirk Kulm,0,3,0,0,14,3,0,3,0,0,0,0,1,0,0,0,0,3,32,326,10,10020
13045,2952,Schleitheim,14,Schaffhausen,10088,Bezirk Schleitheim,0,3,0,0,2,3,0,5,0,0,0,5,1,0,0,0,0,3,23,236,12,12020
13046,98,Schleinikon,1,Zürich,10080,Bezirk Dielsdorf,261960,2,261960,0,3,2,0,4,261810,0,0,4,1,261910,261,1,0,2,22,227,12,12032
13051,6638,Satigny,25,Genève,10187,Canton de Genève,6621960,3,6621960,0,10,3,0,1,6621810,0,0,4,2,6621910,6621,1,0,2,22,226,1,1011
13055,1213,Schattdorf,4,Uri,10061,Kanton Uri,0,2,0,0,4,2,0,6,1201801,0,0,2,1,1201910,1201,5,1,1,13,136,11,11070
13056,4207,Schafisheim,19,Aargau,10020,Bezirk Lenzburg,0,2,0,0,14,2,0,3,0,0,0,5,1,0,0,0,0,2,21,217,10,10020
13058,6141,Saxon,23,Valais / Wallis,10029,District de Martigny,0,2,0,0,11,3,0,1,0,0,0,5,2,0,0,0,1,2,21,217,7,7010
13059,5221,Savosa,21,Ticino,10003,Distretto di Lugano,5192960,1,5192960,5192950,12,1,5192950,7,5192801,0,0,2,3,5192910,5192,3,1,1,12,123,14,14010
13061,6265,Savièse,23,Valais / Wallis,10179,District de Sion,0,2,0,0,11,2,0,1,6266801,0,0,2,2,6266910,6266,4,1,1,12,123,7,7030
13073,5214,Porza,21,Ticino,10003,Distretto di Lugano,5192960,1,5192960,5192950,12,1,5192950,7,5192801,0,0,2,3,5192910,5192,3,1,1,12,123,14,14010
13075,6154,Port-Valais,23,Valais / Wallis,10013,District de Monthey,0,3,5586960,0,11,3,0,1,0,0,0,0,2,0,0,0,1,3,32,327,2,2040
13080,2147,Pont-la-Ville,10,Fribourg / Freiburg,10105,District de la Gruyère,0,3,2196960,0,13,3,0,2,0,0,0,5,2,0,0,0,0,3,23,235,4,4020
13084,5077,Pollegio,21,Ticino,10005,Distretto di Leventina,0,2,0,0,12,2,0,7,0,0,0,0,3,0,0,0,1,2,31,317,13,13030
13090,67,Rafz,1,Zürich,10081,Bezirk Bülach,261960,3,261960,0,3,3,0,4,261810,0,0,4,1,261910,261,1,0,2,22,226,12,12032
13093,5216,Pura,21,Ticino,10003,Distretto di Lugano,5192960,2,5192960,0,12,2,0,7,5192810,0,0,4,3,5192910,5192,3,1,2,21,217,14,14010
13094,6636,Puplinge,25,Genève,10187,Canton de Genève,6621960,1,6621960,6621950,10,2,0,1,6621801,0,0,2,2,6621910,6621,1,0,1,11,112,1,1015
13105,2038,Prévondavaux,10,Fribourg / Freiburg,10107,District de la Broye,5586960,3,5586960,0,13,3,0,2,0,0,0,0,2,0,0,0,0,3,32,325,4,4010
13107,6635,Presinge,25,Genève,10187,Canton de Genève,6621960,2,6621960,0,10,3,0,1,6621810,0,0,4,2,6621910,6621,1,0,3,23,237,1,1015
13110,6634,Pregny-Chambésy,25,Genève,10187,Canton de Genève,6621960,2,6621960,0,10,2,0,1,6621801,0,0,2,2,6621910,6621,1,0,1,11,113,1,1013
13113,4205,Othmarsingen,19,Aargau,10020,Bezirk Lenzburg,261960,2,261960,0,14,2,0,3,0,0,0,5,1,0,0,0,0,2,22,227,12,12010
13114,6633,Plan-les-Ouates,25,Genève,10187,Canton de Genève,6621960,1,6621960,6621950,10,1,6621950,1,6621801,1,6633,2,2,6621910,6621,1,0,1,11,112,1,1011
13116,5210,Paradiso,21,Ticino,10003,Distretto di Lugano,5192960,1,5192960,5192950,12,1,5192950,7,5192801,0,0,2,3,5192910,5192,3,1,1,12,122,14,14010
13124,11,Ottenbach,1,Zürich,10053,Bezirk Affoltern,261960,2,261960,0,3,2,0,4,261810,0,0,4,1,261910,261,1,0,2,22,226,12,12031
13126,94,Otelfingen,1,Zürich,10080,Bezirk Dielsdorf,261960,2,261960,0,3,2,0,4,261810,0,0,4,1,261910,261,1,0,2,22,227,12,12031
13128,37,Ossingen,1,Zürich,10082,Bezirk Andelfingen,261960,3,261960,0,3,3,0,4,0,0,0,5,1,0,0,0,0,3,23,237,12,12040
13134,6034,Orsières,23,Valais / Wallis,10033,District d'Entremont,0,3,0,0,11,3,0,1,0,0,0,0,2,0,0,0,1,3,33,334,7,7020
13135,5121,Orselina,21,Ticino,10004,Distretto di Locarno,0,2,0,0,12,2,0,7,5113801,0,0,2,3,5113910,5113,4,1,1,12,122,13,13020
13137,177,Pfäffikon,1,Zürich,10076,Bezirk Pfäffikon,261960,2,261960,0,3,2,0,4,261801,1,177,3,1,261910,261,1,0,1,11,113,12,12036
13138,5212,Ponte Capriasca,21,Ticino,10003,Distretto di Lugano,5192960,2,5192960,0,12,2,0,7,5192810,0,0,4,3,5192910,5192,3,1,2,21,217,14,14010
13141,2216,Pierrafortscha,10,Fribourg / Freiburg,10104,District de la Sarine,0,3,2196960,0,13,3,0,2,2196810,0,0,4,2,2196910,2196,4,0,3,23,235,4,4030
13145,224,Pfungen,1,Zürich,10074,Bezirk Winterthur,261960,2,261960,0,3,2,0,4,261810,0,0,4,1,261910,261,1,0,2,22,227,12,12040
13153,5076,Personico,21,Ticino,10005,Distretto di Leventina,0,3,0,0,12,3,0,7,0,0,0,0,3,0,0,0,1,3,33,338,13,13030
13155,6632,Perly-Certoux,25,Genève,10187,Canton de Genève,6621960,2,6621960,0,10,2,0,1,6621801,0,0,2,2,6621910,6621,1,0,1,11,112,1,1011
13161,4110,Remigen,19,Aargau,10023,Bezirk Brugg,0,2,0,0,14,2,0,3,0,0,0,5,1,0,0,0,0,3,23,236,12,12010
13162,6199,Raron,23,Valais / Wallis,10125,Bezirk Raron,0,3,0,0,11,3,0,1,6002810,0,0,4,1,6002910,6002,5,1,2,22,226,7,7080
13164,4039,Remetschwil,19,Aargau,10025,Bezirk Baden,261960,2,261960,0,14,2,0,3,0,0,0,6,1,0,94035,0,0,1,13,136,12,12010
13165,1212,Realp,4,Uri,10061,Kanton Uri,0,3,0,0,4,3,0,6,0,0,0,0,1,0,0,0,1,3,33,338,11,11070
13166,95,Regensberg,1,Zürich,10080,Bezirk Dielsdorf,261960,2,261960,0,3,2,0,4,261810,0,0,4,1,261910,261,1,0,2,22,227,12,12032
13168,96,Regensdorf,1,Zürich,10080,Bezirk Dielsdorf,261960,2,261960,0,3,2,0,4,261801,1,96,3,1,261910,261,1,0,1,11,112,12,12031
13169,3034,Rehetobel,15,Appenzell Ausserrhoden,10057,Bezirk Vorderland,3203960,3,3203960,0,2,3,0,5,3203810,0,0,4,1,3203910,3203,3,1,3,23,237,15,15050
13170,2963,Ramsen,14,Schaffhausen,10087,Bezirk Stein,0,3,0,0,2,3,0,5,0,0,0,0,1,0,0,0,0,3,32,327,12,12020
13172,2333,Remaufens,10,Fribourg / Freiburg,10101,District de la Veveyse,5586960,2,5586960,0,13,2,0,2,0,0,0,5,2,0,0,0,1,2,22,226,2,2050
13174,4141,Reinach (AG),19,Aargau,10022,Bezirk Kulm,0,2,0,0,14,2,0,3,4141801,0,0,1,1,4141901,4141,5,0,1,13,136,10,10020
13175,2301,Rechthalten,10,Fribourg / Freiburg,10102,Bezirk Sense,0,3,2196960,0,13,3,0,2,0,0,0,0,1,0,0,0,1,3,32,327,4,4030
13180,6287,Randa,23,Valais / Wallis,10180,Bezirk Visp,0,3,0,0,11,3,0,1,0,0,0,0,1,0,0,0,1,3,33,338,7,7070
13181,1345,Reichenburg,5,Schwyz,10096,Bezirk March,0,2,0,0,3,2,0,6,0,0,0,5,1,0,0,0,1,2,22,226,12,12050
13187,2455,Lüterkofen-Ichertswil,11,Solothurn,10100,Bezirk Bucheggberg,0,2,0,0,14,2,0,2,0,0,0,5,1,0,0,0,0,2,22,227,5,5060
13193,2295,Bösingen,10,Fribourg / Freiburg,10102,Bezirk Sense,351960,2,351960,0,13,2,0,2,351810,0,0,4,1,351910,351,2,0,2,21,216,6,6011
13207,2336,Semsales,10,Fribourg / Freiburg,10101,District de la Veveyse,0,3,5586960,0,13,3,0,2,0,0,0,5,2,0,0,0,1,3,23,236,2,2050
13218,2300,Plasselb,10,Fribourg / Freiburg,10102,Bezirk Sense,0,3,2196960,0,13,3,0,2,0,0,0,0,1,0,0,0,1,3,32,327,4,4030
13226,6297,Visp,23,Valais / Wallis,10180,Bezirk Visp,0,2,0,0,11,2,0,1,6002801,1,6297,1,1,6002901,6002,5,1,1,13,136,7,7080
13227,6248,Sierre,23,Valais / Wallis,10178,District de Sierre,0,2,0,0,11,2,0,1,6248801,1,6248,1,2,6248901,6248,5,1,1,13,137,7,7050
13228,6002,Brig-Glis,23,Valais / Wallis,10035,Bezirk Brig,0,2,0,0,11,2,0,1,6002801,1,6002,1,1,6002901,6002,5,1,1,13,134,7,7090
13230,2576,Gretzenbach,11,Solothurn,10111,Bezirk Olten,0,2,4001960,0,14,2,0,2,4001801,0,0,2,1,4001910,4001,3,0,1,12,123,10,10020
13232,2309,Wünnewil-Flamatt,10,Fribourg / Freiburg,10102,Bezirk Sense,351960,2,351960,0,13,2,0,2,351810,0,0,4,1,351910,351,2,0,2,21,216,6,6011
13249,2206,Marly,10,Fribourg / Freiburg,10104,District de la Sarine,0,1,2196960,2196950,13,2,0,2,2196810,0,0,4,2,2196910,2196,4,0,2,21,217,4,4030
13250,200,Wangen-Brüttisellen,1,Zürich,10075,Bezirk Uster,261960,1,261960,261950,3,1,261950,4,261801,0,0,2,1,261910,261,1,0,1,11,112,12,12036
13251,5250,Chiasso,21,Ticino,10002,Distretto di Mendrisio,0,1,5250960,5250950,12,2,0,7,5250801,1,5250,2,3,5250910,5250,4,0,1,12,122,14,14020
13255,14,Wettswil am Albis,1,Zürich,10053,Bezirk Affoltern,261960,2,261960,0,3,2,0,4,261810,0,0,4,1,261910,261,1,0,2,21,216,12,12034
13256,1,Aeugst am Albis,1,Zürich,10053,Bezirk Affoltern,261960,3,261960,0,3,3,0,4,261810,0,0,4,1,261910,261,1,0,3,23,237,12,12031
13259,159,Uetikon am See,1,Zürich,10077,Bezirk Meilen,261960,2,261960,0,3,2,0,4,261801,0,0,2,1,261910,261,1,0,1,11,113,12,12037
13273,6702,Boécourt,26,Jura,10224,District de Delémont,0,3,0,0,8,3,0,2,0,0,0,0,2,0,0,0,1,3,32,326,5,5040
13274,6703,Bourrignon,26,Jura,10224,District de Delémont,0,3,0,0,8,3,0,2,0,0,0,0,2,0,0,0,1,3,32,325,5,5040
13275,6704,Châtillon (JU),26,Jura,10224,District de Delémont,0,3,0,0,8,3,0,2,6711810,0,0,4,2,6711910,6711,5,1,3,23,235,5,5040
13277,6706,Courchapoix,26,Jura,10224,District de Delémont,0,3,0,0,8,3,0,2,6711810,0,0,4,2,6711910,6711,5,1,3,23,236,5,5040
13280,6709,Courroux,26,Jura,10224,District de Delémont,0,2,0,0,8,2,0,2,6711801,0,0,2,2,6711910,6711,5,1,1,13,136,5,5040
13281,6710,Courtételle,26,Jura,10224,District de Delémont,0,3,0,0,8,3,0,2,6711810,0,0,4,2,6711910,6711,5,1,2,22,226,5,5040
13282,6711,Delémont,26,Jura,10224,District de Delémont,0,2,0,0,8,2,0,2,6711801,1,6711,1,2,6711901,6711,5,1,1,13,137,5,5040
13283,6712,Develier,26,Jura,10224,District de Delémont,0,3,0,0,8,3,0,2,6711810,0,0,4,2,6711910,6711,5,1,3,23,236,5,5040
13284,6713,Ederswiler,26,Jura,10224,District de Delémont,2701960,3,0,0,8,3,0,2,0,0,0,0,1,0,0,0,0,3,32,325,5,5040
13286,6715,Mervelier,26,Jura,10224,District de Delémont,0,3,0,0,8,3,0,2,6711810,0,0,4,2,6711910,6711,5,1,3,23,235,5,5040
13289,6718,Movelier,26,Jura,10224,District de Delémont,0,3,2701960,0,8,3,0,2,0,0,0,5,2,0,0,0,0,3,23,235,5,5040
13290,6719,Pleigne,26,Jura,10224,District de Delémont,0,3,0,0,8,3,0,2,6711810,0,0,4,2,6711910,6711,5,0,3,23,235,5,5040
13292,6721,Rossemaison,26,Jura,10224,District de Delémont,0,2,0,0,8,2,0,2,6711801,0,0,2,2,6711910,6711,5,1,1,13,137,5,5040
13293,6722,Saulcy,26,Jura,10224,District de Delémont,0,3,0,0,8,3,0,2,0,0,0,0,2,0,0,0,1,3,32,325,5,5040
13295,6724,Soyhières,26,Jura,10224,District de Delémont,0,3,0,0,8,3,0,2,6711810,0,0,4,2,6711910,6711,5,1,3,23,237,5,5040
13299,6741,Le Bémont (JU),26,Jura,10225,District des Franches-Montagnes,0,3,0,0,8,3,0,2,0,0,0,0,2,0,0,0,1,3,33,335,3,3040
13300,6742,Les Bois,26,Jura,10225,District des Franches-Montagnes,0,3,0,0,8,3,0,2,0,0,0,0,2,0,0,0,1,3,33,338,3,3040
13303,6745,Les Enfers,26,Jura,10225,District des Franches-Montagnes,0,3,0,0,8,3,0,2,0,0,0,0,2,0,0,0,1,3,33,335,3,3040
13306,6748,Les Genevez (JU),26,Jura,10225,District des Franches-Montagnes,0,3,0,0,8,3,0,2,0,0,0,0,2,0,0,0,1,3,32,326,3,3040
13308,6750,Lajoux (JU),26,Jura,10225,District des Franches-Montagnes,0,3,0,0,8,3,0,2,0,0,0,0,2,0,0,0,1,3,32,326,3,3040
13312,6754,Le Noirmont,26,Jura,10225,District des Franches-Montagnes,0,3,0,0,8,3,0,2,0,0,0,0,2,0,0,0,1,2,31,316,3,3040
13316,6758,Saint-Brais,26,Jura,10225,District des Franches-Montagnes,0,3,0,0,8,3,0,2,0,0,0,0,2,0,0,0,1,3,33,335,3,3040
13317,6759,Soubey,26,Jura,10225,District des Franches-Montagnes,0,3,0,0,8,3,0,2,0,0,0,0,2,0,0,0,1,3,33,335,3,3040
13318,6771,Alle,26,Jura,10226,District de Porrentruy,0,3,0,0,8,3,0,2,0,0,0,0,2,0,0,0,0,3,33,338,5,5010
13321,6774,Boncourt,26,Jura,10226,District de Porrentruy,0,2,0,0,8,2,0,2,0,0,0,0,2,0,0,0,0,3,33,338,5,5010
13325,6778,Bure,26,Jura,10226,District de Porrentruy,0,3,0,0,8,3,0,2,0,0,0,0,2,0,0,0,0,3,33,338,5,5010
13328,6781,Coeuve,26,Jura,10226,District de Porrentruy,0,3,0,0,8,3,0,2,0,0,0,0,2,0,0,0,0,3,33,335,5,5010
13329,6782,Cornol,26,Jura,10226,District de Porrentruy,0,3,0,0,8,3,0,2,0,0,0,0,2,0,0,0,0,3,32,326,5,5010
13330,6783,Courchavon,26,Jura,10226,District de Porrentruy,0,3,0,0,8,3,0,2,0,0,0,0,2,0,0,0,0,3,33,338,5,5010
13331,6784,Courgenay,26,Jura,10226,District de Porrentruy,0,3,0,0,8,3,0,2,0,0,0,0,2,0,0,0,0,3,32,326,5,5010
13332,6785,Courtedoux,26,Jura,10226,District de Porrentruy,0,3,0,0,8,3,0,2,0,0,0,0,2,0,0,0,0,3,33,338,5,5010
13336,6789,Fahy,26,Jura,10226,District de Porrentruy,0,3,0,0,8,3,0,2,0,0,0,0,2,0,0,0,0,3,33,338,5,5010
13339,6792,Grandfontaine,26,Jura,10226,District de Porrentruy,0,3,0,0,8,3,0,2,0,0,0,0,2,0,0,0,0,3,33,335,5,5010
13347,6800,Porrentruy,26,Jura,10226,District de Porrentruy,0,2,0,0,8,2,0,2,0,0,0,6,2,0,96800,0,0,1,13,137,5,5010
13353,6806,Vendlincourt,26,Jura,10226,District de Porrentruy,0,3,0,0,8,3,0,2,0,0,0,0,2,0,0,0,0,3,33,338,5,5010
13663,2096,Romont (FR),10,Fribourg / Freiburg,10106,District de la Glâne,0,2,0,0,13,3,0,2,0,0,0,0,2,0,0,0,0,2,31,316,4,4020
13668,4061,Arni (AG),19,Aargau,10024,Bezirk Bremgarten,261960,2,261960,0,14,2,0,3,261810,0,0,4,1,261910,261,1,0,2,22,226,12,12034
13669,4084,Islisberg,19,Aargau,10024,Bezirk Bremgarten,261960,2,261960,0,14,3,0,3,261810,0,0,4,1,261910,261,1,0,3,23,235,12,12034
13680,6716,Mettembert,26,Jura,10224,District de Delémont,0,3,0,0,8,3,0,2,6711810,0,0,4,2,6711910,6711,5,0,3,23,235,5,5040
13681,4074,Oberwil-Lieli,19,Aargau,10024,Bezirk Bremgarten,261960,2,261960,0,14,2,0,3,261810,0,0,4,1,261910,261,1,0,2,22,227,12,12031
13683,161,Zollikon,1,Zürich,10077,Bezirk Meilen,261960,1,261960,261950,3,1,261950,4,261801,1,161,2,1,261910,261,1,0,1,11,113,12,12035
13684,2476,Hofstetten-Flüh,11,Solothurn,10099,Bezirk Dorneck,2701960,2,2701960,0,14,2,0,2,2701810,0,0,4,1,2701910,2701,1,0,2,22,226,8,8012
13688,261,Zürich,1,Zürich,10228,Bezirk Zürich,261960,1,261960,261950,3,1,261950,4,261801,1,261,1,1,261901,261,1,0,1,11,111,12,12033
13690,242,Birmensdorf (ZH),1,Zürich,10229,Bezirk Dietikon,261960,2,261960,0,3,2,0,4,261810,0,0,4,1,261910,261,1,0,2,21,217,12,12034
13691,243,Dietikon,1,Zürich,10229,Bezirk Dietikon,261960,1,261960,261950,3,1,261950,4,261801,1,243,2,1,261910,261,1,0,1,11,112,12,12031
13692,244,Geroldswil,1,Zürich,10229,Bezirk Dietikon,261960,1,261960,261950,3,2,0,4,261801,0,0,2,1,261910,261,1,0,1,11,113,12,12031
13693,245,Oberengstringen,1,Zürich,10229,Bezirk Dietikon,261960,1,261960,261950,3,1,261950,4,261801,0,0,2,1,261910,261,1,0,1,11,113,12,12031
13694,246,Oetwil an der Limmat,1,Zürich,10229,Bezirk Dietikon,261960,2,261960,0,3,2,0,4,261801,0,0,2,1,261910,261,1,0,1,11,113,12,12031
13695,247,Schlieren,1,Zürich,10229,Bezirk Dietikon,261960,1,261960,261950,3,1,261950,4,261801,1,247,2,1,261910,261,1,0,1,11,112,12,12031
13696,248,Uitikon,1,Zürich,10229,Bezirk Dietikon,261960,2,261960,0,3,2,0,4,261810,0,0,4,1,261910,261,1,0,2,21,217,12,12034
13697,249,Unterengstringen,1,Zürich,10229,Bezirk Dietikon,261960,1,261960,261950,3,1,261950,4,261801,0,0,2,1,261910,261,1,0,1,11,113,12,12031
13698,250,Urdorf,1,Zürich,10229,Bezirk Dietikon,261960,1,261960,261950,3,1,261950,4,261801,1,250,2,1,261910,261,1,0,1,11,112,12,12031
13699,251,Weiningen (ZH),1,Zürich,10229,Bezirk Dietikon,261960,1,261960,261950,3,2,0,4,261801,0,0,2,1,261910,261,1,0,1,11,113,12,12031
13702,2041,Saint-Aubin (FR),10,Fribourg / Freiburg,10107,District de la Broye,0,3,0,0,13,3,0,2,0,0,0,0,2,0,0,0,0,3,32,327,4,4010
13703,2401,Egerkingen,11,Solothurn,10230,Bezirk Gäu,0,2,0,0,14,2,0,2,0,0,0,0,1,0,0,0,1,3,32,327,10,10020
13704,2402,Härkingen,11,Solothurn,10230,Bezirk Gäu,0,2,0,0,14,2,0,2,0,0,0,5,1,0,0,0,0,2,22,227,10,10020
13705,2403,Kestenholz,11,Solothurn,10230,Bezirk Gäu,0,2,0,0,14,2,0,2,0,0,0,0,1,0,0,0,0,3,32,327,5,5060
13707,2405,Niederbuchsiten,11,Solothurn,10230,Bezirk Gäu,0,2,0,0,14,2,0,2,0,0,0,0,1,0,0,0,0,3,32,326,5,5060
13709,2407,Oensingen,11,Solothurn,10230,Bezirk Gäu,0,2,0,0,14,2,0,2,0,0,0,6,1,0,92407,0,0,1,13,136,5,5060
13710,2408,Wolfwil,11,Solothurn,10230,Bezirk Gäu,0,2,0,0,14,2,0,2,0,0,0,0,1,0,0,0,0,3,32,326,10,10020
13711,2421,Aedermannsdorf,11,Solothurn,10231,Bezirk Thal,0,3,0,0,14,3,0,2,0,0,0,0,1,0,0,0,1,3,32,327,5,5060
13712,2422,Balsthal,11,Solothurn,10231,Bezirk Thal,0,2,0,0,14,2,0,2,0,0,0,0,1,0,0,0,1,3,32,326,5,5060
13714,2424,Herbetswil,11,Solothurn,10231,Bezirk Thal,0,3,0,0,14,3,0,2,0,0,0,0,1,0,0,0,1,3,32,325,5,5060
13715,2425,Holderbank (SO),11,Solothurn,10231,Bezirk Thal,0,3,0,0,14,3,0,2,0,0,0,0,1,0,0,0,1,3,32,326,5,5060
13716,2426,Laupersdorf,11,Solothurn,10231,Bezirk Thal,0,3,0,0,14,3,0,2,0,0,0,0,1,0,0,0,1,3,32,326,5,5060
13717,2427,Matzendorf,11,Solothurn,10231,Bezirk Thal,0,3,0,0,14,3,0,2,0,0,0,0,1,0,0,0,1,3,32,326,5,5060
13718,2428,Mümliswil-Ramiswil,11,Solothurn,10231,Bezirk Thal,0,3,0,0,14,3,0,2,0,0,0,0,1,0,0,0,1,3,32,326,5,5060
13722,2513,Biberist,11,Solothurn,10232,Bezirk Wasseramt,0,2,0,0,14,2,0,2,2601801,0,0,3,1,2601910,2601,4,0,1,12,123,5,5060
13723,2514,Bolken,11,Solothurn,10232,Bezirk Wasseramt,0,2,0,0,14,2,0,2,0,0,0,5,1,0,0,0,0,2,22,227,5,5060
13725,2516,Deitingen,11,Solothurn,10232,Bezirk Wasseramt,0,2,0,0,14,2,0,2,0,0,0,5,1,0,0,0,0,2,22,226,5,5060
13726,2517,Derendingen,11,Solothurn,10232,Bezirk Wasseramt,0,2,0,0,14,2,0,2,2601801,0,0,2,1,2601910,2601,4,0,1,12,123,5,5060
13727,2518,Etziken,11,Solothurn,10232,Bezirk Wasseramt,0,2,0,0,14,2,0,2,0,0,0,5,1,0,0,0,0,2,22,226,5,5060
13728,2519,Gerlafingen,11,Solothurn,10232,Bezirk Wasseramt,0,2,0,0,14,2,0,2,2601801,0,0,3,1,2601910,2601,4,0,1,12,123,5,5060
13732,2523,Horriwil,11,Solothurn,10232,Bezirk Wasseramt,0,2,0,0,14,2,0,2,0,0,0,5,1,0,0,0,0,2,22,226,5,5060
13733,2524,Hüniken,11,Solothurn,10232,Bezirk Wasseramt,0,2,0,0,14,3,0,2,2601810,0,0,4,1,2601910,2601,4,0,2,22,227,5,5060
13736,2527,Luterbach,11,Solothurn,10232,Bezirk Wasseramt,0,2,0,0,14,2,0,2,2601810,0,0,4,1,2601910,2601,4,0,2,22,227,5,5060
13737,2528,Obergerlafingen,11,Solothurn,10232,Bezirk Wasseramt,0,2,0,0,14,2,0,2,2601810,0,0,4,1,2601910,2601,4,0,2,21,216,5,5060
13739,2530,Recherswil,11,Solothurn,10232,Bezirk Wasseramt,0,2,0,0,14,2,0,2,0,0,0,5,1,0,0,0,0,2,21,216,5,5060
13741,2532,Subingen,11,Solothurn,10232,Bezirk Wasseramt,0,2,0,0,14,2,0,2,2601801,0,0,2,1,2601910,2601,4,0,1,12,122,5,5060
13743,2534,Zuchwil,11,Solothurn,10232,Bezirk Wasseramt,0,2,0,0,14,2,0,2,2601801,1,2534,2,1,2601910,2601,4,0,1,12,122,5,5060
13752,2526,Lohn-Ammannsegg,11,Solothurn,10232,Bezirk Wasseramt,0,2,0,0,14,2,0,2,2601810,0,0,4,1,2601910,2601,4,0,2,22,226,5,5060
13759,6008,Ried-Brig,23,Valais / Wallis,10035,Bezirk Brig,0,2,0,0,11,2,0,1,6002810,0,0,4,1,6002910,6002,5,1,2,22,227,7,7090
13766,2821,Arisdorf,13,Basel-Landschaft,10237,Bezirk Liestal,2701960,2,2701960,0,5,3,0,3,2701810,0,0,4,1,2701910,2701,1,0,2,22,226,8,8014
13767,2822,Augst,13,Basel-Landschaft,10237,Bezirk Liestal,2701960,2,2701960,0,5,2,0,3,2701801,0,0,3,1,2701910,2701,1,0,1,11,112,8,8012
13768,2823,Bubendorf,13,Basel-Landschaft,10237,Bezirk Liestal,2701960,2,2701960,0,5,2,0,3,2701810,0,0,4,1,2701910,2701,1,0,2,21,216,8,8014
13769,2824,Frenkendorf,13,Basel-Landschaft,10237,Bezirk Liestal,2701960,2,2701960,0,5,2,0,3,2701801,0,0,3,1,2701910,2701,1,0,1,11,113,8,8014
13770,2825,Füllinsdorf,13,Basel-Landschaft,10237,Bezirk Liestal,2701960,2,2701960,0,5,2,0,3,2701801,0,0,3,1,2701910,2701,1,0,1,11,113,8,8014
13771,2826,Giebenach,13,Basel-Landschaft,10237,Bezirk Liestal,2701960,2,2701960,0,5,2,0,3,2701810,0,0,4,1,2701910,2701,1,0,3,23,236,8,8012
13772,2827,Hersberg,13,Basel-Landschaft,10237,Bezirk Liestal,2701960,3,2701960,0,5,3,0,3,2701810,0,0,4,1,2701910,2701,1,0,3,23,235,8,8014
13773,2828,Lausen,13,Basel-Landschaft,10237,Bezirk Liestal,2701960,2,2701960,0,5,2,0,3,2701801,0,0,3,1,2701910,2701,1,0,1,11,113,8,8014
13774,2829,Liestal,13,Basel-Landschaft,10237,Bezirk Liestal,2701960,2,2701960,0,5,2,0,3,2701801,1,2829,3,1,2701910,2701,1,0,1,11,112,8,8014
13775,2830,Lupsingen,13,Basel-Landschaft,10237,Bezirk Liestal,2701960,2,2701960,0,5,3,0,3,2701810,0,0,4,1,2701910,2701,1,0,3,23,237,8,8014
13776,2831,Pratteln,13,Basel-Landschaft,10237,Bezirk Liestal,2701960,2,2701960,0,5,2,0,3,2701801,1,2831,3,1,2701910,2701,1,0,1,11,112,8,8012
13777,2832,Ramlinsburg,13,Basel-Landschaft,10237,Bezirk Liestal,2701960,2,2701960,0,5,2,0,3,2701810,0,0,4,1,2701910,2701,1,0,3,23,237,8,8014
13778,2833,Seltisberg,13,Basel-Landschaft,10237,Bezirk Liestal,2701960,2,2701960,0,5,2,0,3,2701810,0,0,4,1,2701910,2701,1,0,2,22,227,8,8014
13779,2834,Ziefen,13,Basel-Landschaft,10237,Bezirk Liestal,2701960,3,2701960,0,5,3,0,3,2701810,0,0,4,1,2701910,2701,1,0,3,23,236,8,8014
13780,2841,Anwil,13,Basel-Landschaft,10238,Bezirk Sissach,0,3,0,0,5,3,0,3,0,0,0,0,1,0,0,0,0,3,32,325,8,8014
13781,2842,Böckten,13,Basel-Landschaft,10238,Bezirk Sissach,2701960,2,2701960,0,5,2,0,3,2701810,0,0,4,1,2701910,2701,1,0,2,21,216,8,8014
13782,2843,Buckten,13,Basel-Landschaft,10238,Bezirk Sissach,2701960,3,2701960,0,5,3,0,3,2701810,0,0,4,1,2701910,2701,1,0,3,23,236,8,8014
13783,2844,Buus,13,Basel-Landschaft,10238,Bezirk Sissach,2701960,3,2701960,0,5,3,0,3,2701810,0,0,4,1,2701910,2701,1,0,3,23,235,8,8015
13784,2845,Diepflingen,13,Basel-Landschaft,10238,Bezirk Sissach,2701960,2,2701960,0,5,2,0,3,2701810,0,0,4,1,2701910,2701,1,0,2,22,226,8,8014
13785,2846,Gelterkinden,13,Basel-Landschaft,10238,Bezirk Sissach,2701960,2,2701960,0,5,2,0,3,2701810,0,0,4,1,2701910,2701,1,0,2,21,217,8,8014
13786,2847,Häfelfingen,13,Basel-Landschaft,10238,Bezirk Sissach,2701960,3,0,0,5,3,0,3,0,0,0,0,1,0,0,0,0,3,32,327,8,8014
13787,2848,Hemmiken,13,Basel-Landschaft,10238,Bezirk Sissach,2701960,3,2701960,0,5,3,0,3,2701810,0,0,4,1,2701910,2701,1,0,3,23,235,8,8014
13788,2849,Itingen,13,Basel-Landschaft,10238,Bezirk Sissach,2701960,2,2701960,0,5,2,0,3,2701801,0,0,3,1,2701910,2701,1,0,1,11,113,8,8014
13789,2850,Känerkinden,13,Basel-Landschaft,10238,Bezirk Sissach,2701960,3,2701960,0,5,3,0,3,2701810,0,0,4,1,2701910,2701,1,0,3,23,237,8,8014
13790,2851,Kilchberg (BL),13,Basel-Landschaft,10238,Bezirk Sissach,0,3,0,0,5,3,0,3,0,0,0,0,1,0,0,0,0,3,32,325,8,8014
13791,2852,Läufelfingen,13,Basel-Landschaft,10238,Bezirk Sissach,0,3,0,0,5,3,0,3,0,0,0,5,1,0,0,0,1,3,23,236,8,8014
13792,2853,Maisprach,13,Basel-Landschaft,10238,Bezirk Sissach,2701960,3,2701960,0,5,3,0,3,2701810,0,0,4,1,2701910,2701,1,0,3,23,236,8,8015
13793,2854,Nusshof,13,Basel-Landschaft,10238,Bezirk Sissach,2701960,3,2701960,0,5,3,0,3,2701810,0,0,4,1,2701910,2701,1,0,3,23,235,8,8014
13794,2855,Oltingen,13,Basel-Landschaft,10238,Bezirk Sissach,0,3,0,0,5,3,0,3,0,0,0,0,1,0,0,0,1,3,32,325,8,8014
13795,2856,Ormalingen,13,Basel-Landschaft,10238,Bezirk Sissach,2701960,2,2701960,0,5,2,0,3,2701810,0,0,4,1,2701910,2701,1,0,2,21,216,8,8014
13796,2857,Rickenbach (BL),13,Basel-Landschaft,10238,Bezirk Sissach,2701960,3,2701960,0,5,3,0,3,2701810,0,0,4,1,2701910,2701,1,0,3,23,235,8,8014
13797,2858,Rothenfluh,13,Basel-Landschaft,10238,Bezirk Sissach,2701960,3,2701960,0,5,3,0,3,2701810,0,0,4,1,2701910,2701,1,0,3,23,236,8,8014
13798,2859,Rümlingen,13,Basel-Landschaft,10238,Bezirk Sissach,2701960,3,2701960,0,5,3,0,3,2701810,0,0,4,1,2701910,2701,1,0,3,23,236,8,8014
13799,2860,Rünenberg,13,Basel-Landschaft,10238,Bezirk Sissach,2701960,3,2701960,0,5,3,0,3,2701810,0,0,4,1,2701910,2701,1,0,3,23,237,8,8014
13800,2861,Sissach,13,Basel-Landschaft,10238,Bezirk Sissach,2701960,2,2701960,0,5,2,0,3,2701810,0,0,4,1,2701910,2701,1,0,2,21,216,8,8014
13801,2862,Tecknau,13,Basel-Landschaft,10238,Bezirk Sissach,2701960,2,2701960,0,5,2,0,3,2701810,0,0,4,1,2701910,2701,1,0,3,23,236,8,8014
13802,2863,Tenniken,13,Basel-Landschaft,10238,Bezirk Sissach,2701960,2,2701960,0,5,2,0,3,2701810,0,0,4,1,2701910,2701,1,0,3,23,236,8,8014
13803,2864,Thürnen,13,Basel-Landschaft,10238,Bezirk Sissach,2701960,2,2701960,0,5,2,0,3,2701810,0,0,4,1,2701910,2701,1,0,2,21,216,8,8014
13804,2865,Wenslingen,13,Basel-Landschaft,10238,Bezirk Sissach,2701960,3,0,0,5,3,0,3,0,0,0,5,1,0,0,0,0,3,23,237,8,8014
13805,2866,Wintersingen,13,Basel-Landschaft,10238,Bezirk Sissach,2701960,3,2701960,0,5,3,0,3,2701810,0,0,4,1,2701910,2701,1,0,3,23,235,8,8015
13806,2867,Wittinsburg,13,Basel-Landschaft,10238,Bezirk Sissach,2701960,3,2701960,0,5,3,0,3,2701810,0,0,4,1,2701910,2701,1,0,3,23,236,8,8014
13807,2868,Zeglingen,13,Basel-Landschaft,10238,Bezirk Sissach,0,3,0,0,5,3,0,3,0,0,0,0,1,0,0,0,1,3,32,325,8,8014
13808,2869,Zunzgen,13,Basel-Landschaft,10238,Bezirk Sissach,2701960,2,2701960,0,5,2,0,3,2701810,0,0,4,1,2701910,2701,1,0,2,21,217,8,8014
13809,2881,Arboldswil,13,Basel-Landschaft,10240,Bezirk Waldenburg,2701960,3,2701960,0,5,3,0,3,2701810,0,0,4,1,2701910,2701,1,0,3,23,237,8,8014
13810,2882,Bennwil,13,Basel-Landschaft,10240,Bezirk Waldenburg,2701960,3,2701960,0,5,3,0,3,2701810,0,0,4,1,2701910,2701,1,1,3,23,236,8,8014
13811,2883,Bretzwil,13,Basel-Landschaft,10240,Bezirk Waldenburg,2701960,3,2701960,0,5,3,0,3,2701810,0,0,4,1,2701910,2701,1,0,3,23,235,8,8014
13812,2884,Diegten,13,Basel-Landschaft,10240,Bezirk Waldenburg,2701960,3,2701960,0,5,3,0,3,2701810,0,0,4,1,2701910,2701,1,0,3,23,237,8,8014
13813,2885,Eptingen,13,Basel-Landschaft,10240,Bezirk Waldenburg,0,3,0,0,5,3,0,3,0,0,0,0,1,0,0,0,1,3,32,327,8,8014
13814,2886,Hölstein,13,Basel-Landschaft,10240,Bezirk Waldenburg,2701960,2,2701960,0,5,2,0,3,2701810,0,0,4,1,2701910,2701,1,0,2,22,226,8,8014
13815,2887,Lampenberg,13,Basel-Landschaft,10240,Bezirk Waldenburg,2701960,2,2701960,0,5,2,0,3,2701810,0,0,4,1,2701910,2701,1,0,2,22,227,8,8014
13816,2888,Langenbruck,13,Basel-Landschaft,10240,Bezirk Waldenburg,0,3,0,0,5,3,0,3,0,0,0,0,1,0,0,0,1,3,32,327,8,8014
13817,2889,Lauwil,13,Basel-Landschaft,10240,Bezirk Waldenburg,2701960,3,0,0,5,3,0,3,2701810,0,0,4,1,2701910,2701,1,1,3,23,236,8,8014
13818,2890,Liedertswil,13,Basel-Landschaft,10240,Bezirk Waldenburg,2701960,3,2701960,0,5,3,0,3,2701810,0,0,4,1,2701910,2701,1,1,3,23,236,8,8014
13819,2891,Niederdorf,13,Basel-Landschaft,10240,Bezirk Waldenburg,2701960,2,2701960,0,5,2,0,3,2701810,0,0,4,1,2701910,2701,1,0,2,22,227,8,8014
13820,2892,Oberdorf (BL),13,Basel-Landschaft,10240,Bezirk Waldenburg,2701960,2,2701960,0,5,2,0,3,2701810,0,0,4,1,2701910,2701,1,0,2,22,227,8,8014
13821,2893,Reigoldswil,13,Basel-Landschaft,10240,Bezirk Waldenburg,2701960,3,2701960,0,5,3,0,3,2701810,0,0,4,1,2701910,2701,1,0,3,23,237,8,8014
13822,2894,Titterten,13,Basel-Landschaft,10240,Bezirk Waldenburg,2701960,3,2701960,0,5,3,0,3,2701810,0,0,4,1,2701910,2701,1,0,3,23,237,8,8014
13823,2895,Waldenburg,13,Basel-Landschaft,10240,Bezirk Waldenburg,2701960,2,2701960,0,5,2,0,3,2701810,0,0,4,1,2701910,2701,1,1,2,22,226,8,8014
13824,2761,Aesch (BL),13,Basel-Landschaft,10092,Bezirk Arlesheim,2701960,1,2701960,2701950,5,1,2701950,3,2701801,1,2761,2,1,2701910,2701,1,0,1,11,112,8,8012
13825,2762,Allschwil,13,Basel-Landschaft,10092,Bezirk Arlesheim,2701960,1,2701960,2701950,5,1,2701950,3,2701801,1,2762,2,1,2701910,2701,1,0,1,11,112,8,8012
13826,2763,Arlesheim,13,Basel-Landschaft,10092,Bezirk Arlesheim,2701960,1,2701960,2701950,5,1,2701950,3,2701801,1,2763,2,1,2701910,2701,1,0,1,11,112,8,8012
13827,2764,Biel-Benken,13,Basel-Landschaft,10092,Bezirk Arlesheim,2701960,2,2701960,0,5,2,0,3,2701801,0,0,2,1,2701910,2701,1,0,1,11,113,8,8012
13828,2765,Binningen,13,Basel-Landschaft,10092,Bezirk Arlesheim,2701960,1,2701960,2701950,5,1,2701950,3,2701801,1,2765,2,1,2701910,2701,1,0,1,11,113,8,8012
13829,2766,Birsfelden,13,Basel-Landschaft,10092,Bezirk Arlesheim,2701960,1,2701960,2701950,5,1,2701950,3,2701801,1,2766,2,1,2701910,2701,1,0,1,11,113,8,8012
13830,2767,Bottmingen,13,Basel-Landschaft,10092,Bezirk Arlesheim,2701960,1,2701960,2701950,5,1,2701950,3,2701801,0,0,2,1,2701910,2701,1,0,1,11,113,8,8012
13831,2768,Ettingen,13,Basel-Landschaft,10092,Bezirk Arlesheim,2701960,2,2701960,0,5,2,0,3,2701810,0,0,4,1,2701910,2701,1,0,2,21,216,8,8012
13832,2769,Münchenstein,13,Basel-Landschaft,10092,Bezirk Arlesheim,2701960,1,2701960,2701950,5,1,2701950,3,2701801,1,2769,2,1,2701910,2701,1,0,1,11,112,8,8012
13833,2770,Muttenz,13,Basel-Landschaft,10092,Bezirk Arlesheim,2701960,1,2701960,2701950,5,1,2701950,3,2701801,1,2770,2,1,2701910,2701,1,0,1,11,112,8,8012
13834,2771,Oberwil (BL),13,Basel-Landschaft,10092,Bezirk Arlesheim,2701960,1,2701960,2701950,5,1,2701950,3,2701801,1,2771,2,1,2701910,2701,1,0,1,11,113,8,8012
13835,2772,Pfeffingen,13,Basel-Landschaft,10092,Bezirk Arlesheim,2701960,1,2701960,2701950,5,2,0,3,2701801,0,0,2,1,2701910,2701,1,0,1,11,113,8,8012
13836,2773,Reinach (BL),13,Basel-Landschaft,10092,Bezirk Arlesheim,2701960,1,2701960,2701950,5,1,2701950,3,2701801,1,2773,2,1,2701910,2701,1,0,1,11,112,8,8012
13837,2774,Schönenbuch,13,Basel-Landschaft,10092,Bezirk Arlesheim,2701960,3,2701960,0,5,3,0,3,2701810,0,0,4,1,2701910,2701,1,0,2,22,227,8,8012
13838,2775,Therwil,13,Basel-Landschaft,10092,Bezirk Arlesheim,2701960,1,2701960,2701950,5,1,2701950,3,2701801,0,0,2,1,2701910,2701,1,0,1,11,113,8,8012
13839,2781,Blauen,13,Basel-Landschaft,10236,Bezirk Laufen,2701960,3,2701960,0,5,3,0,3,2701810,0,0,4,1,2701910,2701,1,0,3,23,236,8,8012
13840,2782,Brislach,13,Basel-Landschaft,10236,Bezirk Laufen,2701960,2,2701960,0,5,2,0,3,2701810,0,0,4,1,2701910,2701,1,0,2,21,216,8,8011
13841,2783,Burg im Leimental,13,Basel-Landschaft,10236,Bezirk Laufen,2701960,3,2701960,0,5,3,0,3,2701810,0,0,4,1,2701910,2701,1,0,3,23,237,8,8012
13842,2784,Dittingen,13,Basel-Landschaft,10236,Bezirk Laufen,2701960,2,2701960,0,5,3,0,3,2701810,0,0,4,1,2701910,2701,1,0,2,22,226,8,8011
13843,2785,Duggingen,13,Basel-Landschaft,10236,Bezirk Laufen,2701960,2,2701960,0,5,2,0,3,2701810,0,0,4,1,2701910,2701,1,0,2,22,226,8,8012
13844,2786,Grellingen,13,Basel-Landschaft,10236,Bezirk Laufen,2701960,2,2701960,0,5,2,0,3,2701810,0,0,4,1,2701910,2701,1,0,2,22,226,8,8012
13845,2787,Laufen,13,Basel-Landschaft,10236,Bezirk Laufen,2701960,2,2701960,0,5,2,0,3,2701810,0,0,4,1,2701910,2701,1,0,2,21,216,8,8011
13846,2788,Liesberg,13,Basel-Landschaft,10236,Bezirk Laufen,2701960,3,2701960,0,5,3,0,3,2701810,0,0,4,1,2701910,2701,1,0,3,23,236,8,8011
13847,2789,Nenzlingen,13,Basel-Landschaft,10236,Bezirk Laufen,2701960,2,2701960,0,5,3,0,3,2701810,0,0,4,1,2701910,2701,1,0,3,23,236,8,8012
13848,2790,Roggenburg,13,Basel-Landschaft,10236,Bezirk Laufen,2701960,3,2701960,0,5,3,0,3,0,0,0,0,1,0,0,0,0,3,32,325,8,8011
13849,2791,Röschenz,13,Basel-Landschaft,10236,Bezirk Laufen,2701960,2,2701960,0,5,2,0,3,2701810,0,0,4,1,2701910,2701,1,0,2,21,217,8,8011
13850,2792,Wahlen,13,Basel-Landschaft,10236,Bezirk Laufen,2701960,2,2701960,0,5,2,0,3,2701810,0,0,4,1,2701910,2701,1,0,2,22,227,8,8011
13851,2793,Zwingen,13,Basel-Landschaft,10236,Bezirk Laufen,2701960,2,2701960,0,5,2,0,3,2701810,0,0,4,1,2701910,2701,1,0,2,22,226,8,8012
14096,2272,Misery-Courtion,10,Fribourg / Freiburg,10103,Bezirk See / District du Lac,0,3,2196960,0,13,3,0,2,0,0,0,0,2,0,0,0,0,3,32,327,4,4030
14097,3101,Appenzell,16,Appenzell Innerrhoden,10252,Kanton Appenzell Innerrhoden,0,2,0,0,2,2,0,5,0,0,0,6,1,0,93101,0,1,1,13,134,15,15060
14098,3102,Gonten,16,Appenzell Innerrhoden,10252,Kanton Appenzell Innerrhoden,0,3,0,0,2,3,0,5,0,0,0,0,1,0,0,0,1,3,33,338,15,15060
14100,3104,Schlatt-Haslen,16,Appenzell Innerrhoden,10252,Kanton Appenzell Innerrhoden,0,3,3203960,0,2,3,0,5,0,0,0,0,1,0,0,0,1,3,32,325,15,15060
14102,3111,Oberegg,16,Appenzell Innerrhoden,10252,Kanton Appenzell Innerrhoden,0,3,0,0,2,3,0,5,0,0,0,0,1,0,0,0,1,3,32,326,15,15050
14103,2063,Billens-Hennens,10,Fribourg / Freiburg,10106,District de la Glâne,0,2,0,0,13,3,0,2,0,0,0,0,2,0,0,0,0,3,32,327,4,4020
14120,226,Schlatt (ZH),1,Zürich,10074,Bezirk Winterthur,261960,3,261960,0,3,3,0,4,230810,0,0,4,1,230910,230,3,0,3,23,237,12,12040
14133,6117,Guttet-Feschel,23,Valais / Wallis,10030,Bezirk Leuk,0,3,0,0,11,3,0,1,0,0,0,0,1,0,0,0,1,3,33,338,7,7060
14135,2140,Marsens,10,Fribourg / Freiburg,10105,District de la Gruyère,0,2,0,0,13,2,0,2,0,0,0,5,2,0,0,0,1,2,22,227,4,4020
14136,2234,La Brillaz,10,Fribourg / Freiburg,10104,District de la Sarine,0,3,2196960,0,13,3,0,2,0,0,0,0,2,0,0,0,0,3,32,327,4,4030
14137,2114,Villorsonnens,10,Fribourg / Freiburg,10106,District de la Glâne,0,3,2196960,0,13,3,0,2,0,0,0,0,2,0,0,0,0,3,32,325,4,4030
14138,2152,Sâles,10,Fribourg / Freiburg,10105,District de la Gruyère,0,3,0,0,13,3,0,2,0,0,0,5,2,0,0,0,1,3,23,236,4,4020
14141,2233,Hauterive (FR),10,Fribourg / Freiburg,10104,District de la Sarine,0,2,2196960,0,13,2,0,2,2196810,0,0,4,2,2196910,2196,4,0,2,22,227,4,4030
14143,2174,Avry,10,Fribourg / Freiburg,10104,District de la Sarine,0,2,2196960,0,13,2,0,2,2196810,0,0,4,2,2196910,2196,4,0,2,22,227,4,4030
14361,4289,Zofingen,19,Aargau,10017,Bezirk Zofingen,0,2,0,0,14,2,0,3,2581801,1,4289,2,1,2581910,2581,3,0,1,12,122,10,10020
14362,2121,Haut-Intyamon,10,Fribourg / Freiburg,10105,District de la Gruyère,0,3,0,0,13,3,0,2,0,0,0,0,2,0,0,0,1,3,33,338,4,4020
14365,241,Aesch (ZH),1,Zürich,10229,Bezirk Dietikon,261960,2,261960,0,3,2,0,4,261810,0,0,4,1,261910,261,1,0,3,23,237,12,12034
14368,2122,Pont-en-Ogoz,10,Fribourg / Freiburg,10105,District de la Gruyère,0,2,2196960,0,13,3,0,2,0,0,0,5,2,0,0,0,0,3,23,237,4,4020
14369,2220,Le Mouret,10,Fribourg / Freiburg,10104,District de la Sarine,0,3,2196960,0,13,3,0,2,2196810,0,0,4,2,2196910,2196,4,1,2,22,227,4,4030
14375,4100,Hausen (AG),19,Aargau,10023,Bezirk Brugg,261960,2,261960,0,14,2,0,3,4021801,0,0,2,1,4021910,4021,3,0,1,12,123,12,12010
14378,3201,Häggenschwil,17,St. Gallen,10266,Wahlkreis St. Gallen,3203960,3,3203960,0,2,3,0,5,3203810,0,0,4,1,3203910,3203,3,0,3,23,235,15,15050
14379,3202,Muolen,17,St. Gallen,10266,Wahlkreis St. Gallen,3203960,3,3203960,0,2,3,0,5,3203810,0,0,4,1,3203910,3203,3,0,3,23,237,15,15050
14380,3203,St. Gallen,17,St. Gallen,10266,Wahlkreis St. Gallen,3203960,1,3203960,3203950,2,1,3203950,5,3203801,1,3203,1,1,3203901,3203,3,0,1,12,121,15,15050
14381,3204,Wittenbach,17,St. Gallen,10266,Wahlkreis St. Gallen,3203960,1,3203960,3203950,2,2,0,5,3203801,0,0,2,1,3203910,3203,3,0,1,12,123,15,15050
14382,3211,Berg (SG),17,St. Gallen,10265,Wahlkreis Rorschach,3203960,2,3203960,0,2,2,0,5,3203810,0,0,4,1,3203910,3203,3,0,2,22,227,15,15050
14383,3212,Eggersriet,17,St. Gallen,10266,Wahlkreis St. Gallen,3203960,2,3203960,0,2,2,0,5,3203810,0,0,4,1,3203910,3203,3,1,3,23,237,15,15050
14384,3213,Goldach,17,St. Gallen,10265,Wahlkreis Rorschach,3203960,2,3203960,0,2,2,0,5,4401801,0,0,2,1,4401910,4401,4,0,1,12,123,15,15050
14385,3214,Mörschwil,17,St. Gallen,10265,Wahlkreis Rorschach,3203960,2,3203960,0,2,2,0,5,3203810,0,0,4,1,3203910,3203,3,0,2,22,227,15,15050
14386,3215,Rorschach,17,St. Gallen,10265,Wahlkreis Rorschach,3203960,2,3203960,0,2,2,0,5,4401801,1,3215,2,1,4401910,4401,4,0,1,12,122,15,15050
14387,3216,Rorschacherberg,17,St. Gallen,10265,Wahlkreis Rorschach,3203960,2,3203960,0,2,2,0,5,4401801,0,0,2,1,4401910,4401,4,0,1,12,123,15,15050
14388,3217,Steinach,17,St. Gallen,10265,Wahlkreis Rorschach,3203960,2,3203960,0,2,2,0,5,4401801,0,0,2,1,4401910,4401,4,0,1,12,122,15,15050
14389,3218,Tübach,17,St. Gallen,10265,Wahlkreis Rorschach,3203960,2,3203960,0,2,2,0,5,4401801,0,0,2,1,4401910,4401,4,0,1,12,122,15,15050
14390,3219,Untereggen,17,St. Gallen,10265,Wahlkreis Rorschach,3203960,2,3203960,0,2,2,0,5,3203810,0,0,4,1,3203910,3203,3,0,3,23,237,15,15050
14391,3231,Au (SG),17,St. Gallen,10271,Wahlkreis Rheintal,0,2,0,0,2,2,0,5,3251801,0,0,2,1,3251910,3251,4,0,1,12,122,15,15080
14392,3232,Balgach,17,St. Gallen,10271,Wahlkreis Rheintal,0,2,0,0,2,2,0,5,3251801,0,0,2,1,3251910,3251,4,0,1,12,122,15,15080
14393,3233,Berneck,17,St. Gallen,10271,Wahlkreis Rheintal,0,2,0,0,2,2,0,5,3251801,0,0,2,1,3251910,3251,4,0,1,12,122,15,15080
14394,3234,Diepoldsau,17,St. Gallen,10271,Wahlkreis Rheintal,0,2,0,0,2,2,0,5,3251801,0,0,2,1,3251910,3251,4,0,1,12,122,15,15080
14395,3235,Rheineck,17,St. Gallen,10271,Wahlkreis Rheintal,3203960,2,3203960,0,2,2,0,5,0,0,0,5,1,0,0,0,0,2,21,216,15,15050
14396,3236,St. Margrethen,17,St. Gallen,10271,Wahlkreis Rheintal,0,2,0,0,2,2,0,5,3251801,0,0,2,1,3251910,3251,4,0,1,12,122,15,15080
14397,3237,Thal,17,St. Gallen,10265,Wahlkreis Rorschach,3203960,2,3203960,0,2,2,0,5,4401801,0,0,2,1,4401910,4401,4,0,1,12,122,15,15050
14398,3238,Widnau,17,St. Gallen,10271,Wahlkreis Rheintal,0,2,0,0,2,2,0,5,3251801,1,3238,2,1,3251910,3251,4,0,1,12,122,15,15080
14399,3251,Altstätten,17,St. Gallen,10271,Wahlkreis Rheintal,0,2,0,0,2,2,0,5,3251801,1,3251,1,1,3251901,3251,4,0,1,12,121,15,15070
14400,3252,Eichberg,17,St. Gallen,10271,Wahlkreis Rheintal,0,3,0,0,2,3,0,5,3251810,0,0,4,1,3251910,3251,4,0,3,23,236,15,15070
14401,3253,Marbach (SG),17,St. Gallen,10271,Wahlkreis Rheintal,0,2,0,0,2,2,0,5,3251801,0,0,2,1,3251910,3251,4,0,1,12,123,15,15070
14402,3254,Oberriet (SG),17,St. Gallen,10271,Wahlkreis Rheintal,0,2,0,0,2,2,0,5,0,0,0,5,1,0,0,0,0,2,21,216,15,15070
14403,3255,Rebstein,17,St. Gallen,10271,Wahlkreis Rheintal,0,2,0,0,2,2,0,5,3251801,0,0,2,1,3251910,3251,4,0,1,12,123,15,15080
14404,3256,Rüthi (SG),17,St. Gallen,10271,Wahlkreis Rheintal,0,3,0,0,2,3,0,5,0,0,0,0,1,0,0,0,0,3,32,326,15,15070
14405,3271,Buchs (SG),17,St. Gallen,10267,Wahlkreis Werdenberg,0,2,0,0,2,2,0,5,3271801,1,3271,1,1,3271901,3271,5,0,1,13,137,16,16040
14406,3272,Gams,17,St. Gallen,10267,Wahlkreis Werdenberg,0,2,0,0,2,2,0,5,3271810,0,0,4,1,3271910,3271,5,1,2,22,226,16,16040
14407,3273,Grabs,17,St. Gallen,10267,Wahlkreis Werdenberg,0,2,0,0,2,2,0,5,3271801,0,0,2,1,3271910,3271,5,1,1,13,136,16,16040
14408,3274,Sennwald,17,St. Gallen,10267,Wahlkreis Werdenberg,0,3,0,0,2,3,0,5,0,0,0,0,1,0,0,0,0,3,32,326,16,16040
14409,3275,Sevelen,17,St. Gallen,10267,Wahlkreis Werdenberg,0,2,0,0,2,3,0,5,3271810,0,0,4,1,3271910,3271,5,1,2,22,226,16,16040
14410,3276,Wartau,17,St. Gallen,10267,Wahlkreis Werdenberg,0,2,0,0,2,2,0,5,0,0,0,0,1,0,0,0,1,3,32,326,16,16040
14411,3291,Bad Ragaz,17,St. Gallen,10269,Wahlkreis Sarganserland,0,2,0,0,2,2,0,5,0,0,0,0,1,0,0,0,1,2,31,314,16,16020
14412,3292,Flums,17,St. Gallen,10269,Wahlkreis Sarganserland,0,2,0,0,2,2,0,5,0,0,0,0,1,0,0,0,1,2,31,316,16,16020
14413,3293,Mels,17,St. Gallen,10269,Wahlkreis Sarganserland,0,2,0,0,2,2,0,5,3293801,0,0,1,1,3293901,3293,5,1,1,13,137,16,16020
14414,3294,Pfäfers,17,St. Gallen,10269,Wahlkreis Sarganserland,0,3,0,0,2,3,0,5,0,0,0,0,1,0,0,0,1,3,33,338,16,16020
14415,3295,Quarten,17,St. Gallen,10269,Wahlkreis Sarganserland,0,3,0,0,2,3,0,5,0,0,0,0,1,0,0,0,1,3,32,327,16,16020
14416,3296,Sargans,17,St. Gallen,10269,Wahlkreis Sarganserland,0,2,0,0,2,2,0,5,3293801,0,0,1,1,3293901,3293,5,1,1,13,137,16,16020
14417,3297,Vilters-Wangs,17,St. Gallen,10269,Wahlkreis Sarganserland,0,2,0,0,2,2,0,5,3293801,0,0,2,1,3293910,3293,5,1,1,13,137,16,16020
14418,3298,Walenstadt,17,St. Gallen,10269,Wahlkreis Sarganserland,0,2,0,0,2,2,0,5,0,0,0,0,1,0,0,0,1,2,31,317,16,16020
14419,3311,Amden,17,St. Gallen,10270,Wahlkreis See-Gaster,0,3,0,0,2,3,0,5,0,0,0,5,1,0,0,0,1,3,23,237,12,12050
14420,3312,Benken (SG),17,St. Gallen,10270,Wahlkreis See-Gaster,0,2,0,0,3,2,0,5,0,0,0,0,1,0,0,0,0,3,32,326,12,12050
14421,3313,Kaltbrunn,17,St. Gallen,10270,Wahlkreis See-Gaster,0,2,0,0,3,2,0,5,0,0,0,6,1,0,93339,0,0,1,13,136,12,12050
14423,3315,Schänis,17,St. Gallen,10270,Wahlkreis See-Gaster,0,3,0,0,3,3,0,5,0,0,0,5,1,0,0,0,1,2,22,226,12,12050
14424,3316,Weesen,17,St. Gallen,10270,Wahlkreis See-Gaster,0,3,0,0,2,3,0,5,0,0,0,5,1,0,0,0,1,2,22,227,12,12050
14432,3338,Schmerikon,17,St. Gallen,10270,Wahlkreis See-Gaster,0,2,0,0,3,2,0,5,0,0,0,6,1,0,93339,0,0,1,13,136,12,12038
14433,3339,Uznach,17,St. Gallen,10270,Wahlkreis See-Gaster,0,2,0,0,3,2,0,5,0,0,0,6,1,0,93339,0,0,1,13,137,12,12038
14435,3352,Ebnat-Kappel,17,St. Gallen,10264,Wahlkreis Toggenburg,0,3,0,0,2,3,0,5,0,0,0,0,1,0,0,0,1,2,31,316,15,15040
14443,3374,Lichtensteig,17,St. Gallen,10264,Wahlkreis Toggenburg,0,2,0,0,2,2,0,5,0,0,0,6,1,0,93379,0,1,1,13,136,15,15040
14448,3392,Kirchberg (SG),17,St. Gallen,10264,Wahlkreis Toggenburg,0,2,0,0,2,2,0,5,0,0,0,0,1,0,0,0,0,2,31,316,15,15010
14449,3393,Lütisburg,17,St. Gallen,10264,Wahlkreis Toggenburg,0,3,0,0,2,3,0,5,0,0,0,0,1,0,0,0,0,3,32,326,15,15010
14450,3394,Mosnang,17,St. Gallen,10264,Wahlkreis Toggenburg,0,3,0,0,2,3,0,5,0,0,0,0,1,0,0,0,1,3,32,327,15,15040
14451,3401,Degersheim,17,St. Gallen,10268,Wahlkreis Wil,3203960,3,3203960,0,2,3,0,5,0,0,0,5,1,0,0,0,1,2,22,226,15,15050
14452,3402,Flawil,17,St. Gallen,10268,Wahlkreis Wil,3203960,2,3203960,0,2,2,0,5,3203810,1,3402,4,1,3203910,3203,3,0,2,21,216,15,15050
14454,3405,Jonschwil,17,St. Gallen,10268,Wahlkreis Wil,0,2,0,0,2,2,0,5,3425810,0,0,4,1,3425910,3425,4,0,2,22,226,15,15010
14456,3407,Oberuzwil,17,St. Gallen,10268,Wahlkreis Wil,0,2,0,0,2,2,0,5,3425801,0,0,2,1,3425910,3425,4,0,1,12,123,15,15010
14457,3408,Uzwil,17,St. Gallen,10268,Wahlkreis Wil,0,2,3203960,0,2,2,0,5,3425801,1,3408,2,1,3425910,3425,4,0,1,12,122,15,15010
14459,3422,Niederbüren,17,St. Gallen,10268,Wahlkreis Wil,0,3,3203960,0,2,3,0,5,0,0,0,5,1,0,0,0,0,3,23,236,15,15010
14460,3423,Niederhelfenschwil,17,St. Gallen,10268,Wahlkreis Wil,0,3,0,0,2,3,0,5,0,0,0,5,1,0,0,0,0,3,23,237,15,15010
14461,3424,Oberbüren,17,St. Gallen,10268,Wahlkreis Wil,3203960,2,3203960,0,2,2,0,5,3425801,0,0,2,1,3425910,3425,4,0,1,12,122,15,15010
14463,3426,Zuzwil (SG),17,St. Gallen,10268,Wahlkreis Wil,0,2,0,0,2,2,0,5,0,0,0,5,1,0,0,0,0,2,21,216,15,15010
14464,3441,Andwil (SG),17,St. Gallen,10266,Wahlkreis St. Gallen,3203960,3,3203960,0,2,3,0,5,3203810,0,0,4,1,3203910,3203,3,0,2,22,226,15,15050
14465,3442,Gaiserwald,17,St. Gallen,10266,Wahlkreis St. Gallen,3203960,2,3203960,0,2,2,0,5,3203801,0,0,2,1,3203910,3203,3,0,1,12,123,15,15050
14466,3443,Gossau (SG),17,St. Gallen,10266,Wahlkreis St. Gallen,3203960,2,3203960,0,2,2,0,5,3203801,1,3443,2,1,3203910,3203,3,0,1,12,122,15,15050
14467,3444,Waldkirch,17,St. Gallen,10266,Wahlkreis St. Gallen,3203960,3,3203960,0,2,3,0,5,3203810,0,0,4,1,3203910,3203,3,0,2,22,226,15,15050
14468,6181,Riederalp,23,Valais / Wallis,10125,Bezirk Raron,0,3,0,0,11,3,0,1,0,0,0,0,1,0,0,0,1,3,33,338,7,7090
14469,2477,Metzerlen-Mariastein,11,Solothurn,10099,Bezirk Dorneck,2701960,3,2701960,0,14,3,0,2,2701810,0,0,4,1,2701910,2701,1,0,3,23,237,8,8012
14470,1331,Küssnacht (SZ),5,Schwyz,10272,Bezirk Küssnacht (SZ),0,2,0,0,4,2,0,6,0,1,1331,6,1,0,91331,0,0,1,13,136,11,11060
14474,2050,Les Montets,10,Fribourg / Freiburg,10107,District de la Broye,0,3,0,0,13,3,0,2,0,0,0,0,2,0,0,0,0,3,32,326,4,4010
14475,2029,Montagny (FR),10,Fribourg / Freiburg,10107,District de la Broye,0,2,2196960,0,13,3,0,2,0,0,0,0,2,0,0,0,0,3,32,327,4,4010
14476,2087,Mézières (FR),10,Fribourg / Freiburg,10106,District de la Glâne,0,3,0,0,13,3,0,2,0,0,0,0,2,0,0,0,0,3,32,326,4,4020
14477,2099,Siviriez,10,Fribourg / Freiburg,10106,District de la Glâne,0,3,0,0,13,3,0,2,0,0,0,0,2,0,0,0,0,3,32,327,4,4020
14478,2115,Torny,10,Fribourg / Freiburg,10106,District de la Glâne,0,3,2196960,0,13,3,0,2,0,0,0,0,2,0,0,0,0,3,32,325,4,4010
14479,2162,Bas-Intyamon,10,Fribourg / Freiburg,10105,District de la Gruyère,0,3,0,0,13,3,0,2,0,0,0,5,2,0,0,0,1,3,23,236,4,4020
14480,2113,Vuisternens-devant-Romont,10,Fribourg / Freiburg,10106,District de la Glâne,0,3,0,0,13,3,0,2,0,0,0,0,2,0,0,0,1,3,32,327,4,4020
14481,2235,La Sonnaz,10,Fribourg / Freiburg,10104,District de la Sarine,0,3,2196960,0,13,3,0,2,2196810,0,0,4,2,2196910,2196,4,0,2,22,227,4,4030
14482,2337,Le Flon,10,Fribourg / Freiburg,10101,District de la Veveyse,5586960,3,5586960,0,13,3,0,2,0,0,0,0,2,0,0,0,1,3,32,325,2,2024
14483,2338,La Verrerie,10,Fribourg / Freiburg,10101,District de la Veveyse,0,3,5586960,0,13,3,0,2,0,0,0,0,2,0,0,0,1,3,32,325,4,4020
14484,2335,Saint-Martin (FR),10,Fribourg / Freiburg,10101,District de la Veveyse,5586960,3,5586960,0,13,3,0,2,0,0,0,0,2,0,0,0,1,3,32,325,2,2050
14492,5048,Acquarossa,21,Ticino,10006,Distretto di Blenio,0,3,0,0,12,3,0,7,0,0,0,0,3,0,0,0,1,3,33,338,13,13030
14495,5317,Maggia,21,Ticino,10042,Distretto di Vallemaggia,0,3,0,0,12,3,0,7,5113810,0,0,4,3,5113910,5113,4,1,3,23,237,13,13020
14497,5323,Lavizzara,21,Ticino,10042,Distretto di Vallemaggia,0,3,0,0,12,3,0,7,0,0,0,0,3,0,0,0,1,3,33,338,13,13020
14499,5249,Castel San Pietro,21,Ticino,10002,Distretto di Mendrisio,5192960,2,5192960,0,12,2,0,7,5250801,0,0,2,3,5250910,5250,4,1,1,12,122,14,14020
14504,6056,Ernen,23,Valais / Wallis,10032,Bezirk Goms,0,3,0,0,11,3,0,1,0,0,0,0,1,0,0,0,1,3,33,338,7,7090
14510,2011,Cugy (FR),10,Fribourg / Freiburg,10107,District de la Broye,0,3,0,0,13,3,0,2,0,0,0,0,2,0,0,0,0,3,32,326,4,4010
14511,2051,Delley-Portalban,10,Fribourg / Freiburg,10107,District de la Broye,0,3,0,0,13,3,0,2,0,0,0,0,2,0,0,0,0,3,32,327,4,4010
14515,2974,Wilchingen,14,Schaffhausen,10086,Bezirk Unterklettgau,0,3,0,0,2,3,0,5,0,0,0,5,1,0,0,0,0,3,23,236,12,12020
14518,5003,Cadenazzo,21,Ticino,10007,Distretto di Bellinzona,0,2,0,0,12,3,0,7,0,0,0,5,3,0,0,0,1,2,21,217,13,13040
14519,5237,Alto Malcantone,21,Ticino,10003,Distretto di Lugano,5192960,3,5192960,0,12,3,0,7,5192810,0,0,4,3,5192910,5192,3,1,3,23,237,14,14010
14526,2025,Lully (FR),10,Fribourg / Freiburg,10107,District de la Broye,0,3,0,0,13,3,0,2,0,0,0,0,2,0,0,0,0,3,32,327,4,4010
14528,2125,Bulle,10,Fribourg / Freiburg,10105,District de la Gruyère,0,2,0,0,13,2,0,2,2125801,1,2125,1,2,2125901,2125,5,1,1,13,136,4,4020
14529,2276,Ried bei Kerzers,10,Fribourg / Freiburg,10103,Bezirk See / District du Lac,351960,2,351960,0,13,3,0,2,0,0,0,0,1,0,0,0,0,3,32,325,6,6011
14530,2123,Botterens,10,Fribourg / Freiburg,10105,District de la Gruyère,0,3,0,0,13,3,0,2,0,0,0,0,2,0,0,0,1,3,32,326,4,4020
14531,2503,Erlinsbach (SO),11,Solothurn,10084,Bezirk Gösgen,0,2,4001960,0,14,2,0,2,4001801,0,0,2,1,4001910,4001,3,0,1,12,123,10,10020
14533,4005,Erlinsbach (AG),19,Aargau,10026,Bezirk Aarau,0,2,4001960,0,14,2,0,3,4001801,0,0,2,1,4001910,4001,3,0,1,12,123,10,10020
14534,4049,Ehrendingen,19,Aargau,10025,Bezirk Baden,261960,2,261960,0,14,2,0,3,0,0,0,5,1,0,0,0,0,2,22,227,12,12010
14535,4121,Villigen,19,Aargau,10023,Bezirk Brugg,0,2,0,0,14,2,0,3,0,0,0,5,1,0,0,0,0,2,22,227,12,12010
14540,5401,Aigle,22,Vaud,10273,District d'Aigle,0,2,5586960,0,9,2,0,1,0,1,5401,6,2,0,95401,0,1,1,13,137,2,2060
14541,5402,Bex,22,Vaud,10273,District d'Aigle,0,2,5586960,0,9,2,0,1,0,0,0,0,2,0,0,0,1,2,31,317,2,2060
14542,5830,Villarzel,22,Vaud,10274,District de la Broye-Vully,0,3,5586960,0,9,3,0,1,0,0,0,0,2,0,0,0,0,3,32,325,4,4010
14544,5928,Rovray,22,Vaud,10276,District du Jura-Nord vaudois,0,3,0,0,9,3,0,1,0,0,0,5,2,0,0,0,0,3,23,235,2,2030
14545,5790,Maracon,22,Vaud,10278,District de Lavaux-Oron,5586960,3,5586960,0,9,3,0,1,0,0,0,5,2,0,0,0,1,3,23,236,2,2024
14546,5456,Cudrefin,22,Vaud,10274,District de la Broye-Vully,0,3,0,0,9,3,0,1,0,0,0,5,2,0,0,0,0,3,23,237,6,6011
14547,5487,Lussery-Villars,22,Vaud,10275,District du Gros-de-Vaud,5586960,3,5586960,0,9,3,0,1,5586810,0,0,4,2,5586910,5586,2,0,3,23,235,2,2022
14549,5761,Romainmôtier-Envy,22,Vaud,10276,District du Jura-Nord vaudois,5586960,3,5586960,0,9,3,0,1,0,0,0,0,2,0,0,0,0,3,32,326,2,2010
14550,5886,Montreux,22,Vaud,10282,District de la Riviera-Pays-d'Enhaut,5586960,1,5586960,5886950,9,2,0,1,5890801,1,5886,1,2,5890901,5890,4,1,1,12,121,2,2050
14552,5512,Bercher,22,Vaud,10275,District du Gros-de-Vaud,5586960,3,5586960,0,9,3,0,1,5586810,0,0,4,2,5586910,5586,2,0,2,22,227,2,2023
14553,5760,Rances,22,Vaud,10276,District du Jura-Nord vaudois,5586960,3,5586960,0,9,3,0,1,0,0,0,5,2,0,0,0,0,3,23,237,2,2030
14555,5495,Penthalaz,22,Vaud,10275,District du Gros-de-Vaud,5586960,2,5586960,0,9,2,0,1,5586810,0,0,4,2,5586910,5586,2,0,2,21,217,2,2023
14556,5496,Penthaz,22,Vaud,10275,District du Gros-de-Vaud,5586960,2,5586960,0,9,2,0,1,5586810,0,0,4,2,5586910,5586,2,0,2,21,216,2,2023
14557,5531,Penthéréaz,22,Vaud,10275,District du Gros-de-Vaud,5586960,3,5586960,0,9,3,0,1,5586810,0,0,4,2,5586910,5586,2,0,3,23,236,2,2023
14558,5860,Perroy,22,Vaud,10280,District de Nyon,5586960,2,5586960,0,9,2,0,1,0,0,0,5,2,0,0,0,0,2,22,227,2,2021
14560,5822,Payerne,22,Vaud,10274,District de la Broye-Vully,0,2,0,0,9,2,0,1,0,1,5822,6,2,0,95822,0,0,1,13,137,4,4010
14562,5529,Oulens-sous-Echallens,22,Vaud,10275,District du Gros-de-Vaud,5586960,3,5586960,0,9,3,0,1,5586810,0,0,4,2,5586910,5586,2,0,3,23,237,2,2023
14563,5925,Orzens,22,Vaud,10276,District du Jura-Nord vaudois,5586960,3,5586960,0,9,3,0,1,0,0,0,5,2,0,0,0,0,3,23,236,2,2030
14565,5530,Pailly,22,Vaud,10275,District du Gros-de-Vaud,5586960,3,5586960,0,9,3,0,1,0,0,0,5,2,0,0,0,0,3,23,235,2,2030
14568,5588,Paudex,22,Vaud,10278,District de Lavaux-Oron,5586960,1,5586960,5586950,9,1,5586950,1,5586801,0,0,2,2,5586910,5586,2,0,1,11,112,2,2024
14569,5759,Premier,22,Vaud,10276,District du Jura-Nord vaudois,5586960,3,5586960,0,9,3,0,1,0,0,0,0,2,0,0,0,1,3,32,325,2,2010
14570,5643,Préverenges,22,Vaud,10279,District de Morges,5586960,1,5586960,5586950,9,2,0,1,5586801,0,0,2,2,5586910,5586,2,0,1,11,113,2,2022
14571,5683,Prévonloup,22,Vaud,10274,District de la Broye-Vully,0,3,5586960,0,9,3,0,1,0,0,0,0,2,0,0,0,0,3,32,325,4,4010
14572,5566,Provence,22,Vaud,10276,District du Jura-Nord vaudois,0,3,0,0,9,3,0,1,0,0,0,0,2,0,0,0,1,3,32,325,2,2030
14573,5607,Puidoux,22,Vaud,10278,District de Lavaux-Oron,5586960,2,5586960,0,9,2,0,1,5586810,0,0,4,2,5586910,5586,2,0,2,21,217,2,2050
14574,5590,Pully,22,Vaud,10278,District de Lavaux-Oron,5586960,1,5586960,5586950,9,1,5586950,1,5586801,1,5590,2,2,5586910,5586,2,0,1,11,113,2,2024
14575,5589,Prilly,22,Vaud,10281,District de l'Ouest lausannois,5586960,1,5586960,5586950,9,1,5586950,1,5586801,1,5589,2,2,5586910,5586,2,0,1,11,112,2,2023
14577,5533,Poliez-Pittet,22,Vaud,10275,District du Gros-de-Vaud,5586960,3,5586960,0,9,3,0,1,5586810,0,0,4,2,5586910,5586,2,0,3,23,236,2,2023
14578,5497,Pompaples,22,Vaud,10279,District de Morges,5586960,3,5586960,0,9,3,0,1,0,0,0,0,2,0,0,0,0,3,32,327,2,2022
14579,5926,Pomy,22,Vaud,10276,District du Jura-Nord vaudois,0,2,5586960,0,9,2,0,1,5938810,0,0,4,2,5938910,5938,5,0,3,23,237,2,2030
14580,5591,Renens (VD),22,Vaud,10281,District de l'Ouest lausannois,5586960,1,5586960,5586950,9,1,5586950,1,5586801,1,5591,2,2,5586910,5586,2,0,1,11,112,2,2022
14582,5725,Prangins,22,Vaud,10280,District de Nyon,6621960,2,6621960,0,9,2,0,1,6621801,0,0,3,2,6621910,6621,1,0,1,11,112,1,1014
14583,5437,Saubraz,22,Vaud,10279,District de Morges,0,3,5586960,0,9,3,0,1,0,0,0,5,2,0,0,0,0,2,22,226,2,2021
14584,5611,Savigny,22,Vaud,10278,District de Lavaux-Oron,5586960,3,5586960,0,9,3,0,1,5586810,0,0,4,2,5586910,5586,2,0,3,23,237,2,2024
14586,5436,Saint-Oyens,22,Vaud,10279,District de Morges,6621960,3,6621960,0,9,3,0,1,0,0,0,5,2,0,0,0,0,3,23,237,2,2021
14587,5646,Saint-Prex,22,Vaud,10279,District de Morges,5586960,2,5586960,0,9,2,0,1,5586810,0,0,4,2,5586910,5586,2,0,2,21,216,2,2021
14588,5610,Saint-Saphorin (Lavaux),22,Vaud,10278,District de Lavaux-Oron,5586960,2,5586960,0,9,2,0,1,5586810,0,0,4,2,5586910,5586,2,1,2,22,227,2,2050
14590,5648,Saint-Sulpice (VD),22,Vaud,10281,District de l'Ouest lausannois,5586960,1,5586960,5586950,9,2,0,1,5586801,0,0,2,2,5586910,5586,2,0,1,11,113,2,2022
14591,5568,Sainte-Croix,22,Vaud,10276,District du Jura-Nord vaudois,0,3,0,0,9,3,0,1,0,0,0,0,2,0,0,0,1,2,31,316,2,2030
14594,5499,Senarclens,22,Vaud,10279,District de Morges,5586960,3,5586960,0,9,3,0,1,5586810,0,0,4,2,5586910,5586,2,0,3,23,237,2,2022
14595,5762,Sergey,22,Vaud,10276,District du Jura-Nord vaudois,5586960,3,5586960,0,9,3,0,1,0,0,0,5,2,0,0,0,0,3,23,235,2,2030
14598,5728,Signy-Avenex,22,Vaud,10280,District de Nyon,6621960,2,6621960,0,9,2,0,1,6621810,0,0,4,2,6621910,6621,1,0,2,22,227,1,1014
14601,5435,Saint-Livres,22,Vaud,10279,District de Morges,5586960,2,5586960,0,9,2,0,1,0,0,0,5,2,0,0,0,0,3,23,235,2,2021
14602,5609,Rivaz,22,Vaud,10278,District de Lavaux-Oron,5586960,2,5586960,0,9,2,0,1,5586810,0,0,4,2,5586910,5586,2,0,2,21,217,2,2050
14603,5413,Roche (VD),22,Vaud,10273,District d'Aigle,0,2,5586960,0,9,3,0,1,0,0,0,5,2,0,0,0,1,2,22,226,2,2050
14604,5861,Rolle,22,Vaud,10280,District de Nyon,6621960,2,6621960,0,9,2,0,1,0,0,0,5,2,0,0,0,0,2,21,217,2,2021
14605,5592,Romanel-sur-Lausanne,22,Vaud,10277,District de Lausanne,5586960,2,5586960,0,9,2,0,1,5586801,0,0,2,2,5586910,5586,2,0,1,11,113,2,2023
14606,5645,Romanel-sur-Morges,22,Vaud,10279,District de Morges,5586960,2,5586960,0,9,3,0,1,5586810,0,0,4,2,5586910,5586,2,0,3,23,236,2,2022
14607,5798,Ropraz,22,Vaud,10274,District de la Broye-Vully,5586960,3,5586960,0,9,3,0,1,5586810,0,0,4,2,5586910,5586,2,0,3,23,237,2,2024
14609,5842,Rossinière,22,Vaud,10282,District de la Riviera-Pays-d'Enhaut,0,3,0,0,9,3,0,1,0,0,0,0,2,0,0,0,1,3,33,338,9,9010
14611,5684,Rossenges,22,Vaud,10274,District de la Broye-Vully,5586960,3,5586960,0,9,3,0,1,5586810,0,0,4,2,5586910,5586,2,0,3,23,235,2,2024
14612,5535,Saint-Barthélemy (VD),22,Vaud,10275,District du Gros-de-Vaud,5586960,3,5586960,0,9,3,0,1,5586810,0,0,4,2,5586910,5586,2,0,3,23,237,2,2023
14613,5727,Saint-Cergue,22,Vaud,10280,District de Nyon,6621960,3,6621960,0,9,3,0,1,6621810,0,0,4,2,6621910,6621,1,1,2,22,227,1,1014
14615,5434,Saint-George,22,Vaud,10280,District de Nyon,6621960,3,0,0,9,3,0,1,0,0,0,5,2,0,0,0,1,3,23,237,1,1014
14616,5412,Rennaz,22,Vaud,10273,District d'Aigle,0,2,5586960,0,9,3,0,1,0,0,0,6,2,0,95414,0,1,1,13,137,2,2050
14617,5564,Novalles,22,Vaud,10276,District du Jura-Nord vaudois,0,3,0,0,9,3,0,1,0,0,0,5,2,0,0,0,1,3,23,235,2,2030
14618,5843,Rougemont,22,Vaud,10282,District de la Riviera-Pays-d'Enhaut,0,3,0,0,9,3,0,1,0,0,0,0,2,0,0,0,1,3,33,338,9,9010
14619,5534,Rueyres,22,Vaud,10275,District du Gros-de-Vaud,5586960,3,5586960,0,9,3,0,1,0,0,0,5,2,0,0,0,0,2,22,226,2,2023
14620,5408,Noville,22,Vaud,10273,District d'Aigle,0,2,5586960,0,9,3,0,1,0,0,0,6,2,0,95414,0,1,1,13,136,2,2050
14621,5755,Lignerolle,22,Vaud,10276,District du Jura-Nord vaudois,5586960,3,5586960,0,9,3,0,1,0,0,0,0,2,0,0,0,1,3,32,325,2,2030
14622,5638,Lonay,22,Vaud,10279,District de Morges,5586960,1,5586960,5586950,9,2,0,1,5586801,0,0,2,2,5586910,5586,2,0,1,11,112,2,2022
14623,5674,Lovatens,22,Vaud,10274,District de la Broye-Vully,5586960,3,5586960,0,9,3,0,1,0,0,0,0,2,0,0,0,0,3,32,325,4,4010
14624,5429,Longirod,22,Vaud,10280,District de Nyon,6621960,2,6621960,0,9,3,0,1,6621810,0,0,4,2,6621910,6621,1,1,3,23,235,1,1014
14625,5407,Leysin,22,Vaud,10273,District d'Aigle,0,3,0,0,9,3,0,1,0,0,0,0,2,0,0,0,1,2,31,314,2,2060
14627,5750,Les Clées,22,Vaud,10276,District du Jura-Nord vaudois,5586960,3,5586960,0,9,3,0,1,0,0,0,0,2,0,0,0,0,3,32,327,2,2030
14631,5430,Marchissy,22,Vaud,10280,District de Nyon,6621960,2,6621960,0,9,3,0,1,6621810,0,0,4,2,6621910,6621,1,1,3,23,235,1,1014
14633,5562,Mauborget,22,Vaud,10276,District du Jura-Nord vaudois,0,3,0,0,9,3,0,1,0,0,0,0,2,0,0,0,1,3,32,325,2,2030
14634,5919,Mathod,22,Vaud,10276,District du Jura-Nord vaudois,5586960,3,5586960,0,9,3,0,1,0,0,0,5,2,0,0,0,0,3,23,235,2,2030
14636,5639,Lully (VD),22,Vaud,10279,District de Morges,5586960,2,5586960,0,9,2,0,1,5586801,0,0,2,2,5586910,5586,2,0,1,11,113,2,2022
14637,5640,Lussy-sur-Morges,22,Vaud,10279,District de Morges,5586960,2,5586960,0,9,2,0,1,5586810,0,0,4,2,5586910,5586,2,0,2,22,227,2,2022
14638,5858,Luins,22,Vaud,10280,District de Nyon,6621960,2,6621960,0,9,3,0,1,6621810,0,0,4,2,6621910,6621,1,0,2,22,227,1,1014
14639,5731,Le Vaud,22,Vaud,10280,District de Nyon,6621960,2,6621960,0,9,3,0,1,6621810,0,0,4,2,6621910,6621,1,0,2,22,227,1,1014
14640,5606,Lutry,22,Vaud,10278,District de Lavaux-Oron,5586960,1,5586960,5586950,9,1,5586950,1,5586801,0,0,2,2,5586910,5586,2,0,1,11,113,2,2024
14642,5885,Jongny,22,Vaud,10282,District de la Riviera-Pays-d'Enhaut,5586960,2,5586960,0,9,2,0,1,5890801,0,0,2,2,5890910,5890,4,0,1,12,123,2,2050
14643,5754,Juriens,22,Vaud,10276,District du Jura-Nord vaudois,5586960,3,5586960,0,9,3,0,1,0,0,0,0,2,0,0,0,1,3,32,325,2,2010
14644,5585,Jouxtens-Mézery,22,Vaud,10277,District de Lausanne,5586960,2,5586960,0,9,2,0,1,5586801,0,0,2,2,5586910,5586,2,0,1,11,113,2,2023
14645,5406,Lavey-Morcles,22,Vaud,10273,District d'Aigle,0,2,5586960,0,9,3,0,1,0,0,0,0,2,0,0,0,1,2,31,317,2,2040
14646,5872,Le Chenit,22,Vaud,10276,District du Jura-Nord vaudois,0,3,0,0,9,3,0,1,0,0,0,0,2,0,0,0,1,2,31,316,2,2010
14647,5587,Le Mont-sur-Lausanne,22,Vaud,10277,District de Lausanne,5586960,1,5586960,5586950,9,1,5586950,1,5586801,1,5587,2,2,5586910,5586,2,0,1,11,112,2,2023
14648,5873,Le Lieu,22,Vaud,10276,District du Jura-Nord vaudois,0,3,0,0,9,3,0,1,0,0,0,0,2,0,0,0,1,3,33,338,2,2010
14649,5586,Lausanne,22,Vaud,10277,District de Lausanne,5586960,1,5586960,5586950,9,1,5586950,1,5586801,1,5586,1,2,5586901,5586,2,0,1,11,111,2,2024
14650,5637,Lavigny,22,Vaud,10279,District de Morges,5586960,2,5586960,0,9,2,0,1,0,0,0,5,2,0,0,0,0,2,22,227,2,2021
14651,5474,La Chaux (Cossonay),22,Vaud,10279,District de Morges,5586960,3,5586960,0,9,3,0,1,5586810,0,0,4,2,5586910,5586,2,0,3,23,237,2,2022
14652,5486,L'Isle,22,Vaud,10279,District de Morges,5586960,3,5586960,0,9,3,0,1,0,0,0,0,2,0,0,0,0,3,32,327,2,2022
14653,5741,L'Abergement,22,Vaud,10276,District du Jura-Nord vaudois,5586960,3,5586960,0,9,3,0,1,0,0,0,5,2,0,0,0,1,3,23,235,2,2030
14654,5871,L'Abbaye,22,Vaud,10276,District du Jura-Nord vaudois,0,3,0,0,9,3,0,1,0,0,0,0,2,0,0,0,1,3,33,338,2,2010
14655,5758,La Praz,22,Vaud,10276,District du Jura-Nord vaudois,5586960,3,5586960,0,9,3,0,1,0,0,0,0,2,0,0,0,1,3,32,325,2,2022
14656,5889,La Tour-de-Peilz,22,Vaud,10282,District de la Riviera-Pays-d'Enhaut,5586960,1,5586960,5886950,9,2,0,1,5890801,1,5889,2,2,5890910,5890,4,1,1,12,123,2,2050
14657,5498,La Sarraz,22,Vaud,10279,District de Morges,5586960,3,5586960,0,9,3,0,1,5586810,0,0,4,2,5586910,5586,2,0,2,22,227,2,2022
14658,5726,La Rippe,22,Vaud,10280,District de Nyon,6621960,2,6621960,0,9,2,0,1,6621810,0,0,4,2,6621910,6621,1,1,3,23,237,1,1014
14659,5724,Nyon,22,Vaud,10280,District de Nyon,6621960,2,6621960,0,9,2,0,1,6621801,1,5724,3,2,6621910,6621,1,0,1,11,112,1,1014
14661,5563,Mutrux,22,Vaud,10276,District du Jura-Nord vaudois,0,3,0,0,9,3,0,1,0,0,0,0,2,0,0,0,1,3,32,325,2,2030
14663,5409,Ollon,22,Vaud,10273,District d'Aigle,0,3,5586960,0,9,3,0,1,0,0,0,0,2,0,0,0,1,2,31,314,2,2060
14665,5680,Ogens,22,Vaud,10275,District du Gros-de-Vaud,5586960,3,5586960,0,9,3,0,1,0,0,0,5,2,0,0,0,0,3,23,236,2,2023
14666,5923,Oppens,22,Vaud,10275,District du Gros-de-Vaud,5586960,3,5586960,0,9,3,0,1,0,0,0,5,2,0,0,0,0,3,23,235,2,2030
14668,5493,Orny,22,Vaud,10279,District de Morges,5586960,3,5586960,0,9,3,0,1,0,0,0,0,2,0,0,0,0,3,32,325,2,2022
14669,5411,Ormont-Dessus,22,Vaud,10273,District d'Aigle,0,3,0,0,9,3,0,1,0,0,0,0,2,0,0,0,1,3,33,334,2,2060
14670,5410,Ormont-Dessous,22,Vaud,10273,District d'Aigle,0,3,0,0,9,3,0,1,0,0,0,0,2,0,0,0,1,3,33,338,2,2060
14671,5924,Orges,22,Vaud,10276,District du Jura-Nord vaudois,0,3,0,0,9,3,0,1,5938810,0,0,4,2,5938910,5938,5,0,3,23,236,2,2030
14672,5565,Onnens (VD),22,Vaud,10276,District du Jura-Nord vaudois,0,3,0,0,9,3,0,1,0,0,0,5,2,0,0,0,0,3,23,237,2,2030
14673,5757,Orbe,22,Vaud,10276,District du Jura-Nord vaudois,5586960,2,5586960,0,9,2,0,1,0,0,0,5,2,0,0,0,0,2,21,216,2,2030
14676,5489,Mex (VD),22,Vaud,10275,District du Gros-de-Vaud,5586960,2,5586960,0,9,2,0,1,5586810,0,0,4,2,5586910,5586,2,0,3,23,236,2,2022
14678,5921,Molondin,22,Vaud,10276,District du Jura-Nord vaudois,5586960,3,5586960,0,9,3,0,1,0,0,0,5,2,0,0,0,0,3,23,237,2,2030
14679,5431,Mollens (VD),22,Vaud,10279,District de Morges,5586960,3,5586960,0,9,3,0,1,0,0,0,0,2,0,0,0,1,3,32,325,2,2021
14680,5723,Mies,22,Vaud,10280,District de Nyon,6621960,2,6621960,0,9,2,0,1,6621801,0,0,3,2,6621910,6621,1,0,1,11,113,1,1013
14681,5490,Moiry,22,Vaud,10279,District de Morges,5586960,3,5586960,0,9,3,0,1,0,0,0,0,2,0,0,0,0,3,32,325,2,2022
14682,5821,Missy,22,Vaud,10274,District de la Broye-Vully,0,3,0,0,9,3,0,1,0,0,0,0,2,0,0,0,0,3,32,325,4,4010
14683,5488,Mauraz,22,Vaud,10279,District de Morges,5586960,3,5586960,0,9,3,0,1,0,0,0,5,2,0,0,0,0,3,23,235,2,2022
14685,5678,Moudon,22,Vaud,10274,District de la Broye-Vully,5586960,2,5586960,0,9,3,0,1,5586810,0,0,4,2,5586910,5586,2,0,2,21,217,2,2024
14686,5491,Mont-la-Ville,22,Vaud,10279,District de Morges,0,3,5586960,0,9,3,0,1,0,0,0,0,2,0,0,0,1,3,32,325,2,2022
14687,5527,Morrens (VD),22,Vaud,10275,District du Gros-de-Vaud,5586960,2,5586960,0,9,2,0,1,5586810,0,0,4,2,5586910,5586,2,0,2,22,227,2,2023
14689,5756,Montcherand,22,Vaud,10276,District du Jura-Nord vaudois,5586960,2,5586960,0,9,2,0,1,0,0,0,5,2,0,0,0,0,3,23,236,2,2030
14690,5642,Morges,22,Vaud,10279,District de Morges,5586960,1,5586960,5586950,9,2,0,1,5586801,1,5642,2,2,5586910,5586,2,0,1,11,112,2,2022
14691,5922,Montagny-près-Yverdon,22,Vaud,10276,District du Jura-Nord vaudois,0,2,0,0,9,2,0,1,5938801,0,0,2,2,5938910,5938,5,0,1,13,137,2,2030
14694,5859,Mont-sur-Rolle,22,Vaud,10280,District de Nyon,6621960,2,6621960,0,9,2,0,1,0,0,0,5,2,0,0,0,0,2,21,217,2,2021
14695,5492,Montricher,22,Vaud,10279,District de Morges,5586960,3,5586960,0,9,3,0,1,0,0,0,0,2,0,0,0,1,3,32,327,2,2022
14697,5792,Montpreveyres,22,Vaud,10278,District de Lavaux-Oron,5586960,3,5586960,0,9,3,0,1,5586810,0,0,4,2,5586910,5586,2,0,3,23,237,2,2024
14698,5673,Hermenches,22,Vaud,10274,District de la Broye-Vully,5586960,3,5586960,0,9,3,0,1,5586810,0,0,4,2,5586910,5586,2,0,3,23,235,2,2024
14699,5914,Ependes (VD),22,Vaud,10276,District du Jura-Nord vaudois,5586960,3,5586960,0,9,3,0,1,0,0,0,5,2,0,0,0,0,3,23,237,2,2030
14701,5584,Epalinges,22,Vaud,10277,District de Lausanne,5586960,1,5586960,5586950,9,1,5586950,1,5586801,0,0,2,2,5586910,5586,2,0,1,11,113,2,2024
14702,5521,Etagnières,22,Vaud,10275,District du Gros-de-Vaud,5586960,2,5586960,0,9,2,0,1,5586810,0,0,4,2,5586910,5586,2,0,2,22,227,2,2023
14703,5636,Etoy,22,Vaud,10279,District de Morges,5586960,2,5586960,0,9,2,0,1,0,0,0,5,2,0,0,0,0,2,21,217,2,2021
14704,5856,Essertines-sur-Rolle,22,Vaud,10280,District de Nyon,6621960,3,6621960,0,9,3,0,1,0,0,0,5,2,0,0,0,0,3,23,235,2,2021
14706,5716,Eysins,22,Vaud,10280,District de Nyon,6621960,2,6621960,0,9,2,0,1,6621801,0,0,3,2,6621910,6621,1,0,1,11,112,1,1014
14707,5819,Henniez,22,Vaud,10274,District de la Broye-Vully,0,3,5586960,0,9,3,0,1,0,0,0,0,2,0,0,0,0,3,32,326,4,4010
14708,5520,Essertines-sur-Yverdon,22,Vaud,10275,District du Gros-de-Vaud,5586960,3,5586960,0,9,3,0,1,0,0,0,5,2,0,0,0,0,3,23,237,2,2030
14711,5715,Duillier,22,Vaud,10280,District de Nyon,6621960,2,6621960,0,9,2,0,1,6621810,0,0,4,2,6621910,6621,1,0,3,23,236,1,1014
14712,5855,Dully,22,Vaud,10280,District de Nyon,6621960,2,6621960,0,9,2,0,1,6621810,0,0,4,2,6621910,6621,1,0,2,22,227,1,1014
14715,5671,Dompierre (VD),22,Vaud,10274,District de la Broye-Vully,0,3,5586960,0,9,3,0,1,0,0,0,0,2,0,0,0,0,3,32,325,4,4010
14716,5482,Eclépens,22,Vaud,10279,District de Morges,5586960,3,5586960,0,9,3,0,1,5586810,0,0,4,2,5586910,5586,2,0,2,22,226,2,2030
14717,5518,Echallens,22,Vaud,10275,District du Gros-de-Vaud,5586960,2,5586960,0,9,2,0,1,5586810,0,0,4,2,5586910,5586,2,0,2,21,217,2,2023
14718,5633,Echandens,22,Vaud,10279,District de Morges,5586960,1,5586960,5586950,9,2,0,1,5586801,0,0,2,2,5586910,5586,2,0,1,11,112,2,2022
14721,5635,Ecublens (VD),22,Vaud,10281,District de l'Ouest lausannois,5586960,1,5586960,5586950,9,1,5586950,1,5586801,1,5635,2,2,5586910,5586,2,0,1,11,112,2,2022
14725,5561,Grandson,22,Vaud,10276,District du Jura-Nord vaudois,0,2,0,0,9,2,0,1,5938810,0,0,4,2,5938910,5938,5,0,2,22,227,2,2030
14726,5718,Genolier,22,Vaud,10280,District de Nyon,6621960,2,6621960,0,9,2,0,1,6621810,0,0,4,2,6621910,6621,1,0,2,22,227,1,1014
14728,5722,Grens,22,Vaud,10280,District de Nyon,6621960,2,6621960,0,9,2,0,1,6621810,0,0,4,2,6621910,6621,1,0,2,22,226,1,1014
14729,5817,Grandcour,22,Vaud,10274,District de la Broye-Vully,0,3,0,0,9,3,0,1,0,0,0,0,2,0,0,0,0,3,32,326,4,4010
14730,5428,Gimel,22,Vaud,10279,District de Morges,0,3,5586960,0,9,3,0,1,0,0,0,5,2,0,0,0,1,2,22,227,2,2021
14731,5719,Gingins,22,Vaud,10280,District de Nyon,6621960,2,6621960,0,9,2,0,1,6621810,0,0,4,2,6621910,6621,1,1,2,22,226,1,1014
14732,5560,Grandevent,22,Vaud,10276,District du Jura-Nord vaudois,0,3,0,0,9,3,0,1,0,0,0,5,2,0,0,0,1,3,23,235,2,2030
14733,5721,Gland,22,Vaud,10280,District de Nyon,6621960,2,6621960,0,9,2,0,1,6621801,1,5721,3,2,6621910,6621,1,0,1,11,112,1,1014
14734,5484,Gollion,22,Vaud,10279,District de Morges,5586960,3,5586960,0,9,3,0,1,5586810,0,0,4,2,5586910,5586,2,0,3,23,237,2,2022
14735,5720,Givrins,22,Vaud,10280,District de Nyon,6621960,2,6621960,0,9,2,0,1,6621810,0,0,4,2,6621910,6621,1,0,2,22,227,1,1014
14736,5485,Grancy,22,Vaud,10279,District de Morges,5586960,3,5586960,0,9,3,0,1,5586810,0,0,4,2,5586910,5586,2,0,3,23,236,2,2022
14739,5857,Gilly,22,Vaud,10280,District de Nyon,6621960,2,6621960,0,9,2,0,1,6621810,0,0,4,2,6621910,6621,1,0,2,22,227,1,1014
14741,5559,Giez,22,Vaud,10276,District du Jura-Nord vaudois,0,3,0,0,9,3,0,1,0,0,0,5,2,0,0,0,0,3,23,236,2,2030
14742,5556,Fiez,22,Vaud,10276,District du Jura-Nord vaudois,0,3,0,0,9,3,0,1,0,0,0,5,2,0,0,0,1,3,23,237,2,2030
14743,5427,Féchy,22,Vaud,10279,District de Morges,5586960,2,5586960,0,9,2,0,1,0,0,0,5,2,0,0,0,0,3,23,237,2,2021
14744,5522,Fey,22,Vaud,10275,District du Gros-de-Vaud,5586960,3,5586960,0,9,3,0,1,5586810,0,0,4,2,5586910,5586,2,0,3,23,236,2,2023
14746,5483,Ferreyres,22,Vaud,10279,District de Morges,5586960,3,5586960,0,9,3,0,1,5586810,0,0,4,2,5586910,5586,2,0,3,23,237,2,2022
14747,5405,Gryon,22,Vaud,10273,District d'Aigle,0,3,0,0,9,3,0,1,0,0,0,0,2,0,0,0,1,3,33,338,2,2060
14748,5523,Froideville,22,Vaud,10275,District du Gros-de-Vaud,5586960,3,5586960,0,9,3,0,1,5586810,0,0,4,2,5586910,5586,2,0,2,22,227,2,2023
14749,5458,Faoug,22,Vaud,10274,District de la Broye-Vully,351960,3,351960,0,9,3,0,1,0,0,0,0,2,0,0,0,0,3,32,327,4,4010
14750,5717,Founex,22,Vaud,10280,District de Nyon,6621960,2,6621960,0,9,2,0,1,6621801,0,0,3,2,6621910,6621,1,0,1,11,113,1,1013
14751,5557,Fontaines-sur-Grandson,22,Vaud,10276,District du Jura-Nord vaudois,0,3,0,0,9,3,0,1,0,0,0,5,2,0,0,0,1,3,23,235,2,2030
14753,5604,Forel (Lavaux),22,Vaud,10278,District de Lavaux-Oron,5586960,3,5586960,0,9,3,0,1,5586810,0,0,4,2,5586910,5586,2,0,3,23,236,2,2024
14755,5471,Bettens,22,Vaud,10275,District du Gros-de-Vaud,5586960,3,5586960,0,9,3,0,1,5586810,0,0,4,2,5586910,5586,2,0,3,23,237,2,2023
14756,5903,Bioley-Magnoux,22,Vaud,10276,District du Jura-Nord vaudois,5586960,3,5586960,0,9,3,0,1,0,0,0,5,2,0,0,0,0,3,23,235,2,2030
14757,5425,Bière,22,Vaud,10279,District de Morges,0,3,5586960,0,9,3,0,1,0,0,0,0,2,0,0,0,1,3,32,327,2,2021
14759,5902,Belmont-sur-Yverdon,22,Vaud,10276,District du Jura-Nord vaudois,5586960,3,5586960,0,9,3,0,1,0,0,0,5,2,0,0,0,0,3,23,235,2,2030
14760,5581,Belmont-sur-Lausanne,22,Vaud,10278,District de Lavaux-Oron,5586960,1,5586960,5586950,9,1,5586950,1,5586801,0,0,2,2,5586910,5586,2,0,1,11,113,2,2024
14761,5704,Begnins,22,Vaud,10280,District de Nyon,6621960,2,6621960,0,9,2,0,1,6621810,0,0,4,2,6621910,6621,1,0,2,22,227,1,1014
14763,5424,Berolle,22,Vaud,10279,District de Morges,5586960,3,5586960,0,9,3,0,1,0,0,0,5,2,0,0,0,1,3,23,235,2,2021
14764,5426,Bougy-Villars,22,Vaud,10279,District de Morges,6621960,2,6621960,0,9,2,0,1,0,0,0,5,2,0,0,0,0,3,23,237,2,2021
14765,5473,Boussens,22,Vaud,10275,District du Gros-de-Vaud,5586960,2,5586960,0,9,3,0,1,5586810,0,0,4,2,5586910,5586,2,0,3,23,237,2,2023
14766,5472,Bournens,22,Vaud,10275,District du Gros-de-Vaud,5586960,2,5586960,0,9,3,0,1,5586810,0,0,4,2,5586910,5586,2,0,3,23,235,2,2023
14767,5661,Boulens,22,Vaud,10275,District du Gros-de-Vaud,5586960,3,5586960,0,9,3,0,1,5586810,0,0,4,2,5586910,5586,2,0,3,23,236,2,2023
14769,5748,Bretonnières,22,Vaud,10276,District du Jura-Nord vaudois,5586960,3,5586960,0,9,3,0,1,0,0,0,0,2,0,0,0,0,3,32,325,2,2010
14770,5622,Bremblens,22,Vaud,10279,District de Morges,5586960,2,5586960,0,9,3,0,1,5586810,0,0,4,2,5586910,5586,2,0,3,23,236,2,2022
14771,5514,Bottens,22,Vaud,10275,District du Gros-de-Vaud,5586960,3,5586960,0,9,3,0,1,5586810,0,0,4,2,5586910,5586,2,0,3,23,237,2,2023
14772,5515,Bretigny-sur-Morrens,22,Vaud,10275,District du Gros-de-Vaud,5586960,2,5586960,0,9,2,0,1,5586810,0,0,4,2,5586910,5586,2,0,2,22,227,2,2023
14773,5747,Bofflens,22,Vaud,10276,District du Jura-Nord vaudois,5586960,3,5586960,0,9,3,0,1,0,0,0,0,2,0,0,0,0,3,32,325,2,2030
14775,5706,Borex,22,Vaud,10280,District de Nyon,6621960,2,6621960,0,9,2,0,1,6621810,0,0,4,2,6621910,6621,1,0,2,22,227,1,1014
14776,5705,Bogis-Bossey,22,Vaud,10280,District de Nyon,6621960,2,6621960,0,9,2,0,1,6621801,0,0,3,2,6621910,6621,1,0,1,11,113,1,1013
14777,5551,Bonvillars,22,Vaud,10276,District du Jura-Nord vaudois,0,3,0,0,9,3,0,1,0,0,0,5,2,0,0,0,0,2,22,226,2,2030
14778,5743,Arnex-sur-Orbe,22,Vaud,10276,District du Jura-Nord vaudois,5586960,3,5586960,0,9,3,0,1,0,0,0,0,2,0,0,0,0,3,32,325,2,2030
14779,5701,Arnex-sur-Nyon,22,Vaud,10280,District de Nyon,6621960,3,6621960,0,9,3,0,1,6621810,0,0,4,2,6621910,6621,1,0,2,22,227,1,1014
14781,5621,Aclens,22,Vaud,10279,District de Morges,5586960,3,5586960,0,9,3,0,1,5586810,0,0,4,2,5586910,5586,2,0,2,22,227,2,2022
14782,5851,Allaman,22,Vaud,10279,District de Morges,5586960,3,5586960,0,9,3,0,1,0,0,0,5,2,0,0,0,0,2,22,227,2,2021
14783,5742,Agiez,22,Vaud,10276,District du Jura-Nord vaudois,5586960,3,5586960,0,9,3,0,1,0,0,0,0,2,0,0,0,0,3,32,325,2,2030
14784,5423,Ballens,22,Vaud,10279,District de Morges,5586960,3,5586960,0,9,3,0,1,0,0,0,5,2,0,0,0,0,3,23,237,2,2022
14785,5744,Ballaigues,22,Vaud,10276,District du Jura-Nord vaudois,5586960,3,5586960,0,9,3,0,1,0,0,0,0,2,0,0,0,1,3,32,326,2,2010
14786,5746,Bavois,22,Vaud,10276,District du Jura-Nord vaudois,5586960,3,5586960,0,9,3,0,1,5586810,0,0,4,2,5586910,5586,2,0,3,23,237,2,2030
14787,5745,Baulmes,22,Vaud,10276,District du Jura-Nord vaudois,5586960,3,5586960,0,9,3,0,1,0,0,0,5,2,0,0,0,1,3,23,236,2,2030
14788,5703,Bassins,22,Vaud,10280,District de Nyon,6621960,2,6621960,0,9,3,0,1,6621810,0,0,4,2,6621910,6621,1,1,2,22,227,1,1014
14792,5785,Corcelles-le-Jorat,22,Vaud,10274,District de la Broye-Vully,5586960,3,5586960,0,9,3,0,1,5586810,0,0,4,2,5586910,5586,2,0,3,23,235,2,2024
14793,5404,Corbeyrier,22,Vaud,10273,District d'Aigle,0,3,5586960,0,9,3,0,1,0,0,0,0,2,0,0,0,1,3,32,327,2,2060
14794,5712,Coppet,22,Vaud,10280,District de Nyon,6621960,2,6621960,0,9,2,0,1,6621801,0,0,3,2,6621910,6621,1,0,1,11,113,1,1013
14798,5554,Concise,22,Vaud,10276,District du Jura-Nord vaudois,0,3,0,0,9,3,0,1,0,0,0,5,2,0,0,0,1,3,23,237,2,2030
14799,5711,Commugny,22,Vaud,10280,District de Nyon,6621960,2,6621960,0,9,2,0,1,6621801,0,0,3,2,6621910,6621,1,0,1,11,113,1,1013
14802,5883,Corseaux,22,Vaud,10282,District de la Riviera-Pays-d'Enhaut,5586960,1,5586960,5886950,9,2,0,1,5890801,0,0,2,2,5890910,5890,4,1,1,12,123,2,2050
14804,5555,Corcelles-près-Concise,22,Vaud,10276,District du Jura-Nord vaudois,0,3,0,0,9,3,0,1,0,0,0,5,2,0,0,0,0,3,23,235,2,2030
14805,5816,Corcelles-près-Payerne,22,Vaud,10274,District de la Broye-Vully,0,2,0,0,9,2,0,1,0,0,0,6,2,0,95822,0,0,1,13,136,4,4010
14806,5601,Chexbres,22,Vaud,10278,District de Lavaux-Oron,5586960,2,5586960,0,9,2,0,1,5586810,0,0,4,2,5586910,5586,2,0,2,21,217,2,2050
14807,5813,Chevroux,22,Vaud,10274,District de la Broye-Vully,0,3,0,0,9,3,0,1,0,0,0,0,2,0,0,0,0,3,32,327,4,4010
14808,5403,Chessel,22,Vaud,10273,District d'Aigle,0,3,5586960,0,9,3,0,1,0,0,0,5,2,0,0,0,1,2,22,227,2,2050
14809,5709,Chéserex,22,Vaud,10280,District de Nyon,6621960,2,6621960,0,9,2,0,1,6621810,0,0,4,2,6621910,6621,1,0,2,22,227,1,1014
14810,5582,Cheseaux-sur-Lausanne,22,Vaud,10277,District de Lausanne,5586960,2,5586960,0,9,2,0,1,5586810,0,0,4,2,5586910,5586,2,0,2,21,217,2,2023
14811,5909,Cheseaux-Noréaz,22,Vaud,10276,District du Jura-Nord vaudois,0,2,5586960,0,9,2,0,1,5938801,0,0,2,2,5938910,5938,5,0,1,13,137,2,2030
14814,5476,Chevilly,22,Vaud,10279,District de Morges,5586960,3,5586960,0,9,3,0,1,5586810,0,0,4,2,5586910,5586,2,0,3,23,235,2,2022
14815,5628,Chigny,22,Vaud,10279,District de Morges,5586960,2,5586960,0,9,2,0,1,5586801,0,0,2,2,5586910,5586,2,0,1,11,113,2,2022
14816,5629,Clarmont,22,Vaud,10279,District de Morges,5586960,3,5586960,0,9,3,0,1,5586810,0,0,4,2,5586910,5586,2,0,3,23,235,2,2022
14817,5710,Coinsins,22,Vaud,10280,District de Nyon,6621960,2,6621960,0,9,3,0,1,6621810,0,0,4,2,6621910,6621,1,0,3,23,236,1,1014
14819,5480,Daillens,22,Vaud,10275,District du Gros-de-Vaud,5586960,2,5586960,0,9,3,0,1,5586810,0,0,4,2,5586910,5586,2,0,3,23,237,2,2023
14820,5912,Démoret,22,Vaud,10276,District du Jura-Nord vaudois,5586960,3,5586960,0,9,3,0,1,0,0,0,5,2,0,0,0,0,3,23,235,2,2030
14821,5669,Curtilles,22,Vaud,10274,District de la Broye-Vully,5586960,3,5586960,0,9,3,0,1,0,0,0,0,2,0,0,0,0,3,32,325,2,2024
14822,5632,Denges,22,Vaud,10279,District de Morges,5586960,1,5586960,5586950,9,2,0,1,5586801,0,0,2,2,5586910,5586,2,0,1,11,112,2,2022
14824,5631,Denens,22,Vaud,10279,District de Morges,5586960,2,5586960,0,9,2,0,1,5586810,0,0,4,2,5586910,5586,2,0,2,22,227,2,2022
14825,5516,Cugy (VD),22,Vaud,10275,District du Gros-de-Vaud,5586960,2,5586960,0,9,2,0,1,5586801,0,0,2,2,5586910,5586,2,0,1,11,113,2,2023
14828,5477,Cossonay,22,Vaud,10279,District de Morges,5586960,2,5586960,0,9,2,0,1,5586810,0,0,4,2,5586910,5586,2,0,2,22,227,2,2023
14829,5911,Cuarny,22,Vaud,10276,District du Jura-Nord vaudois,0,3,5586960,0,9,3,0,1,5938810,0,0,4,2,5938910,5938,5,0,3,23,235,2,2030
14830,5479,Cuarnens,22,Vaud,10279,District de Morges,5586960,3,5586960,0,9,3,0,1,5586810,0,0,4,2,5586910,5586,2,0,3,23,235,2,2022
14831,5752,Croy,22,Vaud,10276,District du Jura-Nord vaudois,5586960,3,5586960,0,9,3,0,1,0,0,0,0,2,0,0,0,0,3,32,327,2,2010
14832,5583,Crissier,22,Vaud,10281,District de l'Ouest lausannois,5586960,1,5586960,5586950,9,1,5586950,1,5586801,1,5583,2,2,5586910,5586,2,0,1,11,112,2,2022
14833,5884,Corsier-sur-Vevey,22,Vaud,10282,District de la Riviera-Pays-d'Enhaut,5586960,1,5586960,5886950,9,2,0,1,5890801,0,0,2,2,5890910,5890,4,1,1,12,122,2,2050
14835,5714,Crassier,22,Vaud,10280,District de Nyon,6621960,2,6621960,0,9,2,0,1,6621810,0,0,4,2,6621910,6621,1,0,2,22,226,1,1014
14836,5910,Cronay,22,Vaud,10276,District du Jura-Nord vaudois,5586960,3,5586960,0,9,3,0,1,5938810,0,0,4,2,5938910,5938,5,0,3,23,235,2,2030
14837,5852,Bursinel,22,Vaud,10280,District de Nyon,6621960,3,6621960,0,9,3,0,1,6621810,0,0,4,2,6621910,6621,1,0,2,22,227,1,1014
14840,5853,Bursins,22,Vaud,10280,District de Nyon,6621960,2,6621960,0,9,2,0,1,6621810,0,0,4,2,6621910,6621,1,0,2,22,227,1,1014
14841,5663,Bussy-sur-Moudon,22,Vaud,10274,District de la Broye-Vully,5586960,3,5586960,0,9,3,0,1,0,0,0,0,2,0,0,0,0,3,32,325,2,2024
14842,5854,Burtigny,22,Vaud,10280,District de Nyon,6621960,3,6621960,0,9,3,0,1,6621810,0,0,4,2,6621910,6621,1,0,3,23,237,1,1014
14843,5552,Bullet,22,Vaud,10276,District du Jura-Nord vaudois,0,3,0,0,9,3,0,1,0,0,0,0,2,0,0,0,1,3,33,338,2,2030
14844,5623,Buchillon,22,Vaud,10279,District de Morges,5586960,2,5586960,0,9,2,0,1,0,0,0,5,2,0,0,0,0,2,21,217,2,2021
14845,5841,Château-d'Oex,22,Vaud,10282,District de la Riviera-Pays-d'Enhaut,0,3,0,0,9,3,0,1,0,0,0,0,2,0,0,0,1,2,31,317,9,9010
14846,5882,Chardonne,22,Vaud,10282,District de la Riviera-Pays-d'Enhaut,5586960,2,5586960,0,9,2,0,1,5890801,0,0,2,2,5890910,5890,4,1,1,12,123,2,2050
14848,5553,Champagne,22,Vaud,10276,District du Jura-Nord vaudois,0,3,0,0,9,3,0,1,0,0,0,5,2,0,0,0,0,2,22,226,2,2030
14852,5812,Champtauroz,22,Vaud,10274,District de la Broye-Vully,0,3,0,0,9,3,0,1,0,0,0,0,2,0,0,0,0,3,32,325,4,4010
14853,5475,Chavannes-le-Veyron,22,Vaud,10279,District de Morges,5586960,3,5586960,0,9,3,0,1,0,0,0,5,2,0,0,0,0,3,23,235,2,2022
14854,5481,Dizy,22,Vaud,10279,District de Morges,5586960,3,5586960,0,9,3,0,1,5586810,0,0,4,2,5586910,5586,2,0,3,23,236,2,2022
14856,5665,Chavannes-sur-Moudon,22,Vaud,10274,District de la Broye-Vully,5586960,3,5586960,0,9,3,0,1,0,0,0,0,2,0,0,0,0,3,32,325,2,2024
14857,5907,Chavannes-le-Chêne,22,Vaud,10276,District du Jura-Nord vaudois,5586960,3,0,0,9,3,0,1,0,0,0,0,2,0,0,0,0,3,32,327,2,2030
14858,5708,Chavannes-des-Bois,22,Vaud,10280,District de Nyon,6621960,2,6621960,0,9,3,0,1,6621810,0,0,4,2,6621910,6621,1,0,3,23,237,1,1013
14859,5707,Chavannes-de-Bogis,22,Vaud,10280,District de Nyon,6621960,2,6621960,0,9,2,0,1,6621801,0,0,3,2,6621910,6621,1,0,1,11,112,1,1013
14860,5627,Chavannes-près-Renens,22,Vaud,10281,District de l'Ouest lausannois,5586960,1,5586960,5586950,9,1,5586950,1,5586801,0,0,2,2,5586910,5586,2,0,1,11,113,2,2022
14862,5908,Chêne-Pâquier,22,Vaud,10276,District du Jura-Nord vaudois,0,3,0,0,9,3,0,1,0,0,0,0,2,0,0,0,0,3,32,326,2,2030
14864,5904,Chamblon,22,Vaud,10276,District du Jura-Nord vaudois,0,2,5586960,0,9,2,0,1,5938810,0,0,4,2,5938910,5938,5,0,2,22,227,2,2030
14866,5764,Vallorbe,22,Vaud,10276,District du Jura-Nord vaudois,5586960,3,5586960,0,9,3,0,1,0,0,0,0,2,0,0,0,1,2,31,316,2,2010
14868,5763,Valeyres-sous-Rances,22,Vaud,10276,District du Jura-Nord vaudois,5586960,3,5586960,0,9,3,0,1,0,0,0,5,2,0,0,0,0,3,23,236,2,2030
14869,5933,Valeyres-sous-Montagny,22,Vaud,10276,District du Jura-Nord vaudois,0,2,0,0,9,2,0,1,5938801,0,0,2,2,5938910,5938,5,0,1,13,137,2,2030
14870,5932,Ursins,22,Vaud,10276,District du Jura-Nord vaudois,5586960,3,5586960,0,9,3,0,1,5938810,0,0,4,2,5938910,5938,5,0,3,23,235,2,2030
14871,5934,Valeyres-sous-Ursins,22,Vaud,10276,District du Jura-Nord vaudois,0,3,5586960,0,9,3,0,1,5938810,0,0,4,2,5938910,5938,5,0,3,23,235,2,2030
14872,5890,Vevey,22,Vaud,10282,District de la Riviera-Pays-d'Enhaut,5586960,1,5586960,5886950,9,2,0,1,5890801,1,5890,1,2,5890901,5890,4,1,1,12,121,2,2050
14873,5765,Vaulion,22,Vaud,10276,District du Jura-Nord vaudois,5586960,3,5586960,0,9,3,0,1,0,0,0,0,2,0,0,0,1,3,32,325,2,2010
14874,5650,Vaux-sur-Morges,22,Vaud,10279,District de Morges,5586960,3,5586960,0,9,3,0,1,5586810,0,0,4,2,5586910,5586,2,0,3,23,237,2,2022
14876,5891,Veytaux,22,Vaud,10282,District de la Riviera-Pays-d'Enhaut,5586960,2,5586960,0,9,2,0,1,5890801,0,0,2,2,5890910,5890,4,1,1,12,123,2,2050
14877,5827,Trey,22,Vaud,10274,District de la Broye-Vully,0,3,0,0,9,3,0,1,0,0,0,0,2,0,0,0,0,3,32,325,4,4010
14878,5931,Treycovagnes,22,Vaud,10276,District du Jura-Nord vaudois,0,2,5586960,0,9,2,0,1,5938810,0,0,4,2,5938910,5938,5,0,2,22,226,2,2030
14879,5730,Trélex,22,Vaud,10280,District de Nyon,6621960,2,6621960,0,9,2,0,1,6621810,0,0,4,2,6621910,6621,1,0,2,22,227,1,1014
14880,5649,Tolochenaz,22,Vaud,10279,District de Morges,5586960,2,5586960,0,9,2,0,1,5586801,0,0,2,2,5586910,5586,2,0,1,11,112,2,2022
14881,5828,Treytorrens (Payerne),22,Vaud,10274,District de la Broye-Vully,5586960,3,0,0,9,3,0,1,0,0,0,0,2,0,0,0,0,3,32,325,4,4010
14882,5652,Villars-sous-Yens,22,Vaud,10279,District de Morges,5586960,2,5586960,0,9,2,0,1,5586810,0,0,4,2,5586910,5586,2,0,3,23,235,2,2022
14883,5935,Villars-Epeney,22,Vaud,10276,District du Jura-Nord vaudois,0,3,0,0,9,3,0,1,5938810,0,0,4,2,5938910,5938,5,0,3,23,235,2,2030
14885,5651,Villars-Sainte-Croix,22,Vaud,10281,District de l'Ouest lausannois,5586960,2,5586960,0,9,2,0,1,5586801,0,0,2,2,5586910,5586,2,0,1,11,112,2,2022
14887,5537,Villars-le-Terroir,22,Vaud,10275,District du Gros-de-Vaud,5586960,2,5586960,0,9,2,0,1,5586810,0,0,4,2,5586910,5586,2,0,2,22,227,2,2023
14888,5690,Villars-le-Comte,22,Vaud,10274,District de la Broye-Vully,5586960,3,5586960,0,9,3,0,1,0,0,0,0,2,0,0,0,0,3,32,325,2,2023
14892,5732,Vich,22,Vaud,10280,District de Nyon,6621960,2,6621960,0,9,2,0,1,6621801,0,0,3,2,6621910,6621,1,0,1,11,113,1,1014
14894,5862,Tartegnin,22,Vaud,10280,District de Nyon,6621960,3,6621960,0,9,3,0,1,0,0,0,5,2,0,0,0,0,2,22,227,1,1014
14896,5929,Suchy,22,Vaud,10276,District du Jura-Nord vaudois,5586960,3,5586960,0,9,3,0,1,0,0,0,5,2,0,0,0,0,3,23,237,2,2030
14897,5729,Tannay,22,Vaud,10280,District de Nyon,6621960,2,6621960,0,9,2,0,1,6621801,0,0,3,2,6621910,6621,1,0,1,11,113,1,1013
14898,5688,Syens,22,Vaud,10274,District de la Broye-Vully,5586960,3,5586960,0,9,3,0,1,5586810,0,0,4,2,5586910,5586,2,0,3,23,236,2,2024
14899,5930,Suscévaz,22,Vaud,10276,District du Jura-Nord vaudois,0,3,5586960,0,9,3,0,1,0,0,0,5,2,0,0,0,0,3,23,235,2,2030
14900,5501,Sullens,22,Vaud,10275,District du Gros-de-Vaud,5586960,2,5586960,0,9,3,0,1,5586810,0,0,4,2,5586910,5586,2,0,3,23,236,2,2023
14901,5654,Vullierens,22,Vaud,10279,District de Morges,5586960,3,5586960,0,9,3,0,1,5586810,0,0,4,2,5586910,5586,2,0,3,23,236,2,2022
14902,5803,Vulliens,22,Vaud,10274,District de la Broye-Vully,5586960,3,5586960,0,9,3,0,1,5586810,0,0,4,2,5586910,5586,2,0,3,23,235,2,2024
14903,5766,Vuiteboeuf,22,Vaud,10276,District du Jura-Nord vaudois,0,3,0,0,9,3,0,1,0,0,0,5,2,0,0,0,0,3,23,237,2,2030
14906,5937,Vugelles-La Mothe,22,Vaud,10276,District du Jura-Nord vaudois,0,3,0,0,9,3,0,1,0,0,0,5,2,0,0,0,1,3,23,235,2,2030
14907,5653,Vufflens-le-Château,22,Vaud,10279,District de Morges,5586960,2,5586960,0,9,2,0,1,5586810,0,0,4,2,5586910,5586,2,0,2,22,227,2,2022
14908,5503,Vufflens-la-Ville,22,Vaud,10275,District du Gros-de-Vaud,5586960,2,5586960,0,9,2,0,1,5586810,0,0,4,2,5586910,5586,2,0,2,22,227,2,2022
14909,5692,Vucherens,22,Vaud,10274,District de la Broye-Vully,5586960,3,5586960,0,9,3,0,1,5586810,0,0,4,2,5586910,5586,2,0,3,23,237,2,2024
14910,5539,Vuarrens,22,Vaud,10275,District du Gros-de-Vaud,5586960,3,5586960,0,9,3,0,1,5586810,0,0,4,2,5586910,5586,2,0,3,23,237,2,2023
14911,5415,Yvorne,22,Vaud,10273,District d'Aigle,0,2,5586960,0,9,2,0,1,0,0,0,0,2,0,0,0,1,3,32,325,2,2060
14912,5939,Yvonand,22,Vaud,10276,District du Jura-Nord vaudois,0,3,0,0,9,3,0,1,5938810,0,0,4,2,5938910,5938,5,0,2,22,227,2,2030
14913,5655,Yens,22,Vaud,10279,District de Morges,5586960,2,5586960,0,9,2,0,1,5586810,0,0,4,2,5586910,5586,2,0,3,23,237,2,2021
14914,5414,Villeneuve (VD),22,Vaud,10273,District d'Aigle,0,2,5586960,0,9,2,0,1,0,0,0,6,2,0,95414,0,1,1,13,136,2,2050
14916,5863,Vinzel,22,Vaud,10280,District de Nyon,6621960,2,6621960,0,9,3,0,1,6621810,0,0,4,2,6621910,6621,1,0,2,22,227,1,1014
14918,5049,Blenio,21,Ticino,10006,Distretto di Blenio,0,3,0,0,12,3,0,7,0,0,0,0,3,0,0,0,1,3,33,338,13,13030
14919,5310,Cevio,21,Ticino,10042,Distretto di Vallemaggia,0,3,0,0,12,3,0,7,0,0,0,0,3,0,0,0,1,3,33,338,13,13020
14925,3340,Rapperswil-Jona,17,St. Gallen,10270,Wahlkreis See-Gaster,261960,2,261960,0,3,2,0,5,3336801,1,3340,1,1,3336901,3336,5,0,1,13,137,12,12038
14927,6288,Saas-Almagell,23,Valais / Wallis,10180,Bezirk Visp,0,3,0,0,11,3,0,1,0,0,0,0,1,0,0,0,1,3,33,334,7,7080
14928,6289,Saas-Balen,23,Valais / Wallis,10180,Bezirk Visp,0,3,0,0,11,3,0,1,0,0,0,0,1,0,0,0,1,3,33,338,7,7080
14929,6290,Saas-Fee,23,Valais / Wallis,10180,Bezirk Visp,0,3,0,0,11,3,0,1,0,0,0,0,1,0,0,0,1,2,31,314,7,7080
14930,6291,Saas-Grund,23,Valais / Wallis,10180,Bezirk Visp,0,3,0,0,11,3,0,1,0,0,0,0,1,0,0,0,1,3,33,334,7,7080
14938,5226,Capriasca,21,Ticino,10003,Distretto di Lugano,5192960,2,5192960,0,12,2,0,7,5192810,0,0,4,3,5192910,5192,3,1,2,21,217,14,14010
14939,5151,Bioggio,21,Ticino,10003,Distretto di Lugano,5192960,2,5192960,0,12,2,0,7,5192801,0,0,2,3,5192910,5192,3,1,1,12,122,14,14010
14940,5324,Avegno Gordevio,21,Ticino,10042,Distretto di Vallemaggia,0,3,0,0,12,3,0,7,5113810,0,0,4,3,5113910,5113,4,1,3,23,237,13,13020
14948,2920,Thayngen,14,Schaffhausen,10090,Bezirk Reiat,0,2,0,0,2,3,0,5,2939810,0,0,4,1,2939910,2939,4,0,2,21,216,12,12020
14949,2939,Schaffhausen,14,Schaffhausen,10089,Bezirk Schaffhausen,0,2,261960,0,2,2,0,5,2939801,1,2939,1,1,2939901,2939,4,0,1,12,121,12,12020
14958,6076,Obergoms,23,Valais / Wallis,10032,Bezirk Goms,0,3,0,0,11,3,0,1,0,0,0,0,1,0,0,0,1,3,33,334,7,7090
14959,6118,Gampel-Bratsch,23,Valais / Wallis,10030,Bezirk Leuk,0,3,0,0,11,3,0,1,0,0,0,0,1,0,0,0,1,2,31,317,7,7060
14960,6203,Mörel-Filet,23,Valais / Wallis,10125,Bezirk Raron,0,3,0,0,11,3,0,1,6002810,0,0,4,1,6002910,6002,5,1,3,23,236,7,7090
14961,6204,Steg-Hohtenn,23,Valais / Wallis,10125,Bezirk Raron,0,3,0,0,11,3,0,1,0,0,0,0,1,0,0,0,1,2,31,316,7,7060
14962,6252,Anniviers,23,Valais / Wallis,10178,District de Sierre,0,3,0,0,11,3,0,1,0,0,0,0,2,0,0,0,1,3,33,334,7,7050
14965,6808,Clos du Doubs,26,Jura,10226,District de Porrentruy,0,3,0,0,8,3,0,2,0,0,0,0,2,0,0,0,1,3,33,338,5,5010
14966,6757,Saignelégier,26,Jura,10225,District des Franches-Montagnes,0,3,0,0,8,3,0,2,0,0,0,0,2,0,0,0,1,2,31,316,3,3040
14967,6751,Montfaucon,26,Jura,10225,District des Franches-Montagnes,0,3,0,0,8,3,0,2,0,0,0,0,2,0,0,0,1,3,33,335,3,3040
14968,6753,Muriaux,26,Jura,10225,District des Franches-Montagnes,0,3,0,0,8,3,0,2,0,0,0,0,2,0,0,0,1,3,33,335,3,3040
14969,6810,La Baroche,26,Jura,10226,District de Porrentruy,0,3,0,0,8,3,0,2,0,0,0,0,2,0,0,0,0,3,33,338,5,5010
14970,6807,Basse-Allaine,26,Jura,10226,District de Porrentruy,0,3,0,0,8,3,0,2,0,0,0,0,2,0,0,0,0,3,33,338,5,5010
14973,5397,Centovalli,21,Ticino,10004,Distretto di Locarno,0,3,0,0,12,3,0,7,5113810,0,0,4,3,5113910,5113,4,1,2,22,227,13,13020
14974,5269,Breggia,21,Ticino,10002,Distretto di Mendrisio,5192960,2,5250960,0,12,2,0,7,5250810,0,0,4,3,5250910,5250,4,1,2,22,227,14,14020
14978,756,Twann-Tüscherz,2,Bern / Berne,10284,Verwaltungskreis Biel/Bienne,371960,3,371960,0,8,3,0,2,371810,0,0,4,1,371910,371,3,1,3,23,237,5,5030
14995,301,Aarberg,2,Bern / Berne,10285,Verwaltungskreis Seeland,351960,2,351960,0,8,2,0,2,0,0,0,5,1,0,0,0,0,2,21,217,5,5030
14996,302,Bargen (BE),2,Bern / Berne,10285,Verwaltungskreis Seeland,351960,2,351960,0,8,2,0,2,0,0,0,5,1,0,0,0,0,2,21,216,5,5030
14997,303,Grossaffoltern,2,Bern / Berne,10285,Verwaltungskreis Seeland,351960,2,351960,0,8,3,0,2,351810,0,0,4,1,351910,351,2,0,2,22,226,5,5030
14999,305,Kappelen,2,Bern / Berne,10285,Verwaltungskreis Seeland,351960,2,351960,0,8,2,0,2,0,0,0,5,1,0,0,0,0,2,22,226,5,5030
15001,307,Meikirch,2,Bern / Berne,10288,Verwaltungskreis Bern-Mittelland,351960,3,351960,0,6,3,0,2,351810,0,0,4,1,351910,351,2,0,3,23,237,6,6012
15003,309,Radelfingen,2,Bern / Berne,10285,Verwaltungskreis Seeland,351960,3,351960,0,8,3,0,2,351810,0,0,4,1,351910,351,2,0,3,23,235,6,6012
15005,311,Schüpfen,2,Bern / Berne,10285,Verwaltungskreis Seeland,351960,3,351960,0,8,3,0,2,351810,0,0,4,1,351910,351,2,0,2,22,227,6,6014
15006,312,Seedorf (BE),2,Bern / Berne,10285,Verwaltungskreis Seeland,351960,3,351960,0,8,3,0,2,0,0,0,0,1,0,0,0,0,3,32,327,5,5030
15007,321,Aarwangen,2,Bern / Berne,10286,Verwaltungskreis Oberaargau,0,2,0,0,6,2,0,2,0,0,0,0,1,0,0,0,0,3,32,326,10,10010
15008,322,Auswil,2,Bern / Berne,10286,Verwaltungskreis Oberaargau,0,3,0,0,6,3,0,2,0,0,0,0,1,0,0,0,0,3,32,325,10,10010
15009,323,Bannwil,2,Bern / Berne,10286,Verwaltungskreis Oberaargau,0,3,0,0,6,3,0,2,0,0,0,0,1,0,0,0,0,3,32,327,10,10010
15010,324,Bleienbach,2,Bern / Berne,10286,Verwaltungskreis Oberaargau,0,3,0,0,6,3,0,2,0,0,0,0,1,0,0,0,0,3,32,326,10,10010
15011,325,Busswil bei Melchnau,2,Bern / Berne,10286,Verwaltungskreis Oberaargau,0,3,0,0,6,3,0,2,0,0,0,0,1,0,0,0,0,3,32,325,10,10010
15012,326,Gondiswil,2,Bern / Berne,10286,Verwaltungskreis Oberaargau,0,3,0,0,6,3,0,2,0,0,0,0,1,0,0,0,0,3,32,325,10,10010
15015,331,Lotzwil,2,Bern / Berne,10286,Verwaltungskreis Oberaargau,0,2,0,0,6,2,0,2,0,0,0,6,1,0,90329,0,0,1,13,136,10,10010
15017,333,Melchnau,2,Bern / Berne,10286,Verwaltungskreis Oberaargau,0,3,0,0,6,3,0,2,0,0,0,0,1,0,0,0,0,3,32,327,10,10010
15019,335,Oeschenbach,2,Bern / Berne,10286,Verwaltungskreis Oberaargau,0,3,0,0,6,3,0,2,0,0,0,0,1,0,0,0,0,3,32,325,10,10010
15020,336,Reisiswil,2,Bern / Berne,10286,Verwaltungskreis Oberaargau,0,3,0,0,6,3,0,2,0,0,0,0,1,0,0,0,0,3,32,325,10,10010
15021,337,Roggwil (BE),2,Bern / Berne,10286,Verwaltungskreis Oberaargau,0,2,0,0,6,2,0,2,0,0,0,0,1,0,0,0,0,3,32,326,10,10010
15022,338,Rohrbach,2,Bern / Berne,10286,Verwaltungskreis Oberaargau,0,3,0,0,6,3,0,2,0,0,0,0,1,0,0,0,0,3,32,326,10,10010
15023,339,Rohrbachgraben,2,Bern / Berne,10286,Verwaltungskreis Oberaargau,0,3,0,0,6,3,0,2,0,0,0,0,1,0,0,0,0,3,32,325,10,10010
15024,340,Rütschelen,2,Bern / Berne,10286,Verwaltungskreis Oberaargau,0,3,0,0,6,3,0,2,0,0,0,0,1,0,0,0,0,3,32,325,10,10010
15025,341,Schwarzhäusern,2,Bern / Berne,10286,Verwaltungskreis Oberaargau,0,2,0,0,6,2,0,2,0,0,0,0,1,0,0,0,0,3,32,327,10,10010
15026,342,Thunstetten,2,Bern / Berne,10286,Verwaltungskreis Oberaargau,0,2,0,0,6,2,0,2,0,0,0,0,1,0,0,0,0,3,32,326,10,10010
15027,344,Ursenbach,2,Bern / Berne,10286,Verwaltungskreis Oberaargau,0,3,0,0,6,3,0,2,0,0,0,0,1,0,0,0,0,3,32,326,10,10010
15028,345,Wynau,2,Bern / Berne,10286,Verwaltungskreis Oberaargau,0,2,0,0,6,2,0,2,0,0,0,0,1,0,0,0,0,3,32,327,10,10010
15029,351,Bern,2,Bern / Berne,10288,Verwaltungskreis Bern-Mittelland,351960,1,351960,351950,6,1,351950,2,351801,1,351,1,1,351901,351,2,0,1,11,111,6,6012
15030,352,Bolligen,2,Bern / Berne,10288,Verwaltungskreis Bern-Mittelland,351960,1,351960,351950,6,1,351950,2,351801,0,0,2,1,351910,351,2,0,1,11,113,6,6012
15031,353,Bremgarten bei Bern,2,Bern / Berne,10288,Verwaltungskreis Bern-Mittelland,351960,1,351960,351950,6,1,351950,2,351801,0,0,2,1,351910,351,2,0,1,11,113,6,6012
15032,354,Kirchlindach,2,Bern / Berne,10288,Verwaltungskreis Bern-Mittelland,351960,2,351960,0,6,2,0,2,351810,0,0,4,1,351910,351,2,0,2,22,227,6,6012
15033,355,Köniz,2,Bern / Berne,10288,Verwaltungskreis Bern-Mittelland,351960,1,351960,351950,6,1,351950,2,351801,1,355,2,1,351910,351,2,0,1,11,113,6,6012
15034,356,Muri bei Bern,2,Bern / Berne,10288,Verwaltungskreis Bern-Mittelland,351960,1,351960,351950,6,1,351950,2,351801,1,356,2,1,351910,351,2,0,1,11,112,6,6012
15035,357,Oberbalm,2,Bern / Berne,10288,Verwaltungskreis Bern-Mittelland,351960,3,351960,0,6,3,0,2,351810,0,0,4,1,351910,351,2,0,3,23,235,6,6013
15036,358,Stettlen,2,Bern / Berne,10288,Verwaltungskreis Bern-Mittelland,351960,2,351960,0,6,2,0,2,351801,0,0,2,1,351910,351,2,0,1,11,113,6,6012
15037,359,Vechigen,2,Bern / Berne,10288,Verwaltungskreis Bern-Mittelland,351960,2,351960,0,6,2,0,2,351801,0,0,2,1,351910,351,2,0,1,11,113,6,6012
15038,360,Wohlen bei Bern,2,Bern / Berne,10288,Verwaltungskreis Bern-Mittelland,351960,2,351960,0,6,2,0,2,351810,0,0,4,1,351910,351,2,0,2,22,227,6,6012
15039,361,Zollikofen,2,Bern / Berne,10288,Verwaltungskreis Bern-Mittelland,351960,2,351960,0,6,2,0,2,351801,1,361,2,1,351910,351,2,0,1,11,112,6,6014
15040,362,Ittigen,2,Bern / Berne,10288,Verwaltungskreis Bern-Mittelland,351960,1,351960,351950,6,1,351950,2,351801,1,362,2,1,351910,351,2,0,1,11,112,6,6012
15041,363,Ostermundigen,2,Bern / Berne,10288,Verwaltungskreis Bern-Mittelland,351960,1,351960,351950,6,1,351950,2,351801,1,363,2,1,351910,351,2,0,1,11,113,6,6012
15042,371,Biel/Bienne,2,Bern / Berne,10284,Verwaltungskreis Biel/Bienne,371960,1,371960,371950,8,1,371950,2,371801,1,371,1,1,371901,371,3,0,1,12,121,5,5030
15043,372,Evilard,2,Bern / Berne,10284,Verwaltungskreis Biel/Bienne,371960,2,371960,0,8,2,0,2,371801,0,0,2,1,371910,371,3,1,1,12,123,5,5030
15044,381,Arch,2,Bern / Berne,10285,Verwaltungskreis Seeland,0,3,0,0,8,3,0,2,0,0,0,5,1,0,0,0,0,2,22,226,5,5060
15045,382,Büetigen,2,Bern / Berne,10285,Verwaltungskreis Seeland,371960,2,371960,0,8,2,0,2,0,0,0,5,1,0,0,0,0,2,22,226,5,5030
15046,383,Büren an der Aare,2,Bern / Berne,10285,Verwaltungskreis Seeland,0,3,0,0,8,3,0,2,0,0,0,0,1,0,0,0,0,2,31,316,5,5030
15048,385,Diessbach bei Büren,2,Bern / Berne,10285,Verwaltungskreis Seeland,371960,2,371960,0,8,2,0,2,0,0,0,0,1,0,0,0,0,3,32,325,5,5030
15049,386,Dotzigen,2,Bern / Berne,10285,Verwaltungskreis Seeland,371960,2,371960,0,8,2,0,2,0,0,0,5,1,0,0,0,0,2,22,227,5,5030
15050,387,Lengnau (BE),2,Bern / Berne,10284,Verwaltungskreis Biel/Bienne,371960,2,371960,0,8,2,0,2,2546801,0,0,2,1,2546910,2546,5,0,1,13,136,5,5030
15051,388,Leuzigen,2,Bern / Berne,10285,Verwaltungskreis Seeland,0,3,0,0,8,3,0,2,0,0,0,5,1,0,0,0,0,3,23,235,5,5060
15052,389,Meienried,2,Bern / Berne,10285,Verwaltungskreis Seeland,371960,3,371960,0,8,3,0,2,0,0,0,0,1,0,0,0,0,3,32,325,5,5030
15053,390,Meinisberg,2,Bern / Berne,10284,Verwaltungskreis Biel/Bienne,371960,2,371960,0,8,2,0,2,371810,0,0,4,1,371910,371,3,0,3,23,237,5,5030
15054,391,Oberwil bei Büren,2,Bern / Berne,10285,Verwaltungskreis Seeland,351960,3,0,0,8,3,0,2,0,0,0,0,1,0,0,0,0,3,32,325,5,5030
15055,392,Pieterlen,2,Bern / Berne,10284,Verwaltungskreis Biel/Bienne,371960,2,371960,0,8,2,0,2,371810,0,0,4,1,371910,371,3,0,2,22,226,5,5030
15056,393,Rüti bei Büren,2,Bern / Berne,10285,Verwaltungskreis Seeland,0,3,0,0,8,3,0,2,0,0,0,5,1,0,0,0,0,3,23,237,5,5030
15057,394,Wengi,2,Bern / Berne,10285,Verwaltungskreis Seeland,351960,3,351960,0,8,3,0,2,0,0,0,5,1,0,0,0,0,3,23,235,5,5030
15058,401,Aefligen,2,Bern / Berne,10287,Verwaltungskreis Emmental,351960,2,351960,0,6,2,0,2,0,0,0,6,1,0,90412,0,0,1,13,136,6,6020
15059,402,Alchenstorf,2,Bern / Berne,10287,Verwaltungskreis Emmental,0,3,351960,0,6,3,0,2,0,0,0,0,1,0,0,0,0,3,32,325,6,6020
15060,403,Bäriswil,2,Bern / Berne,10288,Verwaltungskreis Bern-Mittelland,351960,2,351960,0,6,2,0,2,351810,0,0,4,1,351910,351,2,0,2,22,227,6,6014
15061,404,Burgdorf,2,Bern / Berne,10287,Verwaltungskreis Emmental,351960,2,351960,0,6,2,0,2,404801,1,404,1,1,404901,404,5,0,1,13,137,6,6020
15063,406,Hasle bei Burgdorf,2,Bern / Berne,10287,Verwaltungskreis Emmental,351960,2,351960,0,6,2,0,2,0,0,0,5,1,0,0,0,0,2,22,227,6,6020
15064,407,Heimiswil,2,Bern / Berne,10287,Verwaltungskreis Emmental,0,3,0,0,6,3,0,2,404810,0,0,4,1,404910,404,5,0,3,23,235,6,6020
15065,408,Hellsau,2,Bern / Berne,10287,Verwaltungskreis Emmental,0,3,0,0,6,3,0,2,0,0,0,0,1,0,0,0,0,3,32,326,6,6020
15067,410,Höchstetten,2,Bern / Berne,10287,Verwaltungskreis Emmental,0,3,0,0,6,3,0,2,0,0,0,0,1,0,0,0,0,3,32,325,6,6020
15068,411,Kernenried,2,Bern / Berne,10287,Verwaltungskreis Emmental,351960,3,351960,0,6,3,0,2,0,0,0,5,1,0,0,0,0,3,23,237,6,6020
15069,412,Kirchberg (BE),2,Bern / Berne,10287,Verwaltungskreis Emmental,351960,2,351960,0,6,2,0,2,0,0,0,6,1,0,90412,0,0,1,13,136,6,6020
15070,413,Koppigen,2,Bern / Berne,10287,Verwaltungskreis Emmental,0,3,351960,0,6,3,0,2,0,0,0,5,1,0,0,0,0,2,22,227,6,6020
15071,414,Krauchthal,2,Bern / Berne,10287,Verwaltungskreis Emmental,351960,3,351960,0,6,3,0,2,351810,0,0,4,1,351910,351,2,0,3,23,237,6,6020
15072,415,Lyssach,2,Bern / Berne,10287,Verwaltungskreis Emmental,351960,2,351960,0,6,2,0,2,0,0,0,5,1,0,0,0,0,2,22,227,6,6020
15075,418,Oberburg,2,Bern / Berne,10287,Verwaltungskreis Emmental,351960,2,351960,0,6,2,0,2,404801,0,0,2,1,404910,404,5,0,1,13,137,6,6020
15077,420,Rüdtligen-Alchenflüh,2,Bern / Berne,10287,Verwaltungskreis Emmental,351960,2,351960,0,6,2,0,2,0,0,0,6,1,0,90412,0,0,1,13,136,6,6020
15078,421,Rumendingen,2,Bern / Berne,10287,Verwaltungskreis Emmental,0,3,0,0,6,3,0,2,0,0,0,0,1,0,0,0,0,3,32,327,6,6020
15079,422,Rüti bei Lyssach,2,Bern / Berne,10287,Verwaltungskreis Emmental,351960,3,351960,0,6,3,0,2,0,0,0,5,1,0,0,0,0,3,23,235,6,6020
15080,423,Willadingen,2,Bern / Berne,10287,Verwaltungskreis Emmental,0,3,0,0,6,3,0,2,0,0,0,0,1,0,0,0,0,3,32,325,6,6020
15081,424,Wynigen,2,Bern / Berne,10287,Verwaltungskreis Emmental,0,3,0,0,6,3,0,2,0,0,0,5,1,0,0,0,0,3,23,235,6,6020
15082,431,Corgémont,2,Bern / Berne,10283,Arrondissement administratif Jura bernois,371960,3,371960,0,8,3,0,2,0,0,0,0,2,0,0,0,1,3,32,327,5,5020
15083,432,Cormoret,2,Bern / Berne,10283,Arrondissement administratif Jura bernois,0,3,0,0,8,3,0,2,0,0,0,0,2,0,0,0,1,3,32,327,3,3020
15084,433,Cortébert,2,Bern / Berne,10283,Arrondissement administratif Jura bernois,371960,3,371960,0,8,3,0,2,0,0,0,0,2,0,0,0,1,3,32,327,3,3020
15085,434,Courtelary,2,Bern / Berne,10283,Arrondissement administratif Jura bernois,0,3,0,0,8,3,0,2,0,0,0,0,2,0,0,0,1,3,32,326,3,3020
15086,435,La Ferrière,2,Bern / Berne,10283,Arrondissement administratif Jura bernois,0,3,0,0,8,3,0,2,6421810,0,0,4,2,6421910,6421,4,1,3,23,236,3,3020
15088,437,Mont-Tramelan,2,Bern / Berne,10283,Arrondissement administratif Jura bernois,0,3,0,0,8,3,0,2,0,0,0,0,1,0,0,0,1,3,32,325,5,5020
15089,438,Orvin,2,Bern / Berne,10283,Arrondissement administratif Jura bernois,371960,2,371960,0,8,2,0,2,371810,0,0,4,2,371910,371,3,1,3,23,236,5,5030
15092,441,Renan (BE),2,Bern / Berne,10283,Arrondissement administratif Jura bernois,0,3,0,0,8,3,0,2,6421810,0,0,4,2,6421910,6421,4,1,3,23,237,3,3020
15093,442,Romont (BE),2,Bern / Berne,10283,Arrondissement administratif Jura bernois,371960,3,371960,0,8,3,0,2,0,0,0,5,2,0,0,0,1,3,23,235,5,5030
15094,443,Saint-Imier,2,Bern / Berne,10283,Arrondissement administratif Jura bernois,0,2,0,0,8,2,0,2,0,0,0,0,2,0,0,0,1,2,31,316,3,3020
15095,444,Sonceboz-Sombeval,2,Bern / Berne,10283,Arrondissement administratif Jura bernois,371960,3,371960,0,8,3,0,2,0,0,0,0,2,0,0,0,1,3,32,326,5,5020
15096,445,Sonvilier,2,Bern / Berne,10283,Arrondissement administratif Jura bernois,0,3,0,0,8,3,0,2,0,0,0,0,2,0,0,0,1,3,33,335,3,3020
15097,446,Tramelan,2,Bern / Berne,10283,Arrondissement administratif Jura bernois,0,3,0,0,8,3,0,2,0,0,0,0,2,0,0,0,1,2,31,316,5,5020
15099,448,Villeret,2,Bern / Berne,10283,Arrondissement administratif Jura bernois,0,2,0,0,8,2,0,2,0,0,0,0,2,0,0,0,1,2,31,316,3,3020
15100,491,Brüttelen,2,Bern / Berne,10285,Verwaltungskreis Seeland,351960,3,351960,0,8,3,0,2,0,0,0,0,1,0,0,0,0,3,32,325,5,5030
15101,492,Erlach,2,Bern / Berne,10285,Verwaltungskreis Seeland,0,2,351960,0,8,2,0,2,0,0,0,5,1,0,0,0,0,2,22,227,3,3030
15102,493,Finsterhennen,2,Bern / Berne,10285,Verwaltungskreis Seeland,351960,3,351960,0,8,3,0,2,0,0,0,0,1,0,0,0,0,3,32,325,5,5030
15103,494,Gals,2,Bern / Berne,10285,Verwaltungskreis Seeland,0,2,0,0,8,3,0,2,0,0,0,5,1,0,0,0,0,2,22,227,3,3030
15104,495,Gampelen,2,Bern / Berne,10285,Verwaltungskreis Seeland,0,2,0,0,8,3,0,2,0,0,0,5,1,0,0,0,0,2,22,227,3,3030
15105,496,Ins,2,Bern / Berne,10285,Verwaltungskreis Seeland,351960,3,351960,0,8,3,0,2,0,0,0,0,1,0,0,0,0,2,31,317,6,6011
15106,497,Lüscherz,2,Bern / Berne,10285,Verwaltungskreis Seeland,351960,3,371960,0,8,3,0,2,0,0,0,0,1,0,0,0,0,3,32,327,5,5030
15107,498,Müntschemier,2,Bern / Berne,10285,Verwaltungskreis Seeland,351960,3,351960,0,8,3,0,2,0,0,0,0,1,0,0,0,0,3,32,327,6,6011
15108,499,Siselen,2,Bern / Berne,10285,Verwaltungskreis Seeland,351960,3,351960,0,8,3,0,2,0,0,0,0,1,0,0,0,0,3,32,327,5,5030
15109,500,Treiten,2,Bern / Berne,10285,Verwaltungskreis Seeland,351960,3,351960,0,8,3,0,2,0,0,0,0,1,0,0,0,0,3,32,325,6,6011
15110,501,Tschugg,2,Bern / Berne,10285,Verwaltungskreis Seeland,351960,3,0,0,8,3,0,2,0,0,0,0,1,0,0,0,0,3,32,327,3,3030
15111,502,Vinelz,2,Bern / Berne,10285,Verwaltungskreis Seeland,351960,2,351960,0,8,2,0,2,0,0,0,0,1,0,0,0,0,3,32,327,3,3030
15113,533,Bätterkinden,2,Bern / Berne,10287,Verwaltungskreis Emmental,351960,2,351960,0,6,2,0,2,0,0,0,5,1,0,0,0,0,2,21,216,6,6020
15115,535,Deisswil bei Münchenbuchsee,2,Bern / Berne,10288,Verwaltungskreis Bern-Mittelland,351960,3,351960,0,6,3,0,2,351810,0,0,4,1,351910,351,2,0,3,23,236,6,6014
15120,541,Iffwil,2,Bern / Berne,10288,Verwaltungskreis Bern-Mittelland,351960,3,351960,0,6,3,0,2,351810,0,0,4,1,351910,351,2,0,3,23,235,6,6014
15122,543,Mattstetten,2,Bern / Berne,10288,Verwaltungskreis Bern-Mittelland,351960,2,351960,0,6,2,0,2,351810,0,0,4,1,351910,351,2,0,2,22,227,6,6014
15123,544,Moosseedorf,2,Bern / Berne,10288,Verwaltungskreis Bern-Mittelland,351960,2,351960,0,6,2,0,2,351801,0,0,3,1,351910,351,2,0,1,11,112,6,6014
15130,551,Urtenen-Schönbühl,2,Bern / Berne,10288,Verwaltungskreis Bern-Mittelland,351960,2,351960,0,6,2,0,2,351801,0,0,3,1,351910,351,2,0,1,11,112,6,6014
15131,552,Utzenstorf,2,Bern / Berne,10287,Verwaltungskreis Emmental,351960,2,351960,0,6,2,0,2,0,0,0,5,1,0,0,0,0,2,21,216,6,6020
15132,553,Wiggiswil,2,Bern / Berne,10288,Verwaltungskreis Bern-Mittelland,351960,3,351960,0,6,3,0,2,351810,0,0,4,1,351910,351,2,0,3,23,235,6,6014
15133,554,Wiler bei Utzenstorf,2,Bern / Berne,10287,Verwaltungskreis Emmental,351960,2,351960,0,6,2,0,2,0,0,0,5,1,0,0,0,0,3,23,236,6,6020
15135,556,Zielebach,2,Bern / Berne,10287,Verwaltungskreis Emmental,0,2,0,0,6,2,0,2,0,0,0,5,1,0,0,0,0,2,22,227,6,6020
15136,557,Zuzwil (BE),2,Bern / Berne,10288,Verwaltungskreis Bern-Mittelland,351960,3,351960,0,6,3,0,2,351810,0,0,4,1,351910,351,2,0,3,23,235,6,6014
15137,561,Adelboden,2,Bern / Berne,10291,Verwaltungskreis Frutigen-Niedersimmental,0,3,0,0,6,3,0,2,0,0,0,0,1,0,0,0,1,2,31,314,9,9040
15138,562,Aeschi bei Spiez,2,Bern / Berne,10291,Verwaltungskreis Frutigen-Niedersimmental,351960,3,351960,0,6,3,0,2,0,0,0,0,1,0,0,0,1,3,32,327,9,9040
15139,563,Frutigen,2,Bern / Berne,10291,Verwaltungskreis Frutigen-Niedersimmental,0,2,351960,0,6,2,0,2,0,0,0,0,1,0,0,0,1,2,31,316,9,9040
15140,564,Kandergrund,2,Bern / Berne,10291,Verwaltungskreis Frutigen-Niedersimmental,0,3,0,0,6,3,0,2,0,0,0,0,1,0,0,0,1,3,33,335,9,9040
15141,565,Kandersteg,2,Bern / Berne,10291,Verwaltungskreis Frutigen-Niedersimmental,0,3,0,0,6,3,0,2,0,0,0,0,1,0,0,0,1,3,33,334,9,9040
15142,566,Krattigen,2,Bern / Berne,10291,Verwaltungskreis Frutigen-Niedersimmental,351960,2,351960,0,6,2,0,2,0,0,0,5,1,0,0,0,1,2,22,227,9,9030
15143,567,Reichenbach im Kandertal,2,Bern / Berne,10291,Verwaltungskreis Frutigen-Niedersimmental,351960,3,351960,0,6,3,0,2,0,0,0,0,1,0,0,0,1,3,32,326,9,9040
15144,571,Beatenberg,2,Bern / Berne,10292,Verwaltungskreis Interlaken-Oberhasli,0,3,0,0,6,3,0,2,0,0,0,5,1,0,0,0,1,3,23,237,9,9050
15145,572,Bönigen,2,Bern / Berne,10292,Verwaltungskreis Interlaken-Oberhasli,0,2,0,0,6,2,0,2,581801,0,0,2,1,581910,581,5,1,1,13,136,9,9050
15146,573,Brienz (BE),2,Bern / Berne,10292,Verwaltungskreis Interlaken-Oberhasli,0,3,0,0,6,3,0,2,0,0,0,0,1,0,0,0,1,2,31,314,9,9060
15147,574,Brienzwiler,2,Bern / Berne,10292,Verwaltungskreis Interlaken-Oberhasli,0,3,0,0,6,3,0,2,0,0,0,0,1,0,0,0,1,3,33,338,9,9060
15148,575,Därligen,2,Bern / Berne,10292,Verwaltungskreis Interlaken-Oberhasli,351960,3,351960,0,6,3,0,2,581810,0,0,4,1,581910,581,5,1,3,23,237,9,9050
15149,576,Grindelwald,2,Bern / Berne,10292,Verwaltungskreis Interlaken-Oberhasli,0,3,0,0,6,3,0,2,0,0,0,0,1,0,0,0,1,2,31,314,9,9050
15150,577,Gsteigwiler,2,Bern / Berne,10292,Verwaltungskreis Interlaken-Oberhasli,0,2,0,0,6,2,0,2,0,0,0,0,1,0,0,0,1,3,32,327,9,9050
15151,578,Gündlischwand,2,Bern / Berne,10292,Verwaltungskreis Interlaken-Oberhasli,0,3,0,0,6,3,0,2,0,0,0,0,1,0,0,0,1,3,33,338,9,9050
15152,579,Habkern,2,Bern / Berne,10292,Verwaltungskreis Interlaken-Oberhasli,0,3,0,0,6,3,0,2,0,0,0,5,1,0,0,0,1,3,23,235,9,9050
15153,580,Hofstetten bei Brienz,2,Bern / Berne,10292,Verwaltungskreis Interlaken-Oberhasli,0,3,0,0,6,3,0,2,0,0,0,0,1,0,0,0,1,3,33,338,9,9060
15154,581,Interlaken,2,Bern / Berne,10292,Verwaltungskreis Interlaken-Oberhasli,0,2,0,0,6,2,0,2,581801,1,581,1,1,581901,581,5,1,1,13,134,9,9050
15155,582,Iseltwald,2,Bern / Berne,10292,Verwaltungskreis Interlaken-Oberhasli,0,3,0,0,6,3,0,2,581810,0,0,4,1,581910,581,5,1,3,23,237,9,9050
15156,584,Lauterbrunnen,2,Bern / Berne,10292,Verwaltungskreis Interlaken-Oberhasli,0,3,0,0,6,3,0,2,0,0,0,0,1,0,0,0,1,3,33,334,9,9050
15157,585,Leissigen,2,Bern / Berne,10292,Verwaltungskreis Interlaken-Oberhasli,351960,3,351960,0,6,3,0,2,0,0,0,5,1,0,0,0,1,3,23,237,9,9050
15158,586,Lütschental,2,Bern / Berne,10292,Verwaltungskreis Interlaken-Oberhasli,0,3,0,0,6,3,0,2,0,0,0,0,1,0,0,0,1,3,33,338,9,9050
15159,587,Matten bei Interlaken,2,Bern / Berne,10292,Verwaltungskreis Interlaken-Oberhasli,0,2,0,0,6,2,0,2,581801,0,0,2,1,581910,581,5,1,1,13,134,9,9050
15160,588,Niederried bei Interlaken,2,Bern / Berne,10292,Verwaltungskreis Interlaken-Oberhasli,0,3,0,0,6,3,0,2,581810,0,0,4,1,581910,581,5,1,3,23,237,9,9050
15161,589,Oberried am Brienzersee,2,Bern / Berne,10292,Verwaltungskreis Interlaken-Oberhasli,0,3,0,0,6,3,0,2,0,0,0,0,1,0,0,0,1,3,33,338,9,9050
15162,590,Ringgenberg (BE),2,Bern / Berne,10292,Verwaltungskreis Interlaken-Oberhasli,0,2,0,0,6,2,0,2,581810,0,0,4,1,581910,581,5,1,2,22,227,9,9050
15163,591,Saxeten,2,Bern / Berne,10292,Verwaltungskreis Interlaken-Oberhasli,0,3,0,0,6,3,0,2,581810,0,0,4,1,581910,581,5,1,3,23,235,9,9050
15164,592,Schwanden bei Brienz,2,Bern / Berne,10292,Verwaltungskreis Interlaken-Oberhasli,0,3,0,0,6,3,0,2,0,0,0,0,1,0,0,0,1,2,31,317,9,9060
15165,593,Unterseen,2,Bern / Berne,10292,Verwaltungskreis Interlaken-Oberhasli,0,2,0,0,6,2,0,2,581801,0,0,2,1,581910,581,5,1,1,13,134,9,9050
15166,594,Wilderswil,2,Bern / Berne,10292,Verwaltungskreis Interlaken-Oberhasli,0,2,0,0,6,2,0,2,581810,0,0,4,1,581910,581,5,1,2,22,226,9,9050
15167,602,Arni (BE),2,Bern / Berne,10288,Verwaltungskreis Bern-Mittelland,351960,3,351960,0,6,3,0,2,0,0,0,0,1,0,0,0,1,3,32,325,6,6015
15168,603,Biglen,2,Bern / Berne,10288,Verwaltungskreis Bern-Mittelland,351960,2,351960,0,6,3,0,2,351810,0,0,4,1,351910,351,2,0,2,22,226,6,6015
15170,605,Bowil,2,Bern / Berne,10288,Verwaltungskreis Bern-Mittelland,351960,3,351960,0,6,3,0,2,0,0,0,0,1,0,0,0,1,3,32,326,6,6030
15171,606,Brenzikofen,2,Bern / Berne,10288,Verwaltungskreis Bern-Mittelland,351960,3,351960,0,6,3,0,2,0,0,0,5,1,0,0,0,0,3,23,237,9,9030
15172,607,Freimettigen,2,Bern / Berne,10288,Verwaltungskreis Bern-Mittelland,351960,2,351960,0,6,2,0,2,351810,0,0,4,1,351910,351,2,0,2,21,217,6,6015
15174,609,Häutligen,2,Bern / Berne,10288,Verwaltungskreis Bern-Mittelland,351960,3,351960,0,6,3,0,2,351810,0,0,4,1,351910,351,2,0,3,23,235,6,6015
15175,610,Herbligen,2,Bern / Berne,10288,Verwaltungskreis Bern-Mittelland,351960,3,351960,0,6,3,0,2,351810,0,0,4,1,351910,351,2,0,3,23,237,9,9030
15176,611,Kiesen,2,Bern / Berne,10288,Verwaltungskreis Bern-Mittelland,351960,3,351960,0,6,3,0,2,351810,0,0,4,1,351910,351,2,0,2,22,227,6,6013
15177,612,Konolfingen,2,Bern / Berne,10288,Verwaltungskreis Bern-Mittelland,351960,2,351960,0,6,2,0,2,351810,0,0,4,1,351910,351,2,0,2,21,216,6,6015
15178,613,Landiswil,2,Bern / Berne,10288,Verwaltungskreis Bern-Mittelland,351960,3,351960,0,6,3,0,2,0,0,0,0,1,0,0,0,1,3,32,325,6,6030
15179,614,Linden,2,Bern / Berne,10288,Verwaltungskreis Bern-Mittelland,351960,3,351960,0,6,3,0,2,0,0,0,0,1,0,0,0,1,3,32,326,9,9030
15180,615,Mirchel,2,Bern / Berne,10288,Verwaltungskreis Bern-Mittelland,351960,2,351960,0,6,2,0,2,0,0,0,0,1,0,0,0,0,3,32,325,6,6015
15182,617,Niederhünigen,2,Bern / Berne,10288,Verwaltungskreis Bern-Mittelland,351960,2,351960,0,6,2,0,2,0,0,0,5,1,0,0,0,1,2,22,226,6,6015
15183,620,Oberthal,2,Bern / Berne,10288,Verwaltungskreis Bern-Mittelland,351960,3,351960,0,6,3,0,2,0,0,0,0,1,0,0,0,1,3,32,325,6,6015
15184,622,Oppligen,2,Bern / Berne,10288,Verwaltungskreis Bern-Mittelland,351960,3,351960,0,6,3,0,2,351810,0,0,4,1,351910,351,2,0,2,22,226,9,9030
15185,623,Rubigen,2,Bern / Berne,10288,Verwaltungskreis Bern-Mittelland,351960,2,351960,0,6,2,0,2,351810,0,0,4,1,351910,351,2,0,2,22,226,6,6012
15188,626,Walkringen,2,Bern / Berne,10288,Verwaltungskreis Bern-Mittelland,351960,3,351960,0,6,3,0,2,0,0,0,0,1,0,0,0,1,3,32,327,6,6015
15189,627,Worb,2,Bern / Berne,10288,Verwaltungskreis Bern-Mittelland,351960,2,351960,0,6,2,0,2,351810,0,0,4,1,351910,351,2,0,2,21,217,6,6012
15190,628,Zäziwil,2,Bern / Berne,10288,Verwaltungskreis Bern-Mittelland,351960,2,351960,0,6,2,0,2,351810,0,0,4,1,351910,351,2,0,2,22,226,6,6015
15191,629,Oberhünigen,2,Bern / Berne,10288,Verwaltungskreis Bern-Mittelland,351960,3,351960,0,6,3,0,2,0,0,0,0,1,0,0,0,1,3,32,325,6,6015
15192,630,Allmendingen,2,Bern / Berne,10288,Verwaltungskreis Bern-Mittelland,351960,3,351960,0,6,3,0,2,351810,0,0,4,1,351910,351,2,0,3,23,237,6,6012
15194,632,Wichtrach,2,Bern / Berne,10288,Verwaltungskreis Bern-Mittelland,351960,2,351960,0,6,3,0,2,351810,0,0,4,1,351910,351,2,0,2,22,226,6,6013
15196,662,Ferenbalm,2,Bern / Berne,10288,Verwaltungskreis Bern-Mittelland,351960,3,351960,0,6,3,0,2,351810,0,0,4,1,351910,351,2,0,3,23,236,6,6011
15197,663,Frauenkappelen,2,Bern / Berne,10288,Verwaltungskreis Bern-Mittelland,351960,3,351960,0,6,3,0,2,351810,0,0,4,1,351910,351,2,0,2,22,226,6,6012
15199,665,Gurbrü,2,Bern / Berne,10288,Verwaltungskreis Bern-Mittelland,351960,3,351960,0,6,3,0,2,0,0,0,0,1,0,0,0,0,3,32,325,6,6011
15200,666,Kriechenwil,2,Bern / Berne,10288,Verwaltungskreis Bern-Mittelland,351960,3,351960,0,6,3,0,2,0,0,0,0,1,0,0,0,0,3,32,325,6,6011
15201,667,Laupen,2,Bern / Berne,10288,Verwaltungskreis Bern-Mittelland,351960,2,351960,0,6,2,0,2,351810,0,0,4,1,351910,351,2,0,2,21,217,6,6011
15202,668,Mühleberg,2,Bern / Berne,10288,Verwaltungskreis Bern-Mittelland,351960,3,351960,0,6,3,0,2,351810,0,0,4,1,351910,351,2,0,3,23,236,6,6012
15203,669,Münchenwiler,2,Bern / Berne,10288,Verwaltungskreis Bern-Mittelland,351960,2,351960,0,6,2,0,2,0,0,0,6,1,0,92275,0,0,1,13,136,6,6011
15204,670,Neuenegg,2,Bern / Berne,10288,Verwaltungskreis Bern-Mittelland,351960,2,351960,0,6,2,0,2,351810,0,0,4,1,351910,351,2,0,2,21,216,6,6012
15205,671,Wileroltigen,2,Bern / Berne,10288,Verwaltungskreis Bern-Mittelland,351960,3,351960,0,6,3,0,2,0,0,0,0,1,0,0,0,0,3,32,325,6,6011
15206,681,Belprahon,2,Bern / Berne,10283,Arrondissement administratif Jura bernois,0,3,0,0,8,3,0,2,0,0,0,0,2,0,0,0,1,3,32,326,5,5050
15208,683,Champoz,2,Bern / Berne,10283,Arrondissement administratif Jura bernois,0,3,0,0,8,3,0,2,0,0,0,0,2,0,0,0,1,3,32,325,5,5020
15210,687,Corcelles (BE),2,Bern / Berne,10283,Arrondissement administratif Jura bernois,0,3,0,0,8,3,0,2,0,0,0,0,2,0,0,0,1,3,32,325,5,5050
15211,690,Court,2,Bern / Berne,10283,Arrondissement administratif Jura bernois,0,3,0,0,8,3,0,2,0,0,0,0,2,0,0,0,1,3,32,326,5,5020
15212,691,Crémines,2,Bern / Berne,10283,Arrondissement administratif Jura bernois,0,3,0,0,8,3,0,2,0,0,0,0,2,0,0,0,1,3,32,326,5,5050
15213,692,Eschert,2,Bern / Berne,10283,Arrondissement administratif Jura bernois,0,3,0,0,8,2,0,2,0,0,0,0,2,0,0,0,1,2,31,316,5,5050
15214,694,Grandval,2,Bern / Berne,10283,Arrondissement administratif Jura bernois,0,3,0,0,8,3,0,2,0,0,0,0,2,0,0,0,1,3,32,327,5,5050
15215,696,Loveresse,2,Bern / Berne,10283,Arrondissement administratif Jura bernois,0,3,0,0,8,3,0,2,0,0,0,0,2,0,0,0,1,3,32,326,5,5020
15219,701,Perrefitte,2,Bern / Berne,10283,Arrondissement administratif Jura bernois,0,2,0,0,8,2,0,2,0,0,0,0,2,0,0,0,1,3,32,327,5,5050
15221,703,Reconvilier,2,Bern / Berne,10283,Arrondissement administratif Jura bernois,371960,2,371960,0,8,2,0,2,0,0,0,0,2,0,0,0,1,3,32,326,5,5020
15222,704,Roches (BE),2,Bern / Berne,10283,Arrondissement administratif Jura bernois,0,3,0,0,8,3,0,2,0,0,0,0,2,0,0,0,1,3,32,325,5,5050
15223,706,Saicourt,2,Bern / Berne,10283,Arrondissement administratif Jura bernois,0,3,0,0,8,3,0,2,0,0,0,0,2,0,0,0,1,3,32,327,5,5020
15224,707,Saules (BE),2,Bern / Berne,10283,Arrondissement administratif Jura bernois,0,3,0,0,8,3,0,2,0,0,0,0,2,0,0,0,1,3,32,325,5,5020
15225,708,Schelten,2,Bern / Berne,10283,Arrondissement administratif Jura bernois,0,3,0,0,8,3,0,2,0,0,0,0,1,0,0,0,1,3,32,325,5,5040
15226,709,Seehof,2,Bern / Berne,10283,Arrondissement administratif Jura bernois,0,3,0,0,8,3,0,2,0,0,0,0,1,0,0,0,1,3,33,335,5,5050
15228,711,Sorvilier,2,Bern / Berne,10283,Arrondissement administratif Jura bernois,0,3,0,0,8,3,0,2,0,0,0,0,2,0,0,0,1,3,32,327,5,5020
15230,713,Tavannes,2,Bern / Berne,10283,Arrondissement administratif Jura bernois,371960,2,371960,0,8,2,0,2,0,0,0,0,2,0,0,0,1,3,32,326,5,5020
15231,715,Rebévelier,2,Bern / Berne,10283,Arrondissement administratif Jura bernois,0,3,0,0,8,3,0,2,0,0,0,0,1,0,0,0,1,3,32,325,5,5020
15234,723,La Neuveville,2,Bern / Berne,10283,Arrondissement administratif Jura bernois,0,2,0,0,8,2,0,2,0,0,0,5,2,0,0,0,1,2,21,217,3,3030
15235,724,Nods,2,Bern / Berne,10283,Arrondissement administratif Jura bernois,371960,3,0,0,8,3,0,2,0,0,0,5,2,0,0,0,1,3,23,236,3,3030
15237,731,Aegerten,2,Bern / Berne,10284,Verwaltungskreis Biel/Bienne,371960,2,371960,0,8,2,0,2,371801,0,0,2,1,371910,371,3,0,1,12,123,5,5030
15238,732,Bellmund,2,Bern / Berne,10284,Verwaltungskreis Biel/Bienne,371960,2,371960,0,8,2,0,2,371801,0,0,2,1,371910,371,3,0,1,12,123,5,5030
15239,733,Brügg,2,Bern / Berne,10284,Verwaltungskreis Biel/Bienne,371960,1,371960,371950,8,1,371950,2,371801,0,0,2,1,371910,371,3,0,1,12,122,5,5030
15240,734,Bühl,2,Bern / Berne,10285,Verwaltungskreis Seeland,371960,3,371960,0,8,3,0,2,0,0,0,5,1,0,0,0,0,3,23,235,5,5030
15241,735,Epsach,2,Bern / Berne,10285,Verwaltungskreis Seeland,371960,3,371960,0,8,3,0,2,0,0,0,5,1,0,0,0,0,3,23,235,5,5030
15242,736,Hagneck,2,Bern / Berne,10285,Verwaltungskreis Seeland,371960,2,371960,0,8,3,0,2,0,0,0,5,1,0,0,0,0,2,22,227,5,5030
15243,737,Hermrigen,2,Bern / Berne,10285,Verwaltungskreis Seeland,371960,3,371960,0,8,3,0,2,0,0,0,5,1,0,0,0,0,3,23,237,5,5030
15244,738,Jens,2,Bern / Berne,10285,Verwaltungskreis Seeland,371960,2,371960,0,8,2,0,2,371810,0,0,4,1,371910,371,3,0,2,22,226,5,5030
15245,739,Ipsach,2,Bern / Berne,10284,Verwaltungskreis Biel/Bienne,371960,1,371960,371950,8,1,371950,2,371801,0,0,2,1,371910,371,3,0,1,12,123,5,5030
15246,740,Ligerz,2,Bern / Berne,10284,Verwaltungskreis Biel/Bienne,371960,3,371960,0,8,3,0,2,0,0,0,5,1,0,0,0,1,3,23,235,5,5030
15247,741,Merzligen,2,Bern / Berne,10285,Verwaltungskreis Seeland,371960,3,371960,0,8,3,0,2,371810,0,0,4,1,371910,371,3,0,3,23,237,5,5030
15248,742,Mörigen,2,Bern / Berne,10284,Verwaltungskreis Biel/Bienne,371960,2,371960,0,8,2,0,2,371810,0,0,4,1,371910,371,3,0,2,22,227,5,5030
15249,743,Nidau,2,Bern / Berne,10284,Verwaltungskreis Biel/Bienne,371960,1,371960,371950,8,1,371950,2,371801,0,0,2,1,371910,371,3,0,1,12,123,5,5030
15250,744,Orpund,2,Bern / Berne,10284,Verwaltungskreis Biel/Bienne,371960,2,371960,0,8,2,0,2,371810,0,0,4,1,371910,371,3,0,2,22,226,5,5030
15251,745,Port,2,Bern / Berne,10284,Verwaltungskreis Biel/Bienne,371960,1,371960,371950,8,1,371950,2,371801,0,0,2,1,371910,371,3,0,1,12,123,5,5030
15252,746,Safnern,2,Bern / Berne,10284,Verwaltungskreis Biel/Bienne,371960,2,371960,0,8,2,0,2,371810,0,0,4,1,371910,371,3,0,2,22,226,5,5030
15253,747,Scheuren,2,Bern / Berne,10284,Verwaltungskreis Biel/Bienne,371960,2,371960,0,8,2,0,2,371810,0,0,4,1,371910,371,3,0,2,22,227,5,5030
15254,748,Schwadernau,2,Bern / Berne,10284,Verwaltungskreis Biel/Bienne,371960,2,371960,0,8,2,0,2,371801,0,0,2,1,371910,371,3,0,1,12,123,5,5030
15255,749,Studen (BE),2,Bern / Berne,10285,Verwaltungskreis Seeland,371960,2,371960,0,8,2,0,2,371801,0,0,2,1,371910,371,3,0,1,12,122,5,5030
15256,750,Sutz-Lattrigen,2,Bern / Berne,10284,Verwaltungskreis Biel/Bienne,371960,2,371960,0,8,2,0,2,371810,0,0,4,1,371910,371,3,0,2,22,227,5,5030
15257,751,Täuffelen,2,Bern / Berne,10285,Verwaltungskreis Seeland,371960,2,371960,0,8,2,0,2,0,0,0,5,1,0,0,0,0,2,22,226,5,5030
15258,754,Walperswil,2,Bern / Berne,10285,Verwaltungskreis Seeland,371960,3,371960,0,8,3,0,2,0,0,0,5,1,0,0,0,0,3,23,235,5,5030
15259,755,Worben,2,Bern / Berne,10285,Verwaltungskreis Seeland,371960,2,371960,0,8,2,0,2,371801,0,0,2,1,371910,371,3,0,1,12,123,5,5030
15260,761,Därstetten,2,Bern / Berne,10291,Verwaltungskreis Frutigen-Niedersimmental,351960,3,351960,0,6,3,0,2,0,0,0,0,1,0,0,0,1,3,33,335,9,9020
15261,762,Diemtigen,2,Bern / Berne,10291,Verwaltungskreis Frutigen-Niedersimmental,351960,3,351960,0,6,3,0,2,0,0,0,0,1,0,0,0,1,3,33,338,9,9030
15262,763,Erlenbach im Simmental,2,Bern / Berne,10291,Verwaltungskreis Frutigen-Niedersimmental,351960,3,351960,0,6,3,0,2,0,0,0,0,1,0,0,0,1,3,32,327,9,9030
15265,766,Oberwil im Simmental,2,Bern / Berne,10291,Verwaltungskreis Frutigen-Niedersimmental,0,3,351960,0,6,3,0,2,0,0,0,0,1,0,0,0,1,3,33,335,9,9020
15267,768,Spiez,2,Bern / Berne,10291,Verwaltungskreis Frutigen-Niedersimmental,351960,2,351960,0,6,2,0,2,0,1,768,6,1,0,90768,0,0,1,13,134,9,9030
15268,769,Wimmis,2,Bern / Berne,10291,Verwaltungskreis Frutigen-Niedersimmental,351960,3,351960,0,6,3,0,2,0,0,0,5,1,0,0,0,1,2,22,226,9,9030
15270,782,Guttannen,2,Bern / Berne,10292,Verwaltungskreis Interlaken-Oberhasli,0,3,0,0,6,3,0,2,0,0,0,0,1,0,0,0,1,3,33,338,9,9060
15271,783,Hasliberg,2,Bern / Berne,10292,Verwaltungskreis Interlaken-Oberhasli,0,3,0,0,6,3,0,2,0,0,0,0,1,0,0,0,1,3,33,334,9,9060
15273,785,Meiringen,2,Bern / Berne,10292,Verwaltungskreis Interlaken-Oberhasli,0,3,0,0,6,3,0,2,0,0,0,0,1,0,0,0,1,2,31,314,9,9060
15274,786,Schattenhalb,2,Bern / Berne,10292,Verwaltungskreis Interlaken-Oberhasli,0,3,0,0,6,3,0,2,0,0,0,0,1,0,0,0,1,2,31,317,9,9060
15275,791,Boltigen,2,Bern / Berne,10290,Verwaltungskreis Obersimmental-Saanen,0,3,0,0,6,3,0,2,0,0,0,0,1,0,0,0,1,3,33,335,9,9020
15276,792,Lenk,2,Bern / Berne,10290,Verwaltungskreis Obersimmental-Saanen,0,3,0,0,6,3,0,2,0,0,0,0,1,0,0,0,1,3,33,334,9,9020
15277,793,St. Stephan,2,Bern / Berne,10290,Verwaltungskreis Obersimmental-Saanen,0,3,0,0,6,3,0,2,0,0,0,0,1,0,0,0,1,3,33,335,9,9020
15278,794,Zweisimmen,2,Bern / Berne,10290,Verwaltungskreis Obersimmental-Saanen,0,3,0,0,6,3,0,2,0,0,0,0,1,0,0,0,1,3,33,338,9,9020
15279,841,Gsteig,2,Bern / Berne,10290,Verwaltungskreis Obersimmental-Saanen,0,3,0,0,6,3,0,2,0,0,0,0,1,0,0,0,1,3,33,338,9,9010
15280,842,Lauenen,2,Bern / Berne,10290,Verwaltungskreis Obersimmental-Saanen,0,3,0,0,6,3,0,2,0,0,0,0,1,0,0,0,1,3,33,335,9,9010
15281,843,Saanen,2,Bern / Berne,10290,Verwaltungskreis Obersimmental-Saanen,0,3,0,0,6,3,0,2,0,0,0,0,1,0,0,0,1,2,31,314,9,9010
15283,852,Guggisberg,2,Bern / Berne,10288,Verwaltungskreis Bern-Mittelland,351960,3,351960,0,6,3,0,2,0,0,0,0,1,0,0,0,1,3,33,335,6,6013
15284,853,Rüschegg,2,Bern / Berne,10288,Verwaltungskreis Bern-Mittelland,351960,3,351960,0,6,3,0,2,0,0,0,0,1,0,0,0,1,3,33,338,6,6013
15288,863,Burgistein,2,Bern / Berne,10289,Verwaltungskreis Thun,351960,3,351960,0,6,3,0,2,0,0,0,5,1,0,0,0,0,3,23,236,9,9030
15290,866,Gerzensee,2,Bern / Berne,10288,Verwaltungskreis Bern-Mittelland,351960,2,351960,0,6,3,0,2,351810,0,0,4,1,351910,351,2,0,3,23,237,6,6013
15291,867,Gurzelen,2,Bern / Berne,10289,Verwaltungskreis Thun,351960,3,351960,0,6,3,0,2,0,0,0,5,1,0,0,0,0,2,22,227,9,9030
15292,868,Jaberg,2,Bern / Berne,10288,Verwaltungskreis Bern-Mittelland,351960,3,351960,0,6,3,0,2,351810,0,0,4,1,351910,351,2,0,2,22,226,9,9030
15293,869,Kaufdorf,2,Bern / Berne,10288,Verwaltungskreis Bern-Mittelland,351960,3,351960,0,6,3,0,2,351810,0,0,4,1,351910,351,2,0,2,22,226,6,6013
15294,870,Kehrsatz,2,Bern / Berne,10288,Verwaltungskreis Bern-Mittelland,351960,2,351960,0,6,2,0,2,351801,0,0,2,1,351910,351,2,0,1,11,113,6,6012
15301,877,Niedermuhlern,2,Bern / Berne,10288,Verwaltungskreis Bern-Mittelland,351960,3,351960,0,6,3,0,2,351810,0,0,4,1,351910,351,2,1,3,23,235,6,6013
15304,880,Rüeggisberg,2,Bern / Berne,10288,Verwaltungskreis Bern-Mittelland,351960,3,351960,0,6,3,0,2,0,0,0,0,1,0,0,0,1,3,33,335,6,6013
15306,883,Seftigen,2,Bern / Berne,10289,Verwaltungskreis Thun,351960,3,351960,0,6,3,0,2,0,0,0,5,1,0,0,0,0,2,22,226,9,9030
15307,884,Toffen,2,Bern / Berne,10288,Verwaltungskreis Bern-Mittelland,351960,2,351960,0,6,2,0,2,351810,0,0,4,1,351910,351,2,0,2,22,227,6,6013
15309,886,Wattenwil,2,Bern / Berne,10289,Verwaltungskreis Thun,351960,3,351960,0,6,3,0,2,0,0,0,5,1,0,0,0,1,2,22,227,9,9030
15310,888,Wald (BE),2,Bern / Berne,10288,Verwaltungskreis Bern-Mittelland,351960,3,351960,0,6,3,0,2,351810,0,0,4,1,351910,351,2,1,3,23,237,6,6013
15311,901,Eggiwil,2,Bern / Berne,10287,Verwaltungskreis Emmental,0,3,0,0,6,3,0,2,0,0,0,0,1,0,0,0,1,3,33,335,6,6030
15312,902,Langnau im Emmental,2,Bern / Berne,10287,Verwaltungskreis Emmental,351960,2,351960,0,6,2,0,2,0,0,0,0,1,0,0,0,1,2,31,317,6,6030
15313,903,Lauperswil,2,Bern / Berne,10287,Verwaltungskreis Emmental,0,3,0,0,6,3,0,2,0,0,0,0,1,0,0,0,1,3,32,326,6,6030
15314,904,Röthenbach im Emmental,2,Bern / Berne,10287,Verwaltungskreis Emmental,351960,3,351960,0,6,3,0,2,0,0,0,0,1,0,0,0,1,3,33,335,6,6030
15315,905,Rüderswil,2,Bern / Berne,10287,Verwaltungskreis Emmental,0,3,0,0,6,3,0,2,0,0,0,0,1,0,0,0,0,3,32,327,6,6030
15316,906,Schangnau,2,Bern / Berne,10287,Verwaltungskreis Emmental,0,3,0,0,6,3,0,2,0,0,0,0,1,0,0,0,1,3,33,335,6,6030
15317,907,Signau,2,Bern / Berne,10287,Verwaltungskreis Emmental,351960,3,351960,0,6,3,0,2,0,0,0,0,1,0,0,0,1,3,32,326,6,6030
15318,908,Trub,2,Bern / Berne,10287,Verwaltungskreis Emmental,0,3,0,0,6,3,0,2,0,0,0,0,1,0,0,0,1,3,33,335,6,6030
15319,909,Trubschachen,2,Bern / Berne,10287,Verwaltungskreis Emmental,0,3,0,0,6,3,0,2,0,0,0,0,1,0,0,0,1,3,33,338,6,6030
15320,921,Amsoldingen,2,Bern / Berne,10289,Verwaltungskreis Thun,351960,2,351960,0,6,2,0,2,942810,0,0,4,1,942910,942,4,0,3,23,235,9,9030
15321,922,Blumenstein,2,Bern / Berne,10289,Verwaltungskreis Thun,351960,3,351960,0,6,3,0,2,0,0,0,5,1,0,0,0,1,2,22,226,9,9030
15322,923,Buchholterberg,2,Bern / Berne,10289,Verwaltungskreis Thun,351960,3,351960,0,6,3,0,2,0,0,0,5,1,0,0,0,1,3,23,235,9,9030
15323,924,Eriz,2,Bern / Berne,10289,Verwaltungskreis Thun,351960,3,351960,0,6,3,0,2,0,0,0,5,1,0,0,0,1,3,23,235,9,9030
15324,925,Fahrni,2,Bern / Berne,10289,Verwaltungskreis Thun,351960,3,351960,0,6,3,0,2,942810,0,0,4,1,942910,942,4,1,3,23,235,9,9030
15325,927,Heiligenschwendi,2,Bern / Berne,10289,Verwaltungskreis Thun,351960,3,351960,0,6,3,0,2,942810,0,0,4,1,942910,942,4,1,3,23,237,9,9030
15326,928,Heimberg,2,Bern / Berne,10289,Verwaltungskreis Thun,351960,1,351960,942950,6,1,942950,2,942801,0,0,2,1,942910,942,4,0,1,12,123,9,9030
15327,929,Hilterfingen,2,Bern / Berne,10289,Verwaltungskreis Thun,351960,1,351960,942950,6,2,0,2,942801,0,0,2,1,942910,942,4,1,1,12,123,9,9030
15329,931,Homberg,2,Bern / Berne,10289,Verwaltungskreis Thun,351960,3,351960,0,6,3,0,2,942810,0,0,4,1,942910,942,4,1,3,23,235,9,9030
15330,932,Horrenbach-Buchen,2,Bern / Berne,10289,Verwaltungskreis Thun,351960,3,351960,0,6,3,0,2,942810,0,0,4,1,942910,942,4,1,3,23,235,9,9030
15331,934,Oberhofen am Thunersee,2,Bern / Berne,10289,Verwaltungskreis Thun,351960,1,351960,942950,6,2,0,2,942801,0,0,2,1,942910,942,4,1,1,12,123,9,9030
15332,935,Oberlangenegg,2,Bern / Berne,10289,Verwaltungskreis Thun,351960,3,351960,0,6,3,0,2,0,0,0,5,1,0,0,0,1,3,23,235,9,9030
15333,936,Pohlern,2,Bern / Berne,10289,Verwaltungskreis Thun,351960,3,351960,0,6,3,0,2,0,0,0,5,1,0,0,0,1,3,23,235,9,9030
15335,938,Sigriswil,2,Bern / Berne,10289,Verwaltungskreis Thun,351960,2,351960,0,6,2,0,2,0,0,0,5,1,0,0,0,1,2,22,227,9,9030
15337,940,Teuffenthal (BE),2,Bern / Berne,10289,Verwaltungskreis Thun,351960,3,351960,0,6,3,0,2,0,0,0,5,1,0,0,0,1,3,23,235,9,9030
15338,941,Thierachern,2,Bern / Berne,10289,Verwaltungskreis Thun,351960,2,351960,0,6,2,0,2,942810,0,0,4,1,942910,942,4,0,2,22,227,9,9030
15339,942,Thun,2,Bern / Berne,10289,Verwaltungskreis Thun,351960,1,351960,942950,6,1,942950,2,942801,1,942,1,1,942901,942,4,0,1,12,121,9,9030
15340,943,Uebeschi,2,Bern / Berne,10289,Verwaltungskreis Thun,351960,3,351960,0,6,3,0,2,0,0,0,5,1,0,0,0,0,3,23,235,9,9030
15341,944,Uetendorf,2,Bern / Berne,10289,Verwaltungskreis Thun,351960,2,351960,0,6,2,0,2,0,0,0,5,1,0,0,0,0,2,21,216,9,9030
15342,945,Unterlangenegg,2,Bern / Berne,10289,Verwaltungskreis Thun,351960,3,351960,0,6,3,0,2,942810,0,0,4,1,942910,942,4,1,3,23,237,9,9030
15343,946,Wachseldorn,2,Bern / Berne,10289,Verwaltungskreis Thun,351960,3,351960,0,6,3,0,2,0,0,0,0,1,0,0,0,1,3,33,335,9,9030
15345,948,Forst-Längenbühl,2,Bern / Berne,10289,Verwaltungskreis Thun,351960,3,351960,0,6,3,0,2,0,0,0,5,1,0,0,0,0,2,22,227,9,9030
15346,951,Affoltern im Emmental,2,Bern / Berne,10287,Verwaltungskreis Emmental,0,3,0,0,6,3,0,2,0,0,0,0,1,0,0,0,0,3,32,326,6,6020
15347,952,Dürrenroth,2,Bern / Berne,10287,Verwaltungskreis Emmental,0,3,0,0,6,3,0,2,0,0,0,0,1,0,0,0,0,3,32,325,10,10010
15348,953,Eriswil,2,Bern / Berne,10286,Verwaltungskreis Oberaargau,0,3,0,0,6,3,0,2,0,0,0,0,1,0,0,0,1,3,32,325,10,10010
15349,954,Huttwil,2,Bern / Berne,10286,Verwaltungskreis Oberaargau,0,3,0,0,6,3,0,2,0,0,0,0,1,0,0,0,0,2,31,316,10,10010
15350,955,Lützelflüh,2,Bern / Berne,10287,Verwaltungskreis Emmental,0,3,351960,0,6,3,0,2,0,0,0,0,1,0,0,0,0,3,32,326,6,6020
15351,956,Rüegsau,2,Bern / Berne,10287,Verwaltungskreis Emmental,0,2,351960,0,6,2,0,2,0,0,0,5,1,0,0,0,0,2,22,226,6,6020
15352,957,Sumiswald,2,Bern / Berne,10287,Verwaltungskreis Emmental,0,3,0,0,6,3,0,2,0,0,0,0,1,0,0,0,1,3,32,326,6,6020
15353,958,Trachselwald,2,Bern / Berne,10287,Verwaltungskreis Emmental,0,3,0,0,6,3,0,2,0,0,0,0,1,0,0,0,1,3,33,335,6,6020
15354,959,Walterswil (BE),2,Bern / Berne,10286,Verwaltungskreis Oberaargau,0,3,0,0,6,3,0,2,0,0,0,0,1,0,0,0,0,3,32,325,10,10010
15355,960,Wyssachen,2,Bern / Berne,10286,Verwaltungskreis Oberaargau,0,3,0,0,6,3,0,2,0,0,0,0,1,0,0,0,0,3,32,326,10,10010
15356,971,Attiswil,2,Bern / Berne,10286,Verwaltungskreis Oberaargau,0,2,0,0,6,2,0,2,0,0,0,0,1,0,0,0,0,3,32,327,5,5060
15357,972,Berken,2,Bern / Berne,10286,Verwaltungskreis Oberaargau,0,3,0,0,6,3,0,2,0,0,0,0,1,0,0,0,0,3,32,327,10,10010
15360,975,Farnern,2,Bern / Berne,10286,Verwaltungskreis Oberaargau,0,3,0,0,6,3,0,2,0,0,0,0,1,0,0,0,1,3,32,327,5,5060
15361,976,Graben,2,Bern / Berne,10286,Verwaltungskreis Oberaargau,0,3,0,0,6,3,0,2,0,0,0,0,1,0,0,0,0,3,32,325,10,10010
15362,977,Heimenhausen,2,Bern / Berne,10286,Verwaltungskreis Oberaargau,0,2,0,0,6,2,0,2,0,0,0,0,1,0,0,0,0,3,32,326,10,10010
15364,979,Herzogenbuchsee,2,Bern / Berne,10286,Verwaltungskreis Oberaargau,0,2,0,0,6,2,0,2,0,0,0,6,1,0,90979,0,0,1,13,136,10,10010
15365,980,Inkwil,2,Bern / Berne,10286,Verwaltungskreis Oberaargau,0,2,0,0,6,2,0,2,0,0,0,0,1,0,0,0,0,3,32,326,10,10010
15367,982,Niederönz,2,Bern / Berne,10286,Verwaltungskreis Oberaargau,0,2,0,0,6,2,0,2,0,0,0,6,1,0,90979,0,0,1,13,136,10,10010
15368,983,Oberbipp,2,Bern / Berne,10286,Verwaltungskreis Oberaargau,0,2,0,0,6,2,0,2,0,0,0,0,1,0,0,0,0,3,32,326,5,5060
15369,985,Ochlenberg,2,Bern / Berne,10286,Verwaltungskreis Oberaargau,0,3,0,0,6,3,0,2,0,0,0,0,1,0,0,0,0,3,32,325,10,10010
15370,987,Rumisberg,2,Bern / Berne,10286,Verwaltungskreis Oberaargau,0,2,0,0,6,3,0,2,0,0,0,0,1,0,0,0,1,3,32,325,5,5060
15372,989,Thörigen,2,Bern / Berne,10286,Verwaltungskreis Oberaargau,0,2,0,0,6,2,0,2,0,0,0,0,1,0,0,0,0,3,32,326,10,10010
15373,990,Walliswil bei Niederbipp,2,Bern / Berne,10286,Verwaltungskreis Oberaargau,0,3,0,0,6,3,0,2,0,0,0,0,1,0,0,0,0,3,32,326,5,5060
15374,991,Walliswil bei Wangen,2,Bern / Berne,10286,Verwaltungskreis Oberaargau,0,3,0,0,6,3,0,2,0,0,0,0,1,0,0,0,0,3,32,327,5,5060
15377,995,Wiedlisbach,2,Bern / Berne,10286,Verwaltungskreis Oberaargau,0,2,0,0,6,2,0,2,0,0,0,0,1,0,0,0,0,3,32,327,5,5060
15380,2457,Messen,11,Solothurn,10100,Bezirk Bucheggberg,351960,3,351960,0,14,3,0,2,0,0,0,5,1,0,0,0,0,3,23,237,5,5060
15381,3359,Wildhaus-Alt St. Johann,17,St. Gallen,10264,Wahlkreis Toggenburg,0,3,0,0,2,3,0,5,0,0,0,0,1,0,0,0,1,3,33,334,15,15040
15385,4001,Aarau,19,Aargau,10026,Bezirk Aarau,0,1,4001960,4001950,14,2,0,3,4001801,1,4001,1,1,4001901,4001,3,0,1,12,121,10,10020
15386,4080,Villmergen,19,Aargau,10024,Bezirk Bremgarten,0,2,0,0,14,2,0,3,4082801,0,0,2,1,4082910,4082,5,0,1,13,136,12,12010
15388,4184,Mettauertal,19,Aargau,10021,Bezirk Laufenburg,0,3,0,0,14,3,0,3,0,0,0,0,1,0,0,0,0,3,32,326,12,12010
15389,4169,Kaisten,19,Aargau,10021,Bezirk Laufenburg,0,2,0,0,14,2,0,3,0,0,0,0,1,0,0,0,0,3,32,326,8,8015
15390,4170,Laufenburg,19,Aargau,10021,Bezirk Laufenburg,0,2,0,0,14,2,0,3,0,0,0,0,1,0,0,0,0,3,32,326,8,8015
15391,5398,Gambarogno,21,Ticino,10004,Distretto di Locarno,0,3,0,0,12,3,0,7,0,0,0,5,3,0,0,0,1,2,22,226,13,13020
15392,5238,Monteceneri,21,Ticino,10003,Distretto di Lugano,5192960,3,5192960,0,12,3,0,7,5192810,0,0,4,3,5192910,5192,3,1,2,22,227,14,14010
15394,4696,Tägerwilen,20,Thurgau,10295,Bezirk Kreuzlingen,0,2,4671960,0,2,2,0,5,0,0,0,5,1,0,0,0,0,2,21,217,15,15030
15395,4864,Steckborn,20,Thurgau,10294,Bezirk Frauenfeld,0,2,0,0,2,2,0,5,0,0,0,0,1,0,0,0,0,3,32,326,15,15030
15396,4606,Stettfurt,20,Thurgau,10294,Bezirk Frauenfeld,261960,3,261960,0,2,3,0,5,0,0,0,5,1,0,0,0,0,3,23,235,15,15020
15397,4451,Uttwil,20,Thurgau,10293,Bezirk Arbon,0,2,0,0,2,2,0,5,0,0,0,5,1,0,0,0,0,2,22,227,15,15020
15398,4641,Altnau,20,Thurgau,10295,Bezirk Kreuzlingen,0,2,4671960,0,2,2,0,5,0,0,0,0,1,0,0,0,0,3,32,327,15,15030
15399,4801,Berlingen,20,Thurgau,10294,Bezirk Frauenfeld,0,2,0,0,2,2,0,5,0,0,0,0,1,0,0,0,0,3,32,327,15,15030
15400,4656,Güttingen,20,Thurgau,10295,Bezirk Kreuzlingen,0,3,4671960,0,2,3,0,5,0,0,0,5,1,0,0,0,0,2,22,226,15,15030
15401,4651,Gottlieben,20,Thurgau,10295,Bezirk Kreuzlingen,0,2,4671960,0,2,2,0,5,0,0,0,0,1,0,0,0,0,2,21,216,15,15030
15402,4411,Egnach,20,Thurgau,10293,Bezirk Arbon,3203960,2,3203960,0,2,2,0,5,0,0,0,5,1,0,0,0,0,2,22,227,15,15020
15403,4406,Dozwil,20,Thurgau,10293,Bezirk Arbon,0,2,0,0,2,2,0,5,0,0,0,5,1,0,0,0,0,2,22,226,15,15020
15404,4421,Horn,20,Thurgau,10293,Bezirk Arbon,3203960,2,3203960,0,2,2,0,5,4401801,0,0,2,1,4401910,4401,4,0,1,12,123,15,15050
15405,4806,Eschenz,20,Thurgau,10294,Bezirk Frauenfeld,0,2,0,0,2,2,0,5,0,0,0,0,1,0,0,0,0,2,31,316,12,12020
15406,4416,Hefenhofen,20,Thurgau,10293,Bezirk Arbon,0,2,0,0,2,3,0,5,0,0,0,5,1,0,0,0,0,2,22,226,15,15020
15407,4746,Münchwilen (TG),20,Thurgau,10296,Bezirk Münchwilen,0,2,0,0,2,2,0,5,3425801,0,0,2,1,3425910,3425,4,0,1,12,123,15,15010
15408,4671,Kreuzlingen,20,Thurgau,10295,Bezirk Kreuzlingen,0,1,4671960,4671950,2,2,0,5,4671801,1,4671,1,1,4671901,4671,5,0,1,13,137,15,15030
15409,4426,Kesswil,20,Thurgau,10293,Bezirk Arbon,0,2,0,0,2,2,0,5,0,0,0,5,1,0,0,0,0,2,22,226,15,15020
15410,4591,Matzingen,20,Thurgau,10294,Bezirk Frauenfeld,261960,3,261960,0,2,3,0,5,0,0,0,5,1,0,0,0,0,2,22,226,15,15020
15411,4436,Romanshorn,20,Thurgau,10293,Bezirk Arbon,0,2,3203960,0,2,2,0,5,4436801,1,4436,1,1,4436901,4436,5,0,1,13,136,15,15020
15412,4431,Roggwil (TG),20,Thurgau,10293,Bezirk Arbon,3203960,2,3203960,0,2,2,0,5,4401801,0,0,2,1,4401910,4401,4,0,1,12,123,15,15050
15413,4441,Salmsach,20,Thurgau,10293,Bezirk Arbon,0,2,3203960,0,2,2,0,5,4436801,0,0,2,1,4436910,4436,5,0,1,13,137,15,15020
15414,4846,Raperswilen,20,Thurgau,10295,Bezirk Kreuzlingen,0,3,0,0,2,3,0,5,0,0,0,0,1,0,0,0,0,3,32,325,15,15020
15415,4756,Schönholzerswilen,20,Thurgau,10297,Bezirk Weinfelden,0,3,0,0,2,3,0,5,0,0,0,0,1,0,0,0,0,3,32,325,15,15020
15416,4831,Müllheim,20,Thurgau,10294,Bezirk Frauenfeld,261960,3,261960,0,2,3,0,5,0,0,0,5,1,0,0,0,0,2,22,226,15,15020
15417,4446,Sommeri,20,Thurgau,10293,Bezirk Arbon,0,2,0,0,2,3,0,5,0,0,0,0,1,0,0,0,0,3,32,327,15,15020
15418,4791,Wuppenau,20,Thurgau,10297,Bezirk Weinfelden,0,3,0,0,2,3,0,5,0,0,0,5,1,0,0,0,0,3,23,237,15,15010
15419,4726,Fischingen,20,Thurgau,10296,Bezirk Münchwilen,0,3,0,0,2,3,0,5,0,0,0,0,1,0,0,0,0,3,32,326,15,15010
15420,4941,Märstetten,20,Thurgau,10297,Bezirk Weinfelden,0,3,0,0,2,3,0,5,0,0,0,0,1,0,0,0,0,3,32,327,15,15020
15421,4646,Ermatingen,20,Thurgau,10295,Bezirk Kreuzlingen,0,2,0,0,2,2,0,5,0,0,0,0,1,0,0,0,0,3,32,327,15,15030
15422,4851,Salenstein,20,Thurgau,10295,Bezirk Kreuzlingen,0,2,0,0,2,2,0,5,0,0,0,0,1,0,0,0,0,3,32,327,15,15030
15423,4561,Felben-Wellhausen,20,Thurgau,10294,Bezirk Frauenfeld,261960,3,261960,0,2,3,0,5,0,0,0,5,1,0,0,0,0,2,22,226,15,15020
15424,4826,Mammern,20,Thurgau,10294,Bezirk Frauenfeld,0,3,0,0,2,3,0,5,0,0,0,0,1,0,0,0,0,3,32,327,15,15030
15425,4643,Bottighofen,20,Thurgau,10295,Bezirk Kreuzlingen,0,1,4671960,4671950,2,2,0,5,4671801,0,0,2,1,4671910,4671,5,0,1,13,137,15,15030
15426,4691,Münsterlingen,20,Thurgau,10295,Bezirk Kreuzlingen,0,2,4671960,0,2,2,0,5,0,0,0,0,1,0,0,0,0,3,32,327,15,15030
15427,4476,Erlen,20,Thurgau,10297,Bezirk Weinfelden,0,2,0,0,2,3,0,5,0,0,0,0,1,0,0,0,0,3,32,326,15,15020
15428,4911,Bürglen (TG),20,Thurgau,10297,Bezirk Weinfelden,0,2,0,0,2,3,0,5,0,0,0,0,1,0,0,0,0,3,32,327,15,15020
15429,4611,Thundorf,20,Thurgau,10294,Bezirk Frauenfeld,0,3,0,0,2,3,0,5,0,0,0,5,1,0,0,0,0,3,23,235,15,15020
15430,4621,Warth-Weiningen,20,Thurgau,10294,Bezirk Frauenfeld,261960,3,261960,0,2,3,0,5,0,0,0,5,1,0,0,0,0,3,23,237,15,15020
15431,4616,Uesslingen-Buch,20,Thurgau,10294,Bezirk Frauenfeld,261960,3,261960,0,2,3,0,5,0,0,0,5,1,0,0,0,0,3,23,235,15,15020
15432,4701,Wäldi,20,Thurgau,10295,Bezirk Kreuzlingen,0,3,0,0,2,3,0,5,0,0,0,0,1,0,0,0,0,3,32,327,15,15030
15433,4711,Affeltrangen,20,Thurgau,10297,Bezirk Weinfelden,0,3,0,0,2,3,0,5,0,0,0,0,1,0,0,0,0,3,32,326,15,15020
15434,4716,Bettwiesen,20,Thurgau,10296,Bezirk Münchwilen,0,2,0,0,2,2,0,5,0,0,0,5,1,0,0,0,0,3,23,236,15,15010
15435,4741,Lommis,20,Thurgau,10296,Bezirk Münchwilen,261960,3,0,0,2,3,0,5,0,0,0,5,1,0,0,0,0,3,23,236,15,15010
15436,4881,Amlikon-Bissegg,20,Thurgau,10297,Bezirk Weinfelden,0,3,0,0,2,3,0,5,0,0,0,0,1,0,0,0,0,3,32,327,15,15020
15437,4946,Weinfelden,20,Thurgau,10297,Bezirk Weinfelden,0,2,0,0,2,2,0,5,0,1,4946,6,1,0,94946,0,0,1,13,137,15,15020
15438,4901,Birwinken,20,Thurgau,10297,Bezirk Weinfelden,0,3,0,0,2,3,0,5,0,0,0,0,1,0,0,0,0,3,32,325,15,15020
15439,4951,Wigoltingen,20,Thurgau,10297,Bezirk Weinfelden,0,3,261960,0,2,3,0,5,0,0,0,0,1,0,0,0,0,3,32,326,15,15020
15440,4871,Wagenhausen,20,Thurgau,10294,Bezirk Frauenfeld,0,2,261960,0,2,2,0,5,0,0,0,0,1,0,0,0,0,2,31,316,12,12020
15441,4781,Wängi,20,Thurgau,10296,Bezirk Münchwilen,261960,2,261960,0,2,2,0,5,0,0,0,5,1,0,0,0,0,2,22,226,15,15010
15442,4551,Aadorf,20,Thurgau,10296,Bezirk Münchwilen,261960,2,261960,0,2,2,0,5,0,0,0,5,1,0,0,0,0,2,21,216,12,12040
15443,4721,Bichelsee-Balterswil,20,Thurgau,10296,Bezirk Münchwilen,261960,2,261960,0,2,2,0,5,0,0,0,5,1,0,0,0,0,2,22,226,15,15010
15444,4921,Bussnang,20,Thurgau,10297,Bezirk Weinfelden,0,3,0,0,2,3,0,5,0,0,0,0,1,0,0,0,0,3,32,326,15,15020
15445,4666,Kemmental,20,Thurgau,10295,Bezirk Kreuzlingen,0,3,4671960,0,2,3,0,5,0,0,0,0,1,0,0,0,0,3,32,327,15,15030
15446,4486,Hauptwil-Gottshaus,20,Thurgau,10297,Bezirk Weinfelden,3203960,2,3203960,0,2,3,0,5,0,0,0,0,1,0,0,0,0,3,32,326,15,15050
15447,4601,Neunforn,20,Thurgau,10294,Bezirk Frauenfeld,261960,3,261960,0,2,3,0,5,0,0,0,5,1,0,0,0,0,3,23,236,12,12040
15448,4501,Kradolf-Schönenberg,20,Thurgau,10297,Bezirk Weinfelden,0,2,0,0,2,2,0,5,0,0,0,0,1,0,0,0,0,3,32,326,15,15020
15449,4471,Bischofszell,20,Thurgau,10297,Bezirk Weinfelden,0,2,0,0,2,2,0,5,0,0,0,0,1,0,0,0,0,2,31,316,15,15020
15450,4506,Sulgen,20,Thurgau,10297,Bezirk Weinfelden,0,2,0,0,2,2,0,5,0,0,0,0,1,0,0,0,0,3,32,326,15,15020
15451,4461,Amriswil,20,Thurgau,10293,Bezirk Arbon,0,2,0,0,2,2,0,5,4436801,1,4461,1,1,4436901,4436,5,0,1,13,136,15,15020
15452,4511,Zihlschlacht-Sitterdorf,20,Thurgau,10297,Bezirk Weinfelden,0,3,0,0,2,3,0,5,0,0,0,0,1,0,0,0,0,3,32,327,15,15020
15453,4761,Sirnach,20,Thurgau,10296,Bezirk Münchwilen,261960,2,261960,0,2,2,0,5,3425801,0,0,2,1,3425910,3425,4,0,1,12,123,15,15010
15454,4724,Eschlikon,20,Thurgau,10296,Bezirk Münchwilen,261960,2,261960,0,2,2,0,5,0,0,0,5,1,0,0,0,0,2,21,216,15,15010
15455,4821,Hüttwilen,20,Thurgau,10294,Bezirk Frauenfeld,261960,3,261960,0,2,3,0,5,0,0,0,5,1,0,0,0,0,3,23,236,15,15020
15456,4401,Arbon,20,Thurgau,10293,Bezirk Arbon,3203960,2,3203960,0,2,2,0,5,4401801,1,4401,1,1,4401901,4401,4,0,1,12,121,15,15050
15457,4571,Gachnang,20,Thurgau,10294,Bezirk Frauenfeld,261960,2,261960,0,2,2,0,5,0,0,0,5,1,0,0,0,0,2,22,227,15,15020
15458,4566,Frauenfeld,20,Thurgau,10294,Bezirk Frauenfeld,261960,2,261960,0,2,2,0,5,4566801,1,4566,1,1,4566901,4566,5,0,1,13,137,15,15020
15459,4681,Langrickenbach,20,Thurgau,10295,Bezirk Kreuzlingen,0,3,4671960,0,2,3,0,5,0,0,0,0,1,0,0,0,0,3,32,325,15,15030
15460,4683,Lengwil,20,Thurgau,10295,Bezirk Kreuzlingen,0,2,4671960,0,2,3,0,5,0,0,0,0,1,0,0,0,0,3,32,327,15,15030
15461,4891,Berg (TG),20,Thurgau,10297,Bezirk Weinfelden,0,3,0,0,2,3,0,5,0,0,0,0,1,0,0,0,0,3,32,327,15,15020
15462,4786,Wilen (TG),20,Thurgau,10296,Bezirk Münchwilen,0,2,0,0,2,2,0,5,3425801,0,0,2,1,3425910,3425,4,0,1,12,123,15,15010
15463,4751,Rickenbach (TG),20,Thurgau,10296,Bezirk Münchwilen,0,2,0,0,2,2,0,5,3425801,0,0,2,1,3425910,3425,4,0,1,12,123,15,15010
15464,4811,Herdern,20,Thurgau,10294,Bezirk Frauenfeld,261960,3,261960,0,2,3,0,5,0,0,0,5,1,0,0,0,0,3,23,235,15,15020
15465,4841,Pfyn,20,Thurgau,10294,Bezirk Frauenfeld,261960,3,261960,0,2,3,0,5,0,0,0,5,1,0,0,0,0,3,23,237,15,15020
15466,4495,Hohentannen,20,Thurgau,10297,Bezirk Weinfelden,0,3,0,0,2,3,0,5,0,0,0,0,1,0,0,0,0,3,32,325,15,15020
15467,4546,Schlatt (TG),20,Thurgau,10294,Bezirk Frauenfeld,261960,3,261960,0,2,3,0,5,0,0,0,5,1,0,0,0,0,3,23,236,12,12020
15468,4536,Basadingen-Schlattingen,20,Thurgau,10294,Bezirk Frauenfeld,0,3,0,0,2,3,0,5,0,0,0,0,1,0,0,0,0,3,32,325,12,12020
15469,4590,Hüttlingen,20,Thurgau,10294,Bezirk Frauenfeld,261960,3,261960,0,2,3,0,5,0,0,0,5,1,0,0,0,0,3,23,235,15,15020
15470,4723,Braunau,20,Thurgau,10296,Bezirk Münchwilen,0,3,0,0,2,3,0,5,0,0,0,5,1,0,0,0,0,3,23,235,15,15010
15471,4776,Tobel-Tägerschen,20,Thurgau,10296,Bezirk Münchwilen,0,2,0,0,2,2,0,5,0,0,0,5,1,0,0,0,0,2,22,227,15,15010
15472,4816,Homburg,20,Thurgau,10294,Bezirk Frauenfeld,0,3,0,0,2,3,0,5,0,0,0,0,1,0,0,0,0,3,32,326,15,15020
15473,4545,Diessenhofen,20,Thurgau,10294,Bezirk Frauenfeld,0,2,0,0,2,2,0,5,0,0,0,0,1,0,0,0,0,3,32,326,12,12020
15474,306,Lyss,2,Bern / Berne,10285,Verwaltungskreis Seeland,351960,2,351960,0,8,2,0,2,0,1,306,6,1,0,90306,0,0,1,13,136,5,5030
15475,332,Madiswil,2,Bern / Berne,10286,Verwaltungskreis Oberaargau,0,3,0,0,6,3,0,2,0,0,0,0,1,0,0,0,0,3,32,327,10,10010
15476,855,Schwarzenburg,2,Bern / Berne,10288,Verwaltungskreis Bern-Mittelland,351960,3,351960,0,6,3,0,2,351810,0,0,4,1,351910,351,2,0,2,22,226,6,6013
15477,973,Bettenhausen,2,Bern / Berne,10286,Verwaltungskreis Oberaargau,0,2,0,0,6,2,0,2,0,0,0,0,1,0,0,0,0,3,32,325,10,10010
15478,1631,Glarus Süd,8,Glarus,10109,Kanton Glarus,0,3,0,0,2,3,0,5,0,0,0,0,1,0,0,0,1,3,33,334,12,12050
15479,1630,Glarus Nord,8,Glarus,10109,Kanton Glarus,0,2,0,0,2,2,0,5,1630801,1,1630,1,1,1630901,1630,5,1,1,13,136,12,12050
15480,1632,Glarus,8,Glarus,10109,Kanton Glarus,0,2,0,0,2,2,0,5,1630801,1,1632,1,1,1630901,1630,5,1,1,13,137,12,12050
15481,2129,Corbières,10,Fribourg / Freiburg,10105,District de la Gruyère,0,3,0,0,13,3,0,2,0,0,0,5,2,0,0,0,1,3,23,236,4,4020
15482,2554,Riedholz,11,Solothurn,10097,Bezirk Lebern,0,2,0,0,14,2,0,2,2601810,0,0,4,1,2601910,2601,4,0,2,22,227,5,5060
15485,6090,Mont-Noble,23,Valais / Wallis,10031,District d'Hérens,0,3,0,0,11,3,0,1,6266810,0,0,4,2,6266910,6266,4,1,3,23,237,7,7030
15487,5451,Avenches,22,Vaud,10274,District de la Broye-Vully,0,2,0,0,9,2,0,1,0,0,0,0,2,0,0,0,0,3,32,326,4,4010
15488,5464,Vully-les-Lacs,22,Vaud,10274,District de la Broye-Vully,0,3,0,0,9,3,0,1,0,0,0,0,2,0,0,0,0,3,32,327,4,4010
15489,5540,Montilliez,22,Vaud,10275,District du Gros-de-Vaud,5586960,3,5586960,0,9,3,0,1,5586810,0,0,4,2,5586910,5586,2,0,3,23,237,2,2023
15490,5541,Goumoëns,22,Vaud,10275,District du Gros-de-Vaud,5586960,3,5586960,0,9,3,0,1,5586810,0,0,4,2,5586910,5586,2,0,3,23,237,2,2023
15491,5804,Jorat-Menthue,22,Vaud,10275,District du Gros-de-Vaud,5586960,3,5586960,0,9,3,0,1,5586810,0,0,4,2,5586910,5586,2,0,3,23,237,2,2023
15492,5571,Tévenon,22,Vaud,10276,District du Jura-Nord vaudois,0,3,0,0,9,3,0,1,0,0,0,5,2,0,0,0,1,3,23,237,2,2030
15493,5613,Bourg-en-Lavaux,22,Vaud,10278,District de Lavaux-Oron,5586960,2,5586960,0,9,2,0,1,5586810,0,0,4,2,5586910,5586,2,0,2,22,227,2,2024
15494,5634,Echichens,22,Vaud,10279,District de Morges,5586960,2,5586960,0,9,3,0,1,5586810,0,0,4,2,5586910,5586,2,0,2,22,227,2,2022
15496,5831,Valbroye,22,Vaud,10274,District de la Broye-Vully,0,3,5586960,0,9,3,0,1,0,0,0,0,2,0,0,0,0,3,32,326,4,4010
15497,5938,Yverdon-les-Bains,22,Vaud,10276,District du Jura-Nord vaudois,0,2,0,0,9,2,0,1,5938801,1,5938,1,2,5938901,5938,5,0,1,13,137,2,2030
15498,861,Belp,2,Bern / Berne,10288,Verwaltungskreis Bern-Mittelland,351960,2,351960,0,6,2,0,2,351810,1,861,4,1,351910,351,2,0,2,21,217,6,6013
15503,4234,Merenschwand,19,Aargau,10019,Bezirk Muri,261960,3,261960,0,14,3,0,3,0,0,0,5,1,0,0,0,0,2,22,226,11,11060
15505,5799,Servion,22,Vaud,10278,District de Lavaux-Oron,5586960,3,5586960,0,9,3,0,1,5586810,0,0,4,2,5586910,5586,2,0,3,23,237,2,2024
15506,5905,Champvent,22,Vaud,10276,District du Jura-Nord vaudois,0,3,5586960,0,9,3,0,1,0,0,0,5,2,0,0,0,0,3,23,236,2,2030
15507,5913,Donneloye,22,Vaud,10276,District du Jura-Nord vaudois,5586960,3,5586960,0,9,3,0,1,0,0,0,5,2,0,0,0,0,3,23,235,2,2030
15508,2511,Aeschi (SO),11,Solothurn,10232,Bezirk Wasseramt,0,2,0,0,14,2,0,2,0,0,0,5,1,0,0,0,0,2,22,227,5,5060
15509,5050,Serravalle,21,Ticino,10006,Distretto di Blenio,0,3,0,0,12,3,0,7,0,0,0,0,3,0,0,0,1,3,33,338,13,13030
15512,5236,Collina d'Oro,21,Ticino,10003,Distretto di Lugano,5192960,2,5192960,0,12,2,0,7,5192801,0,0,2,3,5192910,5192,3,1,1,12,122,14,14010
15513,24,Buch am Irchel,1,Zürich,10082,Bezirk Andelfingen,261960,3,261960,0,3,3,0,4,0,0,0,5,1,0,0,0,0,3,23,235,12,12040
15514,223,Neftenbach,1,Zürich,10074,Bezirk Winterthur,261960,2,261960,0,3,2,0,4,230801,0,0,2,1,230910,230,3,0,1,12,123,12,12040
15518,1010,Escholzmatt-Marbach,3,Luzern,10303,Wahlkreis Entlebuch,0,3,0,0,4,3,0,6,0,0,0,0,1,0,0,0,1,3,33,338,11,11010
15520,1097,Rickenbach (LU),3,Luzern,10301,Wahlkreis Sursee,0,2,0,0,4,3,0,6,0,0,0,0,1,0,0,0,0,3,32,326,11,11020
15521,1143,Schötz,3,Luzern,10302,Wahlkreis Willisau,0,2,0,0,4,2,0,6,0,0,0,0,1,0,0,0,0,2,31,316,11,11020
15522,1009,Werthenstein,3,Luzern,10303,Wahlkreis Entlebuch,1061960,3,1061960,0,4,3,0,6,0,0,0,0,1,0,0,0,1,3,32,326,11,11040
15523,1147,Wikon,3,Luzern,10302,Wahlkreis Willisau,0,2,0,0,4,2,0,6,2581801,0,0,2,1,2581910,2581,3,0,1,12,122,10,10020
15524,1150,Zell (LU),3,Luzern,10302,Wahlkreis Willisau,0,3,0,0,4,3,0,6,0,0,0,0,1,0,0,0,0,3,32,326,11,11020
15525,1107,Wolhusen,3,Luzern,10303,Wahlkreis Entlebuch,1061960,3,1061960,0,4,3,0,6,0,0,0,0,1,0,0,0,0,2,31,317,11,11020
15526,1068,Vitznau,3,Luzern,10299,Wahlkreis Luzern-Land,0,3,0,0,4,3,0,6,0,0,0,0,1,0,0,0,1,3,32,327,11,11060
15527,1146,Wauwil,3,Luzern,10302,Wahlkreis Willisau,0,2,0,0,4,2,0,6,0,0,0,0,1,0,0,0,0,3,32,325,11,11020
15528,1069,Weggis,3,Luzern,10299,Wahlkreis Luzern-Land,0,3,0,0,4,3,0,6,0,0,0,5,1,0,0,0,1,2,21,217,11,11060
15529,1103,Sursee,3,Luzern,10301,Wahlkreis Sursee,0,2,0,0,4,2,0,6,0,1,1103,6,1,0,91103,0,0,1,13,137,11,11020
15530,1067,Udligenswil,3,Luzern,10299,Wahlkreis Luzern-Land,1061960,2,1061960,0,4,2,0,6,1061810,0,0,4,1,1061910,1061,3,0,2,22,227,11,11040
15531,1145,Ufhusen,3,Luzern,10302,Wahlkreis Willisau,0,3,0,0,4,3,0,6,0,0,0,0,1,0,0,0,0,3,32,325,11,11020
15532,1052,Buchrain,3,Luzern,10299,Wahlkreis Luzern-Land,1061960,2,1061960,0,4,2,0,6,1061801,0,0,2,1,1061910,1061,3,0,1,12,123,11,11040
15533,1083,Buttisholz,3,Luzern,10301,Wahlkreis Sursee,0,3,0,0,4,3,0,6,0,0,0,0,1,0,0,0,0,2,31,316,11,11020
15534,1082,Büron,3,Luzern,10301,Wahlkreis Sursee,0,2,0,0,4,2,0,6,0,0,0,0,1,0,0,0,0,3,32,326,11,11020
15535,1053,Dierikon,3,Luzern,10299,Wahlkreis Luzern-Land,1061960,2,1061960,0,4,2,0,6,1061801,0,0,2,1,1061910,1061,3,0,1,12,122,11,11040
15536,1023,Ballwil,3,Luzern,10300,Wahlkreis Hochdorf,1061960,2,1061960,0,4,2,0,6,0,0,0,5,1,0,0,0,0,2,22,226,11,11040
15537,1121,Alberswil,3,Luzern,10302,Wahlkreis Willisau,0,3,0,0,4,3,0,6,0,0,0,0,1,0,0,0,0,3,32,327,11,11020
15538,1051,Adligenswil,3,Luzern,10299,Wahlkreis Luzern-Land,1061960,2,1061960,0,4,2,0,6,1061801,0,0,2,1,1061910,1061,3,0,1,12,123,11,11040
15539,1021,Aesch (LU),3,Luzern,10300,Wahlkreis Hochdorf,0,3,0,0,4,3,0,6,0,0,0,0,1,0,0,0,0,3,32,326,11,11040
15540,1122,Altbüron,3,Luzern,10302,Wahlkreis Willisau,0,3,0,0,4,3,0,6,0,0,0,0,1,0,0,0,0,3,32,326,10,10010
15543,1004,Flühli,3,Luzern,10303,Wahlkreis Entlebuch,0,3,0,0,4,3,0,6,0,0,0,0,1,0,0,0,1,3,33,338,11,11010
15544,1131,Grossdietwil,3,Luzern,10302,Wahlkreis Willisau,0,3,0,0,4,3,0,6,0,0,0,0,1,0,0,0,0,3,32,326,11,11020
15545,1086,Grosswangen,3,Luzern,10301,Wahlkreis Sursee,0,3,0,0,4,3,0,6,0,0,0,0,1,0,0,0,0,2,31,316,11,11020
15546,1129,Fischbach,3,Luzern,10302,Wahlkreis Willisau,0,3,0,0,4,3,0,6,0,0,0,0,1,0,0,0,0,3,32,325,11,11020
15547,1005,Hasle (LU),3,Luzern,10303,Wahlkreis Entlebuch,0,3,0,0,4,3,0,6,0,0,0,0,1,0,0,0,1,3,33,338,11,11010
15548,1085,Geuensee,3,Luzern,10301,Wahlkreis Sursee,0,2,0,0,4,2,0,6,0,0,0,0,1,0,0,0,0,3,32,326,11,11020
15550,1055,Gisikon,3,Luzern,10299,Wahlkreis Luzern-Land,1061960,2,1061960,0,4,2,0,6,0,0,0,5,1,0,0,0,0,2,21,216,11,11040
15551,1056,Greppen,3,Luzern,10299,Wahlkreis Luzern-Land,0,2,0,0,4,2,0,6,0,0,0,5,1,0,0,0,1,2,22,227,11,11060
15552,1054,Ebikon,3,Luzern,10299,Wahlkreis Luzern-Land,1061960,2,1061960,0,4,2,0,6,1061801,1,1054,2,1,1061910,1061,3,0,1,12,123,11,11040
15554,1084,Eich,3,Luzern,10301,Wahlkreis Sursee,1061960,3,1061960,0,4,3,0,6,0,0,0,0,1,0,0,0,0,3,32,327,11,11020
15555,1127,Egolzwil,3,Luzern,10302,Wahlkreis Willisau,0,2,0,0,4,2,0,6,0,0,0,0,1,0,0,0,0,3,32,327,11,11020
15556,1031,Hochdorf,3,Luzern,10300,Wahlkreis Hochdorf,1061960,2,1061960,0,4,2,0,6,0,1,1031,6,1,0,91031,0,0,1,13,136,11,11040
15557,1001,Doppleschwand,3,Luzern,10303,Wahlkreis Entlebuch,1061960,3,0,0,4,3,0,6,0,0,0,0,1,0,0,0,1,3,32,325,11,11010
15559,1058,Horw,3,Luzern,10299,Wahlkreis Luzern-Land,1061960,1,1061960,1061950,4,1,1061950,6,1061801,1,1058,2,1,1061910,1061,3,0,1,12,123,11,11040
15560,1026,Eschenbach (LU),3,Luzern,10300,Wahlkreis Hochdorf,1061960,2,1061960,0,4,3,0,6,1061810,0,0,4,1,1061910,1061,3,0,2,22,226,11,11040
15561,1002,Entlebuch,3,Luzern,10303,Wahlkreis Entlebuch,0,3,0,0,4,3,0,6,0,0,0,0,1,0,0,0,1,3,32,327,11,11010
15562,1088,Hildisrieden,3,Luzern,10301,Wahlkreis Sursee,1061960,3,1061960,0,4,3,0,6,0,0,0,0,1,0,0,0,0,3,32,327,11,11040
15563,1024,Emmen,3,Luzern,10300,Wahlkreis Hochdorf,1061960,1,1061960,1061950,4,1,1061950,6,1061801,1,1024,2,1,1061910,1061,3,0,1,12,122,11,11040
15564,1025,Ermensee,3,Luzern,10300,Wahlkreis Hochdorf,0,2,0,0,4,3,0,6,0,0,0,0,1,0,0,0,0,2,31,316,11,11040
15565,1132,Hergiswil bei Willisau,3,Luzern,10302,Wahlkreis Willisau,0,3,0,0,4,3,0,6,0,0,0,0,1,0,0,0,1,3,32,325,11,11020
15566,1136,Menznau,3,Luzern,10302,Wahlkreis Willisau,0,3,0,0,4,3,0,6,0,0,0,0,1,0,0,0,0,3,32,326,11,11020
15567,1064,Meierskappel,3,Luzern,10299,Wahlkreis Luzern-Land,1711960,2,1711960,0,4,2,0,6,1711810,0,0,4,1,1711910,1711,3,0,2,22,226,11,11060
15568,1063,Meggen,3,Luzern,10299,Wahlkreis Luzern-Land,1061960,2,1061960,0,4,2,0,6,1061801,0,0,2,1,1061910,1061,3,0,1,12,123,11,11040
15569,1095,Oberkirch,3,Luzern,10301,Wahlkreis Sursee,0,2,0,0,4,2,0,6,0,0,0,6,1,0,91103,0,0,1,13,134,11,11020
15570,1093,Neuenkirch,3,Luzern,10301,Wahlkreis Sursee,1061960,2,1061960,0,4,2,0,6,1061810,0,0,4,1,1061910,1061,3,0,2,22,227,11,11040
15571,1137,Nebikon,3,Luzern,10302,Wahlkreis Willisau,0,2,0,0,4,2,0,6,0,0,0,0,1,0,0,0,0,2,31,316,11,11020
15572,1094,Nottwil,3,Luzern,10301,Wahlkreis Sursee,1061960,3,1061960,0,4,3,0,6,0,0,0,0,1,0,0,0,0,3,32,327,11,11020
15573,1091,Mauensee,3,Luzern,10301,Wahlkreis Sursee,0,2,0,0,4,3,0,6,0,0,0,0,1,0,0,0,0,3,32,327,11,11020
15574,1033,Inwil,3,Luzern,10300,Wahlkreis Hochdorf,1061960,2,1061960,0,4,3,0,6,1061810,0,0,4,1,1061910,1061,3,0,2,22,226,11,11040
15575,1089,Knutwil,3,Luzern,10301,Wahlkreis Sursee,0,2,0,0,4,2,0,6,0,0,0,0,1,0,0,0,0,3,32,326,11,11020
15576,1059,Kriens,3,Luzern,10299,Wahlkreis Luzern-Land,1061960,1,1061960,1061950,4,1,1061950,6,1061801,1,1059,2,1,1061910,1061,3,1,1,12,123,11,11040
15577,1135,Luthern,3,Luzern,10302,Wahlkreis Willisau,0,3,0,0,4,3,0,6,0,0,0,0,1,0,0,0,1,3,32,325,11,11020
15578,1062,Malters,3,Luzern,10299,Wahlkreis Luzern-Land,1061960,2,1061960,0,4,2,0,6,1061810,0,0,4,1,1061910,1061,3,0,2,21,216,11,11040
15579,1040,Rothenburg,3,Luzern,10300,Wahlkreis Hochdorf,1061960,1,1061960,1061950,4,1,1061950,6,1061801,0,0,2,1,1061910,1061,3,0,1,12,122,11,11040
15580,1098,Ruswil,3,Luzern,10301,Wahlkreis Sursee,1061960,3,1061960,0,4,3,0,6,0,0,0,0,1,0,0,0,0,2,31,316,11,11020
15582,1007,Romoos,3,Luzern,10303,Wahlkreis Entlebuch,0,3,0,0,4,3,0,6,0,0,0,0,1,0,0,0,1,3,33,335,11,11010
15583,1142,Roggliswil,3,Luzern,10302,Wahlkreis Willisau,0,3,0,0,4,3,0,6,0,0,0,0,1,0,0,0,0,3,32,326,10,10010
15584,1066,Schwarzenberg,3,Luzern,10299,Wahlkreis Luzern-Land,1061960,3,1061960,0,4,3,0,6,1061810,0,0,4,1,1061910,1061,3,1,3,23,237,11,11040
15585,1008,Schüpfheim,3,Luzern,10303,Wahlkreis Entlebuch,0,3,0,0,4,3,0,6,0,0,0,0,1,0,0,0,1,2,31,317,11,11010
15586,1041,Schongau,3,Luzern,10300,Wahlkreis Hochdorf,0,3,0,0,4,3,0,6,0,0,0,0,1,0,0,0,0,3,32,326,11,11040
15587,1102,Sempach,3,Luzern,10301,Wahlkreis Sursee,1061960,2,1061960,0,4,2,0,6,0,0,0,0,1,0,0,0,0,3,32,326,11,11020
15588,1100,Schlierbach,3,Luzern,10301,Wahlkreis Sursee,0,2,0,0,4,3,0,6,0,0,0,0,1,0,0,0,0,3,32,325,11,11020
15590,1037,Rain,3,Luzern,10300,Wahlkreis Hochdorf,1061960,3,1061960,0,4,3,0,6,1061810,0,0,4,1,1061910,1061,3,0,2,22,227,11,11040
15591,1139,Pfaffnau,3,Luzern,10302,Wahlkreis Willisau,0,3,0,0,4,3,0,6,0,0,0,0,1,0,0,0,0,3,32,327,10,10010
15592,1039,Römerswil,3,Luzern,10300,Wahlkreis Hochdorf,1061960,3,1061960,0,4,3,0,6,0,0,0,0,1,0,0,0,0,3,32,325,11,11040
15593,1125,Dagmersellen,3,Luzern,10302,Wahlkreis Willisau,0,2,0,0,4,2,0,6,0,0,0,0,1,0,0,0,0,3,32,326,11,11020
15594,1128,Ettiswil,3,Luzern,10302,Wahlkreis Willisau,0,3,0,0,4,3,0,6,0,0,0,0,1,0,0,0,0,3,32,327,11,11020
15596,1140,Reiden,3,Luzern,10302,Wahlkreis Willisau,0,2,0,0,4,2,0,6,0,0,0,0,1,0,0,0,0,3,32,326,11,11020
15597,1032,Hohenrain,3,Luzern,10300,Wahlkreis Hochdorf,0,3,1061960,0,4,3,0,6,0,0,0,0,1,0,0,0,0,3,32,327,11,11040
15599,1104,Triengen,3,Luzern,10301,Wahlkreis Sursee,0,3,0,0,4,3,0,6,0,0,0,0,1,0,0,0,0,2,31,316,11,11020
15600,1061,Luzern,3,Luzern,10298,Wahlkreis Luzern-Stadt,1061960,1,1061960,1061950,4,1,1061950,6,1061801,1,1061,1,1,1061901,1061,3,0,1,12,121,11,11040
15602,2464,Lüsslingen-Nennigkofen,11,Solothurn,10100,Bezirk Bucheggberg,0,3,0,0,14,3,0,2,2601810,0,0,4,1,2601910,2601,4,0,3,23,236,5,5060
15603,2535,Drei Höfe,11,Solothurn,10232,Bezirk Wasseramt,0,3,0,0,14,3,0,2,0,0,0,5,1,0,0,0,0,3,23,235,5,5060
15604,2932,Beringen,14,Schaffhausen,10089,Bezirk Schaffhausen,0,2,0,0,2,2,0,5,2939810,0,0,4,1,2939910,2939,4,0,2,21,216,12,12020
15605,3341,Gommiswald,17,St. Gallen,10270,Wahlkreis See-Gaster,0,2,0,0,3,2,0,5,0,0,0,0,1,0,0,0,1,3,32,326,12,12038
15606,3342,Eschenbach (SG),17,St. Gallen,10270,Wahlkreis See-Gaster,0,2,0,0,3,2,0,5,0,0,0,5,1,0,0,0,1,2,22,226,12,12038
15607,3360,Nesslau,17,St. Gallen,10264,Wahlkreis Toggenburg,0,3,0,0,2,3,0,5,0,0,0,0,1,0,0,0,1,3,33,338,15,15040
15608,3379,Wattwil,17,St. Gallen,10264,Wahlkreis Toggenburg,0,2,0,0,2,2,0,5,0,0,0,6,1,0,93379,0,1,1,13,136,15,15040
15609,3395,Bütschwil-Ganterschwil,17,St. Gallen,10264,Wahlkreis Toggenburg,0,2,0,0,2,3,0,5,0,0,0,0,1,0,0,0,0,2,31,316,15,15040
15610,3427,Wil (SG),17,St. Gallen,10268,Wahlkreis Wil,0,2,0,0,2,2,0,5,3425801,1,3427,1,1,3425901,3425,4,0,1,12,121,15,15010
15615,4124,Bözberg,19,Aargau,10023,Bezirk Brugg,0,3,0,0,14,3,0,3,0,0,0,5,1,0,0,0,0,3,23,237,12,12010
15616,5693,Montanaire,22,Vaud,10275,District du Gros-de-Vaud,5586960,3,5586960,0,9,3,0,1,5586810,0,0,4,2,5586910,5586,2,0,3,23,237,2,2023
15617,6007,Naters,23,Valais / Wallis,10035,Bezirk Brig,0,2,0,0,11,2,0,1,6002801,0,0,2,1,6002910,6002,5,1,1,13,134,7,7090
15618,6110,Leuk,23,Valais / Wallis,10030,Bezirk Leuk,0,3,0,0,11,3,0,1,0,0,0,0,1,0,0,0,1,2,31,317,7,7060
15619,6119,Turtmann-Unterems,23,Valais / Wallis,10030,Bezirk Leuk,0,3,0,0,11,3,0,1,0,0,0,0,1,0,0,0,1,3,33,338,7,7060
15620,6217,Saint-Maurice,23,Valais / Wallis,10177,District de Saint-Maurice,0,2,0,0,11,3,0,1,0,0,0,0,2,0,0,0,1,2,31,317,2,2040
15624,6729,Haute-Sorne,26,Jura,10224,District de Delémont,0,3,0,0,8,3,0,2,0,0,0,0,2,0,0,0,1,2,31,316,5,5040
15626,6790,Fontenais,26,Jura,10226,District de Porrentruy,0,2,0,0,8,2,0,2,0,0,0,6,2,0,96800,0,0,1,13,136,5,5010
15627,5396,Terre di Pedemonte,21,Ticino,10004,Distretto di Locarno,0,2,0,0,12,2,0,7,5113810,0,0,4,3,5113910,5113,4,1,2,22,227,13,13020
15628,5192,Lugano,21,Ticino,10003,Distretto di Lugano,5192960,1,5192960,5192950,12,1,5192950,7,5192801,1,5192,1,3,5192901,5192,3,1,1,12,121,14,14010
15630,5254,Mendrisio,21,Ticino,10002,Distretto di Mendrisio,5192960,2,5192960,0,12,2,0,7,5250801,1,5254,1,3,5250901,5250,4,1,1,12,121,14,14020
15631,298,Wiesendangen,1,Zürich,10074,Bezirk Winterthur,261960,2,261960,0,3,2,0,4,230810,0,0,4,1,230910,230,3,0,2,22,227,12,12040
15632,449,Sauge,2,Bern / Berne,10283,Arrondissement administratif Jura bernois,371960,3,371960,0,8,3,0,2,371810,0,0,4,2,371910,371,3,1,3,23,237,5,5030
15633,538,Fraubrunnen,2,Bern / Berne,10288,Verwaltungskreis Bern-Mittelland,351960,3,351960,0,6,3,0,2,351810,0,0,4,1,351910,351,2,0,2,22,227,6,6014
15634,540,Jegenstorf,2,Bern / Berne,10288,Verwaltungskreis Bern-Mittelland,351960,2,351960,0,6,2,0,2,351810,0,0,4,1,351910,351,2,0,2,21,217,6,6014
15635,619,Oberdiessbach,2,Bern / Berne,10288,Verwaltungskreis Bern-Mittelland,351960,3,351960,0,6,3,0,2,0,0,0,5,1,0,0,0,1,2,22,226,9,9030
15636,726,Plateau de Diesse,2,Bern / Berne,10283,Arrondissement administratif Jura bernois,371960,3,371960,0,8,3,0,2,0,0,0,5,2,0,0,0,1,3,23,237,5,5030
15637,770,Stocken-Höfen,2,Bern / Berne,10289,Verwaltungskreis Thun,351960,3,351960,0,6,3,0,2,0,0,0,5,1,0,0,0,1,3,23,235,9,9030
15638,784,Innertkirchen,2,Bern / Berne,10292,Verwaltungskreis Interlaken-Oberhasli,0,3,0,0,6,3,0,2,0,0,0,0,1,0,0,0,1,3,33,338,9,9060
15639,885,Uttigen,2,Bern / Berne,10289,Verwaltungskreis Thun,351960,2,351960,0,6,2,0,2,351810,0,0,4,1,351910,351,2,0,2,22,226,9,9030
15640,2163,Val-de-Charmey,10,Fribourg / Freiburg,10105,District de la Gruyère,0,3,0,0,13,3,0,2,0,0,0,0,2,0,0,0,1,3,32,327,4,4020
15644,4063,Bremgarten (AG),19,Aargau,10024,Bezirk Bremgarten,261960,2,261960,0,14,2,0,3,261801,0,0,3,1,261910,261,1,0,1,11,112,12,12010
15645,4125,Schinznach,19,Aargau,10023,Bezirk Brugg,0,2,0,0,14,2,0,3,0,0,0,5,1,0,0,0,0,2,22,226,12,12010
15646,4305,Endingen,19,Aargau,10016,Bezirk Zurzach,261960,3,261960,0,14,3,0,3,0,0,0,5,1,0,0,0,0,2,22,227,12,12010
15649,6205,Bettmeralp,23,Valais / Wallis,10125,Bezirk Raron,0,3,0,0,11,3,0,1,0,0,0,0,1,0,0,0,1,3,33,334,7,7090
15651,5624,Bussigny,22,Vaud,10281,District de l'Ouest lausannois,5586960,1,5586960,5586950,9,2,0,1,5586801,1,5624,2,2,5586910,5586,2,0,1,11,112,2,2022
15652,5702,Arzier-Le Muids,22,Vaud,10280,District de Nyon,6621960,2,6621960,0,9,3,0,1,6621810,0,0,4,2,6621910,6621,1,1,2,22,227,1,1014
15653,297,Bauma,1,Zürich,10076,Bezirk Pfäffikon,261960,3,261960,0,3,3,0,4,261810,0,0,4,1,261910,261,1,0,2,22,226,12,12037
15658,450,Péry-La Heutte,2,Bern / Berne,10283,Arrondissement administratif Jura bernois,371960,3,371960,0,8,3,0,2,371810,0,0,4,2,371910,371,3,1,3,23,236,5,5030
15661,717,Valbirse,2,Bern / Berne,10283,Arrondissement administratif Jura bernois,371960,3,371960,0,8,3,0,2,0,0,0,0,2,0,0,0,1,2,31,316,5,5020
15662,716,Petit-Val,2,Bern / Berne,10283,Arrondissement administratif Jura bernois,0,3,0,0,8,3,0,2,0,0,0,0,2,0,0,0,1,3,32,325,5,5020
15663,1081,Beromünster,3,Luzern,10301,Wahlkreis Sursee,0,3,1061960,0,4,3,0,6,0,0,0,0,1,0,0,0,0,2,31,316,11,11020
15664,1099,Schenkon,3,Luzern,10301,Wahlkreis Sursee,0,2,0,0,4,2,0,6,0,0,0,6,1,0,91103,0,0,1,13,137,11,11020
15671,296,Illnau-Effretikon,1,Zürich,10076,Bezirk Pfäffikon,261960,2,261960,0,3,2,0,4,261801,1,296,3,1,261910,261,1,0,1,11,113,12,12036
15672,310,Rapperswil (BE),2,Bern / Berne,10285,Verwaltungskreis Seeland,351960,3,351960,0,8,3,0,2,351810,0,0,4,1,351910,351,2,0,3,23,236,6,6014
15673,405,Ersigen,2,Bern / Berne,10287,Verwaltungskreis Emmental,351960,2,351960,0,6,2,0,2,0,0,0,6,1,0,90412,0,0,1,13,137,6,6020
15674,988,Seeberg,2,Bern / Berne,10286,Verwaltungskreis Oberaargau,0,3,0,0,6,3,0,2,0,0,0,0,1,0,0,0,0,3,32,327,10,10010
15675,2053,Belmont-Broye,10,Fribourg / Freiburg,10107,District de la Broye,0,2,0,0,13,2,0,2,0,0,0,0,2,0,0,0,0,3,32,326,4,4010
15676,2175,Belfaux,10,Fribourg / Freiburg,10104,District de la Sarine,0,2,2196960,0,13,2,0,2,2196801,0,0,2,2,2196910,2196,4,0,1,12,123,4,4030
15677,2236,Gibloux,10,Fribourg / Freiburg,10104,District de la Sarine,0,3,2196960,0,13,3,0,2,0,0,0,5,2,0,0,0,0,2,22,226,4,4030
15679,2284,Mont-Vully,10,Fribourg / Freiburg,10103,Bezirk See / District du Lac,351960,3,351960,0,13,3,0,2,0,0,0,5,2,0,0,0,0,2,22,227,6,6011
15685,5072,Faido,21,Ticino,10005,Distretto di Leventina,0,3,0,0,12,3,0,7,0,0,0,0,3,0,0,0,1,3,33,338,13,13010
15686,5136,Onsernone,21,Ticino,10004,Distretto di Locarno,0,3,0,0,12,3,0,7,0,0,0,0,3,0,0,0,1,3,33,338,13,13020
15687,5806,Jorat-Mézières,22,Vaud,10278,District de Lavaux-Oron,5586960,3,5586960,0,9,3,0,1,5586810,0,0,4,2,5586910,5586,2,0,2,22,227,2,2024
15688,616,Münsingen,2,Bern / Berne,10288,Verwaltungskreis Bern-Mittelland,351960,2,351960,0,6,2,0,2,351801,1,616,3,1,351910,351,2,0,1,11,113,6,6013
15689,2054,Estavayer,10,Fribourg / Freiburg,10107,District de la Broye,0,2,0,0,13,2,0,2,0,0,0,0,2,0,0,0,0,2,31,316,4,4010
15690,2055,Cheyres-Châbles,10,Fribourg / Freiburg,10107,District de la Broye,0,2,0,0,13,3,0,2,0,0,0,0,2,0,0,0,0,3,32,327,4,4010
15692,2183,Corminboeuf,10,Fribourg / Freiburg,10104,District de la Sarine,0,2,2196960,0,13,2,0,2,2196801,0,0,2,2,2196910,2196,4,0,1,12,123,4,4030
15693,2254,Courtepin,10,Fribourg / Freiburg,10103,Bezirk See / District du Lac,0,3,2196960,0,13,3,0,2,0,0,0,5,2,0,0,0,0,2,21,216,4,4030
15694,2299,Plaffeien,10,Fribourg / Freiburg,10102,Bezirk Sense,0,3,0,0,13,3,0,2,0,0,0,0,1,0,0,0,1,2,31,316,4,4030
15695,3832,Grono,18,Graubünden / Grigioni / Grischun,10313,Region Moesa,0,3,0,0,1,3,0,5,0,0,0,0,3,0,0,0,1,3,33,338,13,13040
15962,3506,Vaz/Obervaz,18,Graubünden / Grigioni / Grischun,10307,Region Albula,0,3,0,0,1,3,0,5,0,0,0,0,1,0,0,0,1,3,33,334,16,16060
15963,3513,Lantsch/Lenz,18,Graubünden / Grigioni / Grischun,10307,Region Albula,0,3,0,0,1,3,0,5,0,0,0,0,1,0,0,0,1,3,33,338,16,16060
15964,3514,Schmitten (GR),18,Graubünden / Grigioni / Grischun,10307,Region Albula,0,3,0,0,1,3,0,5,0,0,0,0,1,0,0,0,1,3,33,338,16,16090
15967,3551,Brusio,18,Graubünden / Grigioni / Grischun,10308,Region Bernina,0,3,0,0,1,3,0,5,0,0,0,0,3,0,0,0,1,3,33,338,16,16100
15968,3561,Poschiavo,18,Graubünden / Grigioni / Grischun,10308,Region Bernina,0,3,0,0,1,3,0,5,0,0,0,0,3,0,0,0,1,2,31,314,16,16100
15969,3572,Falera,18,Graubünden / Grigioni / Grischun,10316,Region Surselva,0,3,0,0,1,3,0,5,0,0,0,0,4,0,0,0,1,3,33,338,16,16010
15970,3575,Laax,18,Graubünden / Grigioni / Grischun,10316,Region Surselva,0,3,0,0,1,3,0,5,0,0,0,0,1,0,0,0,1,2,31,314,16,16010
15971,3581,Sagogn,18,Graubünden / Grigioni / Grischun,10316,Region Surselva,0,3,0,0,1,3,0,5,0,0,0,0,4,0,0,0,1,3,33,338,16,16010
15972,3582,Schluein,18,Graubünden / Grigioni / Grischun,10316,Region Surselva,0,3,0,0,1,3,0,5,0,0,0,0,4,0,0,0,1,3,33,338,16,16010
15975,3633,Fürstenau,18,Graubünden / Grigioni / Grischun,10317,Region Viamala,0,2,0,0,1,2,0,5,0,0,0,0,1,0,0,0,1,3,33,338,16,16030
15976,3637,Rothenbrunnen,18,Graubünden / Grigioni / Grischun,10317,Region Viamala,0,3,0,0,1,3,0,5,0,0,0,0,1,0,0,0,1,3,32,327,16,16030
15977,3638,Scharans,18,Graubünden / Grigioni / Grischun,10317,Region Viamala,0,2,0,0,1,2,0,5,0,0,0,0,1,0,0,0,1,3,33,338,16,16030
15978,3640,Sils im Domleschg,18,Graubünden / Grigioni / Grischun,10317,Region Viamala,0,2,0,0,1,2,0,5,0,0,0,0,1,0,0,0,1,3,33,338,16,16030
15979,3662,Flerden,18,Graubünden / Grigioni / Grischun,10317,Region Viamala,0,3,0,0,1,3,0,5,0,0,0,0,1,0,0,0,1,3,33,335,16,16030
15980,3663,Masein,18,Graubünden / Grigioni / Grischun,10317,Region Viamala,0,2,0,0,1,3,0,5,0,0,0,0,1,0,0,0,1,2,31,317,16,16030
15982,3669,Tschappina,18,Graubünden / Grigioni / Grischun,10317,Region Viamala,0,3,0,0,1,3,0,5,0,0,0,0,1,0,0,0,1,3,33,335,16,16030
15983,3670,Urmein,18,Graubünden / Grigioni / Grischun,10317,Region Viamala,0,3,0,0,1,3,0,5,0,0,0,0,1,0,0,0,1,3,33,335,16,16030
15984,3681,Avers,18,Graubünden / Grigioni / Grischun,10317,Region Viamala,0,3,0,0,1,3,0,5,0,0,0,0,1,0,0,0,1,3,33,335,16,16030
15987,3695,Sufers,18,Graubünden / Grigioni / Grischun,10317,Region Viamala,0,3,0,0,1,3,0,5,0,0,0,0,1,0,0,0,1,3,33,338,16,16030
15991,3711,Rongellen,18,Graubünden / Grigioni / Grischun,10317,Region Viamala,0,3,0,0,1,3,0,5,0,0,0,0,1,0,0,0,1,3,33,335,16,16030
15992,3712,Zillis-Reischen,18,Graubünden / Grigioni / Grischun,10317,Region Viamala,0,3,0,0,1,3,0,5,0,0,0,0,1,0,0,0,1,3,33,338,16,16030
15993,3721,Bonaduz,18,Graubünden / Grigioni / Grischun,10310,Region Imboden,0,2,0,0,1,3,0,5,3901810,0,0,4,1,3901910,3901,4,1,2,21,216,16,16050
15994,3722,Domat/Ems,18,Graubünden / Grigioni / Grischun,10310,Region Imboden,0,2,0,0,1,2,0,5,3901810,0,0,4,1,3901910,3901,4,1,2,21,216,16,16050
15995,3723,Rhäzüns,18,Graubünden / Grigioni / Grischun,10310,Region Imboden,0,2,0,0,1,3,0,5,3901810,0,0,4,1,3901910,3901,4,1,2,21,216,16,16050
15996,3731,Felsberg,18,Graubünden / Grigioni / Grischun,10310,Region Imboden,0,2,0,0,1,2,0,5,3901810,0,0,4,1,3901910,3901,4,1,2,22,226,16,16050
15997,3732,Flims,18,Graubünden / Grigioni / Grischun,10310,Region Imboden,0,3,0,0,1,3,0,5,0,0,0,0,1,0,0,0,1,2,31,314,16,16010
15998,3733,Tamins,18,Graubünden / Grigioni / Grischun,10310,Region Imboden,0,3,0,0,1,3,0,5,3901810,0,0,4,1,3901910,3901,4,1,3,23,236,16,16050
15999,3734,Trin,18,Graubünden / Grigioni / Grischun,10310,Region Imboden,0,3,0,0,1,3,0,5,0,0,0,0,1,0,0,0,1,3,33,338,16,16010
16000,3752,Samnaun,18,Graubünden / Grigioni / Grischun,10318,Region Engiadina Bassa / Val Müstair,0,3,0,0,1,3,0,5,0,0,0,0,1,0,0,0,1,3,33,334,16,16110
16001,3781,Bever,18,Graubünden / Grigioni / Grischun,10312,Region Maloja,0,3,0,0,1,3,0,5,0,0,0,0,1,0,0,0,1,3,33,338,16,16100
16002,3782,Celerina/Schlarigna,18,Graubünden / Grigioni / Grischun,10312,Region Maloja,0,2,0,0,1,2,0,5,0,0,0,0,1,0,0,0,1,3,33,334,16,16070
16003,3783,Madulain,18,Graubünden / Grigioni / Grischun,10312,Region Maloja,0,3,0,0,1,3,0,5,0,0,0,0,1,0,0,0,1,3,33,338,16,16100
16004,3784,Pontresina,18,Graubünden / Grigioni / Grischun,10312,Region Maloja,0,3,0,0,1,3,0,5,0,0,0,0,1,0,0,0,1,2,31,314,16,16100
16006,3786,Samedan,18,Graubünden / Grigioni / Grischun,10312,Region Maloja,0,3,0,0,1,3,0,5,0,0,0,0,1,0,0,0,1,2,31,314,16,16100
16007,3787,St. Moritz,18,Graubünden / Grigioni / Grischun,10312,Region Maloja,0,2,0,0,1,2,0,5,0,1,3787,6,1,0,93787,0,1,1,13,134,16,16070
16008,3788,S-chanf,18,Graubünden / Grigioni / Grischun,10312,Region Maloja,0,3,0,0,1,3,0,5,0,0,0,0,4,0,0,0,1,3,33,338,16,16100
16009,3789,Sils im Engadin/Segl,18,Graubünden / Grigioni / Grischun,10312,Region Maloja,0,3,0,0,1,3,0,5,0,0,0,0,1,0,0,0,1,3,33,334,16,16070
16010,3790,Silvaplana,18,Graubünden / Grigioni / Grischun,10312,Region Maloja,0,3,0,0,1,3,0,5,0,0,0,0,1,0,0,0,1,3,33,334,16,16070
16011,3791,Zuoz,18,Graubünden / Grigioni / Grischun,10312,Region Maloja,0,3,0,0,1,3,0,5,0,0,0,0,1,0,0,0,1,3,33,334,16,16100
16012,3804,Buseno,18,Graubünden / Grigioni / Grischun,10313,Region Moesa,0,3,0,0,1,3,0,5,0,0,0,0,3,0,0,0,1,3,33,335,13,13040
16013,3805,Castaneda,18,Graubünden / Grigioni / Grischun,10313,Region Moesa,0,3,0,0,1,3,0,5,0,0,0,0,3,0,0,0,1,3,33,338,13,13040
16014,3808,Rossa,18,Graubünden / Grigioni / Grischun,10313,Region Moesa,0,3,0,0,1,3,0,5,0,0,0,0,3,0,0,0,1,3,33,338,13,13040
16015,3810,Santa Maria in Calanca,18,Graubünden / Grigioni / Grischun,10313,Region Moesa,0,3,0,0,1,3,0,5,0,0,0,0,3,0,0,0,1,3,33,338,13,13040
16016,3821,Lostallo,18,Graubünden / Grigioni / Grischun,10313,Region Moesa,0,3,0,0,1,3,0,5,0,0,0,0,3,0,0,0,1,3,33,338,13,13040
16017,3822,Mesocco,18,Graubünden / Grigioni / Grischun,10313,Region Moesa,0,3,0,0,1,3,0,5,0,0,0,0,3,0,0,0,1,3,33,338,13,13040
16018,3823,Soazza,18,Graubünden / Grigioni / Grischun,10313,Region Moesa,0,3,0,0,1,3,0,5,0,0,0,0,3,0,0,0,1,3,33,338,13,13040
16019,3831,Cama,18,Graubünden / Grigioni / Grischun,10313,Region Moesa,0,3,0,0,1,3,0,5,0,0,0,0,3,0,0,0,1,3,33,338,13,13040
16020,3834,Roveredo (GR),18,Graubünden / Grigioni / Grischun,10313,Region Moesa,0,3,0,0,1,3,0,5,0,0,0,0,3,0,0,0,1,2,31,317,13,13040
16021,3835,San Vittore,18,Graubünden / Grigioni / Grischun,10313,Region Moesa,0,3,0,0,1,3,0,5,5002810,0,0,4,3,5002910,5002,4,1,2,22,226,13,13040
16022,3861,Fideris,18,Graubünden / Grigioni / Grischun,10315,Region Prättigau / Davos,0,3,0,0,1,3,0,5,0,0,0,0,1,0,0,0,1,3,33,338,16,16080
16023,3862,Furna,18,Graubünden / Grigioni / Grischun,10315,Region Prättigau / Davos,0,3,0,0,1,3,0,5,0,0,0,0,1,0,0,0,1,3,33,335,16,16080
16024,3863,Jenaz,18,Graubünden / Grigioni / Grischun,10315,Region Prättigau / Davos,0,3,0,0,1,3,0,5,0,0,0,0,1,0,0,0,1,3,33,338,16,16080
16025,3881,Conters im Prättigau,18,Graubünden / Grigioni / Grischun,10315,Region Prättigau / Davos,0,3,0,0,1,3,0,5,0,0,0,0,1,0,0,0,1,3,33,338,16,16080
16026,3882,Küblis,18,Graubünden / Grigioni / Grischun,10315,Region Prättigau / Davos,0,3,0,0,1,3,0,5,0,0,0,0,1,0,0,0,1,3,33,338,16,16080
16030,3946,Untervaz,18,Graubünden / Grigioni / Grischun,10311,Region Landquart,0,3,0,0,1,3,0,5,3901810,0,0,4,1,3901910,3901,4,1,2,22,226,16,16050
16031,3947,Zizers,18,Graubünden / Grigioni / Grischun,10311,Region Landquart,0,2,0,0,1,2,0,5,0,0,0,6,1,0,93955,0,1,1,13,136,16,16050
16032,3951,Fläsch,18,Graubünden / Grigioni / Grischun,10311,Region Landquart,0,3,0,0,1,3,0,5,0,0,0,0,1,0,0,0,1,3,32,327,16,16050
16033,3952,Jenins,18,Graubünden / Grigioni / Grischun,10311,Region Landquart,0,3,0,0,1,3,0,5,0,0,0,0,1,0,0,0,1,3,32,325,16,16050
16034,3953,Maienfeld,18,Graubünden / Grigioni / Grischun,10311,Region Landquart,0,2,0,0,1,2,0,5,0,0,0,0,1,0,0,0,1,3,32,326,16,16050
16035,3954,Malans,18,Graubünden / Grigioni / Grischun,10311,Region Landquart,0,2,0,0,1,2,0,5,0,0,0,0,1,0,0,0,1,3,32,326,16,16050
16036,3962,Schiers,18,Graubünden / Grigioni / Grischun,10315,Region Prättigau / Davos,0,3,0,0,1,3,0,5,0,0,0,0,1,0,0,0,1,2,31,317,16,16080
16037,3972,Seewis im Prättigau,18,Graubünden / Grigioni / Grischun,10315,Region Prättigau / Davos,0,3,0,0,1,3,0,5,0,0,0,0,1,0,0,0,1,3,32,326,16,16080
16039,3982,Disentis/Mustér,18,Graubünden / Grigioni / Grischun,10316,Region Surselva,0,3,0,0,1,3,0,5,0,0,0,0,4,0,0,0,1,3,33,334,16,16010
16040,3983,Medel (Lucmagn),18,Graubünden / Grigioni / Grischun,10316,Region Surselva,0,3,0,0,1,3,0,5,0,0,0,0,4,0,0,0,1,3,33,338,16,16010
16041,3985,Sumvitg,18,Graubünden / Grigioni / Grischun,10316,Region Surselva,0,3,0,0,1,3,0,5,0,0,0,0,4,0,0,0,1,3,33,338,16,16010
16042,3986,Tujetsch,18,Graubünden / Grigioni / Grischun,10316,Region Surselva,0,3,0,0,1,3,0,5,0,0,0,0,4,0,0,0,1,3,33,334,16,16010
16045,3713,Ferrera,18,Graubünden / Grigioni / Grischun,10317,Region Viamala,0,3,0,0,1,3,0,5,0,0,0,0,1,0,0,0,1,3,33,338,16,16030
16046,3945,Trimmis,18,Graubünden / Grigioni / Grischun,10311,Region Landquart,0,3,0,0,1,3,0,5,3901810,0,0,4,1,3901910,3901,4,1,2,22,226,16,16050
16047,3851,Davos,18,Graubünden / Grigioni / Grischun,10315,Region Prättigau / Davos,0,2,0,0,1,2,0,5,0,1,3851,6,1,0,93851,0,1,1,13,134,16,16090
16048,3701,Andeer,18,Graubünden / Grigioni / Grischun,10317,Region Viamala,0,3,0,0,1,3,0,5,0,0,0,0,1,0,0,0,1,3,33,338,16,16030
16049,3847,Val Müstair,18,Graubünden / Grigioni / Grischun,10318,Region Engiadina Bassa / Val Müstair,0,3,0,0,1,3,0,5,0,0,0,0,4,0,0,0,1,3,33,334,16,16100
16051,3661,Cazis,18,Graubünden / Grigioni / Grischun,10317,Region Viamala,0,2,0,0,1,2,0,5,0,0,0,0,1,0,0,0,1,2,31,317,16,16030
16052,3792,Bregaglia,18,Graubünden / Grigioni / Grischun,10312,Region Maloja,0,3,0,0,1,3,0,5,0,0,0,0,3,0,0,0,1,3,33,334,16,16070
16053,3911,Churwalden,18,Graubünden / Grigioni / Grischun,10314,Region Plessur,0,3,0,0,1,3,0,5,0,0,0,0,1,0,0,0,1,3,33,338,16,16060
16054,3961,Grüsch,18,Graubünden / Grigioni / Grischun,10315,Region Prättigau / Davos,0,3,0,0,1,3,0,5,0,0,0,0,1,0,0,0,1,3,32,326,16,16080
16055,3955,Landquart,18,Graubünden / Grigioni / Grischun,10311,Region Landquart,0,2,0,0,1,2,0,5,0,1,3955,6,1,0,93955,0,1,1,13,136,16,16050
16056,3987,Trun,18,Graubünden / Grigioni / Grischun,10316,Region Surselva,0,3,0,0,1,3,0,5,0,0,0,0,4,0,0,0,1,3,33,338,16,16010
16057,3672,Safiental,18,Graubünden / Grigioni / Grischun,10316,Region Surselva,0,3,0,0,1,3,0,5,0,0,0,0,1,0,0,0,1,3,33,335,16,16010
16058,3618,Lumnezia,18,Graubünden / Grigioni / Grischun,10316,Region Surselva,0,3,0,0,1,3,0,5,0,0,0,0,4,0,0,0,1,3,33,338,16,16010
16059,3764,Valsot,18,Graubünden / Grigioni / Grischun,10318,Region Engiadina Bassa / Val Müstair,0,3,0,0,1,3,0,5,0,0,0,0,4,0,0,0,1,3,33,338,16,16110
16060,3921,Arosa,18,Graubünden / Grigioni / Grischun,10314,Region Plessur,0,3,0,0,1,3,0,5,0,0,0,0,1,0,0,0,1,2,31,314,16,16050
16061,3619,Ilanz/Glion,18,Graubünden / Grigioni / Grischun,10316,Region Surselva,0,3,0,0,1,3,0,5,0,0,0,0,1,0,0,0,1,2,31,317,16,16010
16062,3542,Albula/Alvra,18,Graubünden / Grigioni / Grischun,10307,Region Albula,0,3,0,0,1,3,0,5,0,0,0,0,1,0,0,0,1,3,33,338,16,16060
16063,3603,Vals,18,Graubünden / Grigioni / Grischun,10316,Region Surselva,0,3,0,0,1,3,0,5,0,0,0,0,1,0,0,0,1,3,33,334,16,16010
16064,3673,Domleschg,18,Graubünden / Grigioni / Grischun,10317,Region Viamala,0,3,0,0,1,3,0,5,0,0,0,0,1,0,0,0,1,3,33,338,16,16030
16065,3762,Scuol,18,Graubünden / Grigioni / Grischun,10318,Region Engiadina Bassa / Val Müstair,0,3,0,0,1,3,0,5,0,0,0,0,4,0,0,0,1,2,31,314,16,16110
16066,3746,Zernez,18,Graubünden / Grigioni / Grischun,10318,Region Engiadina Bassa / Val Müstair,0,3,0,0,1,3,0,5,0,0,0,0,4,0,0,0,1,3,33,334,16,16100
16067,3837,Calanca,18,Graubünden / Grigioni / Grischun,10313,Region Moesa,0,3,0,0,1,3,0,5,0,0,0,0,3,0,0,0,1,3,33,338,13,13040
16068,3543,Surses,18,Graubünden / Grigioni / Grischun,10307,Region Albula,0,3,0,0,1,3,0,5,0,0,0,0,1,0,0,0,1,3,33,334,16,16060
16069,3988,Obersaxen Mundaun,18,Graubünden / Grigioni / Grischun,10316,Region Surselva,0,3,0,0,1,3,0,5,0,0,0,0,1,0,0,0,1,3,33,338,16,16010
16071,3891,Luzein,18,Graubünden / Grigioni / Grischun,10315,Region Prättigau / Davos,0,3,0,0,1,3,0,5,0,0,0,0,1,0,0,0,1,3,33,335,16,16080
16073,5675,Lucens,22,Vaud,10274,District de la Broye-Vully,5586960,3,5586960,0,9,3,0,1,0,0,0,0,2,0,0,0,0,3,32,326,4,4010
16074,5749,Chavornay,22,Vaud,10276,District du Jura-Nord vaudois,5586960,3,5586960,0,9,3,0,1,5586810,0,0,4,2,5586910,5586,2,0,2,21,216,2,2030
16075,6077,Goms,23,Valais / Wallis,10032,Bezirk Goms,0,3,0,0,11,3,0,1,0,0,0,0,1,0,0,0,1,3,33,334,7,7090
16076,6266,Sion,23,Valais / Wallis,10179,District de Sion,0,2,0,0,11,2,0,1,6266801,1,6266,1,2,6266901,6266,4,1,1,12,121,7,7030
16077,6253,Crans-Montana,23,Valais / Wallis,10178,District de Sierre,0,2,0,0,11,2,0,1,0,0,0,6,2,0,96253,0,1,1,13,134,7,7040
16078,5002,Bellinzona,21,Ticino,10007,Distretto di Bellinzona,0,2,0,0,12,2,0,7,5002801,1,5002,1,3,5002901,5002,4,1,1,12,121,13,13040
16079,5287,Riviera,21,Ticino,10040,Distretto di Riviera,0,3,0,0,12,3,0,7,5002810,0,0,4,3,5002910,5002,4,1,2,22,226,13,13030
16080,295,Horgen,1,Zürich,10078,Bezirk Horgen,261960,1,261960,261950,3,2,0,4,261801,1,295,2,1,261910,261,1,0,1,11,113,12,12034
16081,294,Elgg,1,Zürich,10074,Bezirk Winterthur,261960,3,261960,0,3,3,0,4,0,0,0,5,1,0,0,0,0,2,22,227,12,12040
16082,608,Grosshöchstetten,2,Bern / Berne,10288,Verwaltungskreis Bern-Mittelland,351960,2,351960,0,6,2,0,2,351810,0,0,4,1,351910,351,2,0,2,22,227,6,6015
16083,872,Kirchdorf (BE),2,Bern / Berne,10288,Verwaltungskreis Bern-Mittelland,351960,3,351960,0,6,3,0,2,351810,0,0,4,1,351910,351,2,0,3,23,235,6,6013
16084,3668,Thusis,18,Graubünden / Grigioni / Grischun,10317,Region Viamala,0,2,0,0,1,2,0,5,0,0,0,0,1,0,0,0,1,2,31,317,16,16030
16085,3544,Bergün Filisur,18,Graubünden / Grigioni / Grischun,10307,Region Albula,0,3,0,0,1,3,0,5,0,0,0,0,1,0,0,0,1,3,33,334,16,16060
16086,3981,Breil/Brigels,18,Graubünden / Grigioni / Grischun,10316,Region Surselva,0,3,0,0,1,3,0,5,0,0,0,0,4,0,0,0,1,3,33,334,16,16010
16087,4104,Lupfig,19,Aargau,10023,Bezirk Brugg,0,2,0,0,14,2,0,3,0,0,0,5,1,0,0,0,0,2,21,217,12,12010
16089,6404,Boudry,24,Neuchâtel,10320,Canton de Neuchâtel,0,2,0,0,8,2,0,2,6458801,0,0,3,2,6458910,6458,3,1,1,12,122,3,3030
16091,6408,Cortaillod,24,Neuchâtel,10320,Canton de Neuchâtel,0,2,0,0,8,2,0,2,6458801,0,0,3,2,6458910,6458,3,1,1,12,123,3,3030
16093,6413,Rochefort,24,Neuchâtel,10320,Canton de Neuchâtel,0,3,0,0,8,3,0,2,6458810,0,0,4,2,6458910,6458,3,1,3,23,237,3,3030
16094,6416,Milvignes,24,Neuchâtel,10320,Canton de Neuchâtel,0,2,0,0,8,2,0,2,6458810,0,0,4,2,6458910,6458,3,0,2,21,217,3,3030
16095,6421,La Chaux-de-Fonds,24,Neuchâtel,10320,Canton de Neuchâtel,0,2,0,0,8,2,0,2,6421801,1,6421,1,2,6421901,6421,4,1,1,12,121,3,3020
16096,6422,Les Planchettes,24,Neuchâtel,10320,Canton de Neuchâtel,0,3,0,0,8,3,0,2,6421810,0,0,4,2,6421910,6421,4,1,3,23,235,3,3020
16097,6423,La Sagne,24,Neuchâtel,10320,Canton de Neuchâtel,0,3,0,0,8,3,0,2,6421810,0,0,4,2,6421910,6421,4,1,3,23,237,3,3020
16099,6432,La Brévine,24,Neuchâtel,10320,Canton de Neuchâtel,0,3,0,0,8,3,0,2,0,0,0,0,2,0,0,0,1,3,33,335,3,3020
16100,6433,Brot-Plamboz,24,Neuchâtel,10320,Canton de Neuchâtel,0,3,0,0,8,3,0,2,0,0,0,0,2,0,0,0,1,3,33,335,3,3020
16101,6434,Le Cerneux-Péquignot,24,Neuchâtel,10320,Canton de Neuchâtel,0,3,0,0,8,3,0,2,6421810,0,0,4,2,6421910,6421,4,1,3,23,235,3,3020
16102,6435,La Chaux-du-Milieu,24,Neuchâtel,10320,Canton de Neuchâtel,0,3,0,0,8,3,0,2,6421810,0,0,4,2,6421910,6421,4,1,3,23,235,3,3020
16104,6437,Les Ponts-de-Martel,24,Neuchâtel,10320,Canton de Neuchâtel,0,3,0,0,8,3,0,2,0,0,0,5,2,0,0,0,1,3,23,237,3,3020
16105,6451,Cornaux,24,Neuchâtel,10320,Canton de Neuchâtel,0,2,0,0,8,3,0,2,6458810,0,0,4,2,6458910,6458,3,0,2,22,226,3,3030
16106,6452,Cressier (NE),24,Neuchâtel,10320,Canton de Neuchâtel,0,2,0,0,8,3,0,2,6458810,0,0,4,2,6458910,6458,3,1,2,22,226,3,3030
16109,6455,Le Landeron,24,Neuchâtel,10320,Canton de Neuchâtel,0,2,0,0,8,2,0,2,6458810,0,0,4,2,6458910,6458,3,0,2,21,216,3,3030
16110,6456,Lignières,24,Neuchâtel,10320,Canton de Neuchâtel,0,3,0,0,8,3,0,2,0,0,0,5,2,0,0,0,1,3,23,237,3,3030
16115,6487,Val-de-Ruz,24,Neuchâtel,10320,Canton de Neuchâtel,0,3,0,0,8,3,0,2,6458810,0,0,4,2,6458910,6458,3,1,2,22,226,3,3030
16116,6504,La Côte-aux-Fées,24,Neuchâtel,10320,Canton de Neuchâtel,0,3,0,0,8,3,0,2,0,0,0,0,2,0,0,0,1,3,33,338,3,3010
16117,6511,Les Verrières,24,Neuchâtel,10320,Canton de Neuchâtel,0,3,0,0,8,3,0,2,0,0,0,0,2,0,0,0,1,3,33,338,3,3010
16118,6512,Val-de-Travers,24,Neuchâtel,10320,Canton de Neuchâtel,0,3,0,0,8,3,0,2,0,0,0,0,2,0,0,0,1,2,31,316,3,3010
16119,6730,Val Terbi,26,Jura,10224,District de Delémont,0,3,0,0,8,3,0,2,6711810,0,0,4,2,6711910,6711,5,1,2,22,226,5,5040
16120,6809,Haute-Ajoie,26,Jura,10226,District de Porrentruy,0,3,0,0,8,3,0,2,0,0,0,0,2,0,0,0,0,3,33,338,5,5010
16121,6417,La Grande Béroche,24,Neuchâtel,10320,Canton de Neuchâtel,0,3,0,0,8,3,0,2,6458810,0,0,4,2,6458910,6458,3,1,2,22,227,3,3030
16122,292,Stammheim,1,Zürich,10082,Bezirk Andelfingen,261960,3,261960,0,3,3,0,4,0,0,0,0,1,0,0,0,0,3,32,327,12,12040
16123,293,Wädenswil,1,Zürich,10078,Bezirk Horgen,261960,2,261960,0,3,2,0,4,261801,1,293,2,1,261910,261,1,0,1,11,113,12,12034
16124,304,Kallnach,2,Bern / Berne,10285,Verwaltungskreis Seeland,351960,3,351960,0,8,3,0,2,0,0,0,0,1,0,0,0,0,3,32,327,5,5030
16125,3714,Rheinwald,18,Graubünden / Grigioni / Grischun,10317,Region Viamala,0,3,0,0,1,3,0,5,0,0,0,0,1,0,0,0,1,3,33,338,16,16030
16126,4281,Reitnau,19,Aargau,10017,Bezirk Zofingen,0,3,0,0,14,3,0,3,0,0,0,0,1,0,0,0,0,3,32,326,10,10020
16127,6708,Courrendlin,26,Jura,10224,District de Delémont,0,3,0,0,8,3,0,2,6711810,0,0,4,2,6711910,6711,5,1,2,22,226,5,5040
16128,889,Thurnen,2,Bern / Berne,10288,Verwaltungskreis Bern-Mittelland,351960,3,351960,0,6,3,0,2,351810,0,0,4,1,351910,351,2,0,2,22,227,6,6013
16129,939,Steffisburg,2,Bern / Berne,10289,Verwaltungskreis Thun,351960,1,351960,942950,6,1,942950,2,942801,1,939,2,1,942910,942,4,0,1,12,123,9,9030
16130,981,Niederbipp,2,Bern / Berne,10286,Verwaltungskreis Oberaargau,0,2,0,0,6,2,0,2,0,0,0,6,1,0,92407,0,0,1,13,137,5,5060
16131,1123,Altishofen,3,Luzern,10302,Wahlkreis Willisau,0,2,0,0,4,2,0,6,0,0,0,0,1,0,0,0,0,2,31,317,11,11020
16132,2117,Villaz,10,Fribourg / Freiburg,10106,District de la Glâne,0,3,0,0,13,3,0,2,0,0,0,0,2,0,0,0,0,3,32,326,4,4030
16133,2237,Prez,10,Fribourg / Freiburg,10104,District de la Sarine,0,3,2196960,0,13,3,0,2,0,0,0,0,2,0,0,0,0,3,32,327,4,4030
16586,3785,La Punt Chamues-ch,18,Graubünden / Grigioni / Grischun,10312,Region Maloja,0,3,0,0,1,3,0,5,0,0,0,0,1,0,0,0,1,3,33,338,16,16100
16587,5138,Cugnasco-Gerra,21,Ticino,10004,Distretto di Locarno,0,2,0,0,12,2,0,7,5113801,0,0,2,3,5113910,5113,4,1,1,12,123,13,13020
16588,5112,Lavertezzo,21,Ticino,10004,Distretto di Locarno,0,2,0,0,12,2,0,7,5113801,0,0,2,3,5113910,5113,4,1,1,12,122,13,13020
16589,5399,Verzasca,21,Ticino,10004,Distretto di Locarno,0,3,0,0,12,3,0,7,5113810,0,0,4,3,5113910,5113,4,1,3,23,237,13,13020
16590,1030,Hitzkirch,3,Luzern,10300,Wahlkreis Hochdorf,0,3,0,0,4,3,0,6,0,0,0,0,1,0,0,0,0,2,31,316,11,11040
16591,1151,Willisau,3,Luzern,10302,Wahlkreis Willisau,0,2,0,0,4,2,0,6,0,0,0,0,1,0,0,0,0,2,31,317,11,11020
16592,1214,Seedorf (UR),4,Uri,10061,Kanton Uri,0,2,0,0,4,2,0,6,1201810,0,0,4,1,1201910,1201,5,1,2,22,226,11,11070
16593,2044,Surpierre,10,Fribourg / Freiburg,10107,District de la Broye,0,3,5586960,0,13,3,0,2,0,0,0,0,2,0,0,0,0,3,32,325,4,4010
16594,2238,Bois-d'Amont,10,Fribourg / Freiburg,10104,District de la Sarine,0,3,2196960,0,13,3,0,2,0,0,0,0,2,0,0,0,0,3,32,327,4,4030
16595,2306,Tafers,10,Fribourg / Freiburg,10102,Bezirk Sense,351960,3,2196960,0,13,3,0,2,0,0,0,5,1,0,0,0,0,3,23,237,4,4030
16596,2430,Welschenrohr-Gänsbrunnen,11,Solothurn,10231,Bezirk Thal,0,3,0,0,14,3,0,2,0,0,0,0,1,0,0,0,1,3,32,326,5,5060
16597,2499,Stüsslingen,11,Solothurn,10084,Bezirk Gösgen,0,3,4001960,0,14,3,0,2,0,0,0,5,1,0,0,0,1,3,23,237,10,10020
16598,3715,Muntogna da Schons,18,Graubünden / Grigioni / Grischun,10317,Region Viamala,0,3,0,0,1,3,0,5,0,0,0,0,1,0,0,0,1,3,33,335,16,16030
16600,5422,Aubonne,22,Vaud,10279,District de Morges,0,2,5586960,0,9,2,0,1,0,0,0,5,2,0,0,0,0,2,22,227,2,2021
16601,6037,Val de Bagnes,23,Valais / Wallis,10033,District d'Entremont,0,2,0,0,11,2,0,1,0,0,0,0,2,0,0,0,1,2,31,314,7,7020
16602,6136,Martigny,23,Valais / Wallis,10029,District de Martigny,0,2,0,0,11,2,0,1,6136801,1,6136,1,2,6136901,6136,5,1,1,13,137,7,7010
16603,6254,Noble-Contrée,23,Valais / Wallis,10178,District de Sierre,0,2,0,0,11,2,0,1,6248801,0,0,2,2,6248910,6248,5,1,1,13,137,7,7050
16604,6458,Neuchâtel,24,Neuchâtel,10320,Canton de Neuchâtel,0,2,0,0,8,2,0,2,6458801,1,6458,1,2,6458901,6458,3,0,1,12,121,3,3030
16605,6436,Le Locle,24,Neuchâtel,10320,Canton de Neuchâtel,0,2,0,0,8,2,0,2,6421801,1,6436,3,2,6421910,6421,4,1,1,12,122,3,3020
16606,329,Langenthal,2,Bern / Berne,10286,Verwaltungskreis Oberaargau,0,2,0,0,6,2,0,2,0,1,329,6,1,0,90329,0,0,1,13,137,10,10010
16607,409,Hindelbank,2,Bern / Berne,10287,Verwaltungskreis Emmental,351960,2,351960,0,6,2,0,2,351810,0,0,4,1,351910,351,2,0,2,22,227,6,6020
16608,879,Riggisberg,2,Bern / Berne,10288,Verwaltungskreis Bern-Mittelland,351960,3,351960,0,6,3,0,2,0,0,0,0,1,0,0,0,1,2,31,317,6,6013
16609,5713,Crans (VD),22,Vaud,10280,District de Nyon,6621960,2,6621960,0,9,2,0,1,6621810,0,0,4,2,6621910,6621,1,0,2,22,227,1,1014
16610,3871,Klosters,18,Graubünden / Grigioni / Grischun,10315,Region Prättigau / Davos,0,3,0,0,1,3,0,5,0,0,0,0,1,0,0,0,1,2,31,314,16,16080
16611,5239,Tresa,21,Ticino,10003,Distretto di Lugano,5192960,3,5192960,0,12,3,0,7,5192810,0,0,4,3,5192910,5192,3,1,2,22,226,14,14010
16612,5656,Hautemorges,22,Vaud,10279,District de Morges,5586960,3,5586960,0,9,3,0,1,5586810,0,0,4,2,5586910,5586,2,0,3,23,237,2,2022
16613,5511,Assens,22,Vaud,10275,District du Gros-de-Vaud,5586960,2,5586960,0,9,2,0,1,5586810,0,0,4,2,5586910,5586,2,0,3,23,236,2,2023
16614,2275,Murten,10,Fribourg / Freiburg,10103,Bezirk See / District du Lac,351960,2,351960,0,13,2,0,2,0,0,0,6,1,0,92275,0,0,1,13,137,6,6011
16615,4185,Böztal,19,Aargau,10021,Bezirk Laufenburg,0,3,0,0,14,3,0,3,0,0,0,5,1,0,0,0,0,3,23,237,12,12010
16616,4324,Zurzach,19,Aargau,10016,Bezirk Zurzach,261960,2,261960,0,14,2,0,3,0,0,0,5,1,0,0,0,0,2,21,217,12,12010
16617,5805,Oron,22,Vaud,10278,District de Lavaux-Oron,5586960,3,5586960,0,9,3,0,1,5586810,0,0,4,2,5586910,5586,2,0,2,22,227,2,2024
16618,5892,Blonay - Saint-Légier,22,Vaud,10282,District de la Riviera-Pays-d'Enhaut,5586960,2,5586960,0,9,2,0,1,5890801,0,0,2,2,5890910,5890,4,1,1,12,123,2,2050
16619,5240,Val Mara,21,Ticino,10003,Distretto di Lugano,5192960,2,5192960,0,12,2,0,7,5192810,0,0,4,3,5192910,5192,3,1,2,22,227,14,14020
16620,3112,Schwende-Rüte,16,Appenzell Innerrhoden,10252,Kanton Appenzell Innerrhoden,0,2,0,0,2,2,0,5,0,0,0,6,1,0,93101,0,1,1,13,134,15,15060
16621,291,Andelfingen,1,Zürich,10082,Bezirk Andelfingen,261960,3,261960,0,3,3,0,4,0,0,0,5,1,0,0,0,0,2,21,216,12,12040
16622,546,Münchenbuchsee,2,Bern / Berne,10288,Verwaltungskreis Bern-Mittelland,351960,2,351960,0,6,2,0,2,351810,1,546,4,1,351910,351,2,0,2,21,217,6,6014
16623,3396,Neckertal,17,St. Gallen,10264,Wahlkreis Toggenburg,0,3,0,0,2,3,0,5,0,0,0,0,1,0,0,0,1,3,32,327,15,15050
16624,6743,Les Breuleux,26,Jura,10225,District des Franches-Montagnes,0,3,0,0,8,3,0,2,0,0,0,0,2,0,0,0,1,3,32,326,3,3040
16625,4139,Menziken,19,Aargau,10022,Bezirk Kulm,0,2,0,0,14,2,0,3,4141801,0,0,2,1,4141910,4141,5,0,1,13,137,10,10020
16626,4186,Herznach-Ueken,19,Aargau,10021,Bezirk Laufenburg,0,3,0,0,14,3,0,3,0,0,0,5,1,0,0,0,0,2,22,227,8,8015
16627,6811,Damphreux-Lugnez,26,Jura,10226,District de Porrentruy,0,3,0,0,8,3,0,2,0,0,0,0,2,0,0,0,0,3,33,335,5,5010
16651,767,Reutigen,2,Bern / Berne,10289,Verwaltungskreis Thun,351960,3,351960,0,6,3,0,2,0,0,0,5,1,0,0,0,1,3,23,237,9,9030
16652,992,Wangen an der Aare,2,Bern / Berne,10286,Verwaltungskreis Oberaargau,0,2,0,0,6,3,0,2,0,0,0,0,1,0,0,0,0,3,32,327,5,5060
16653,2465,Buchegg,11,Solothurn,10100,Bezirk Bucheggberg,0,3,0,0,14,3,0,2,0,0,0,5,1,0,0,0,0,3,23,237,5,5060
16654,6812,Basse-Vendline,26,Jura,10226,District de Porrentruy,0,3,0,0,8,3,0,2,0,0,0,0,2,0,0,0,0,3,33,338,5,5010
16655,4021,Baden,19,Aargau,10025,Bezirk Baden,261960,2,261960,0,3,2,0,3,4021801,1,4021,1,1,4021901,4021,3,0,1,12,121,12,12010
16656,62,Kloten,1,Zürich,10081,Bezirk Bülach,261960,1,261960,261950,3,1,261950,4,261801,1,62,2,1,261910,261,1,0,1,11,112,12,12032
16657,64,Nürensdorf,1,Zürich,10081,Bezirk Bülach,261960,2,261960,0,3,2,0,4,261810,0,0,4,1,261910,261,1,0,2,22,227,12,12032
16658,3901,Chur,18,Graubünden / Grigioni / Grischun,10314,Region Plessur,0,2,0,0,1,2,0,5,3901801,1,3901,1,1,3901901,3901,4,1,1,12,121,16,16050
16659,1065,Root,3,Luzern,10299,Wahlkreis Luzern-Land,1061960,2,1061960,0,4,2,0,6,1061810,0,0,4,1,1061910,1061,3,0,2,21,216,11,11040
16660,2097,Rue,10,Fribourg / Freiburg,10106,District de la Glâne,5586960,3,5586960,0,13,3,0,2,5586810,0,0,4,2,5586910,5586,2,0,3,23,235,2,2024
16661,2102,Ursy,10,Fribourg / Freiburg,10106,District de la Glâne,5586960,3,5586960,0,13,3,0,2,0,0,0,0,2,0,0,0,0,3,32,326,2,2024
16662,2239,Grolley-Ponthaux,10,Fribourg / Freiburg,10104,District de la Sarine,0,3,2196960,0,13,3,0,2,2196810,0,0,4,2,2196910,2196,4,0,2,22,227,4,4030
16663,6513,Laténa,24,Neuchâtel,10320,Canton de Neuchâtel,0,2,0,0,8,2,0,2,6458801,1,6513,2,2,6458910,6458,3,1,1,12,122,3,3030
16664,5073,Giornico,21,Ticino,10005,Distretto di Leventina,0,3,0,0,12,3,0,7,0,0,0,0,3,0,0,0,1,3,33,338,13,13030
16665,5079,Quinto,21,Ticino,10005,Distretto di Leventina,0,3,0,0,12,3,0,7,0,0,0,0,3,0,0,0,1,3,33,338,13,13010
16666,5395,Lema,21,Ticino,10003,Distretto di Lugano,5192960,3,5192960,0,12,3,0,7,5192810,0,0,4,3,5192910,5192,3,1,2,22,227,14,14010
16667,2406,Oberbuchsiten,11,Solothurn,10230,Bezirk Gäu,0,2,0,0,14,2,0,2,0,0,0,0,1,0,0,0,1,3,32,327,5,5060
16668,2404,Neuendorf,11,Solothurn,10230,Bezirk Gäu,0,2,0,0,14,2,0,2,0,0,0,0,1,0,0,0,0,3,32,327,10,10020
16669,6831,Moutier,26,Jura,10321,District de Moutier,0,2,0,0,8,2,0,2,0,0,0,0,2,0,0,0,1,2,31,316,5,5050
16670,2056,Fétigny-Ménières,10,Fribourg / Freiburg,10107,District de la Broye,0,3,0,0,13,3,0,2,0,0,0,0,2,0,0,0,0,3,32,327,4,4010
16671,2262,Gurmels,10,Fribourg / Freiburg,10103,Bezirk See / District du Lac,351960,3,351960,0,13,3,0,2,0,0,0,0,1,0,0,0,0,3,32,327,6,6011
16672,2525,Kriegstetten,11,Solothurn,10232,Bezirk Wasseramt,0,2,0,0,14,2,0,2,0,0,0,5,1,0,0,0,0,2,21,217,5,5060
16673,4095,Brugg,19,Aargau,10023,Bezirk Brugg,0,2,261960,0,14,2,0,3,4021801,1,4095,2,1,4021910,4021,3,0,1,12,122,12,12010
